Nama_Obat,Satuan,Periode,Pemakaian,Ada_Laporan,Is_Imputed
ATS Biosat,Ampul,2024-01-01,0,False,False
ATS Biosat,Ampul,2024-02-01,0,False,False
ATS Biosat,Ampul,2024-03-01,0,False,False
ATS Biosat,Ampul,2024-04-01,0,False,False
ATS Biosat,Ampul,2024-05-01,0,False,False
ATS Biosat,Ampul,2024-06-01,0,True,False
ATS Biosat,Ampul,2024-07-01,0,True,False
ATS Biosat,Ampul,2024-08-01,1,True,False
ATS Biosat,Ampul,2024-09-01,0,True,False
ATS Biosat,Ampul,2024-10-01,0,True,False
ATS Biosat,Ampul,2024-11-01,0,True,False
ATS Biosat,Ampul,2024-12-01,0,True,False
ATS Biosat,Ampul,2025-01-01,0,False,False
ATS Biosat,Ampul,2025-02-01,0,False,False
ATS Biosat,Ampul,2025-03-01,0,False,False
ATS Biosat,Ampul,2025-04-01,0,False,True
ATS Biosat,Ampul,2025-05-01,0,False,False
ATS Biosat,Ampul,2025-06-01,0,False,False
ATS Biosat,Ampul,2025-07-01,0,False,False
ATS Biosat,Ampul,2025-08-01,0,False,False
ATS Biosat,Ampul,2025-09-01,0,False,False
ATS Biosat,Ampul,2025-10-01,0,False,False
ATS Biosat,Ampul,2025-11-01,0,False,False
ATS Biosat,Ampul,2025-12-01,0,False,False
ATS Biosat,Ampul,2026-01-01,0,False,False
ATS Biosat,Ampul,2026-02-01,0,False,False
Acarbose 50 mg,Tablet,2024-01-01,0,True,False
Acarbose 50 mg,Tablet,2024-02-01,0,True,False
Acarbose 50 mg,Tablet,2024-03-01,0,True,False
Acarbose 50 mg,Tablet,2024-04-01,0,True,False
Acarbose 50 mg,Tablet,2024-05-01,0,True,False
Acarbose 50 mg,Tablet,2024-06-01,50,True,False
Acarbose 50 mg,Tablet,2024-07-01,730,True,False
Acarbose 50 mg,Tablet,2024-08-01,700,True,False
Acarbose 50 mg,Tablet,2024-09-01,251,True,False
Acarbose 50 mg,Tablet,2024-10-01,739,True,False
Acarbose 50 mg,Tablet,2024-11-01,460,True,False
Acarbose 50 mg,Tablet,2024-12-01,70,True,False
Acarbose 50 mg,Tablet,2025-01-01,0,True,False
Acarbose 50 mg,Tablet,2025-02-01,0,True,False
Acarbose 50 mg,Tablet,2025-03-01,0,True,False
Acarbose 50 mg,Tablet,2025-04-01,0,False,True
Acarbose 50 mg,Tablet,2025-05-01,0,True,False
Acarbose 50 mg,Tablet,2025-06-01,0,True,False
Acarbose 50 mg,Tablet,2025-07-01,0,True,False
Acarbose 50 mg,Tablet,2025-08-01,0,True,False
Acarbose 50 mg,Tablet,2025-09-01,0,True,False
Acarbose 50 mg,Tablet,2025-10-01,0,True,False
Acarbose 50 mg,Tablet,2025-11-01,0,True,False
Acarbose 50 mg,Tablet,2025-12-01,0,True,False
Acarbose 50 mg,Tablet,2026-01-01,0,False,False
Acarbose 50 mg,Tablet,2026-02-01,0,False,False
Acetylcystein 200 mg,Tablet,2024-01-01,110,True,False
Acetylcystein 200 mg,Tablet,2024-02-01,140,True,False
Acetylcystein 200 mg,Tablet,2024-03-01,50,True,False
Acetylcystein 200 mg,Tablet,2024-04-01,0,True,False
Acetylcystein 200 mg,Tablet,2024-05-01,0,True,False
Acetylcystein 200 mg,Tablet,2024-06-01,0,True,False
Acetylcystein 200 mg,Tablet,2024-07-01,0,True,False
Acetylcystein 200 mg,Tablet,2024-08-01,0,True,False
Acetylcystein 200 mg,Tablet,2024-09-01,0,True,False
Acetylcystein 200 mg,Tablet,2024-10-01,0,True,False
Acetylcystein 200 mg,Tablet,2024-11-01,0,True,False
Acetylcystein 200 mg,Tablet,2024-12-01,0,True,False
Acetylcystein 200 mg,Tablet,2025-01-01,0,False,False
Acetylcystein 200 mg,Tablet,2025-02-01,0,False,False
Acetylcystein 200 mg,Tablet,2025-03-01,0,False,False
Acetylcystein 200 mg,Tablet,2025-04-01,0,False,True
Acetylcystein 200 mg,Tablet,2025-05-01,0,False,False
Acetylcystein 200 mg,Tablet,2025-06-01,0,False,False
Acetylcystein 200 mg,Tablet,2025-07-01,0,False,False
Acetylcystein 200 mg,Tablet,2025-08-01,0,False,False
Acetylcystein 200 mg,Tablet,2025-09-01,0,False,False
Acetylcystein 200 mg,Tablet,2025-10-01,0,False,False
Acetylcystein 200 mg,Tablet,2025-11-01,0,False,False
Acetylcystein 200 mg,Tablet,2025-12-01,0,False,False
Acetylcystein 200 mg,Tablet,2026-01-01,0,False,False
Acetylcystein 200 mg,Tablet,2026-02-01,0,False,False
Acyclovir 200 mg tab,Tidak Diketahui,2024-01-01,0,False,False
Acyclovir 200 mg tab,Tidak Diketahui,2024-02-01,0,False,False
Acyclovir 200 mg tab,Tidak Diketahui,2024-03-01,0,False,False
Acyclovir 200 mg tab,Tidak Diketahui,2024-04-01,0,False,False
Acyclovir 200 mg tab,Tidak Diketahui,2024-05-01,0,False,False
Acyclovir 200 mg tab,Tidak Diketahui,2024-06-01,0,False,False
Acyclovir 200 mg tab,Tidak Diketahui,2024-07-01,0,False,False
Acyclovir 200 mg tab,Tidak Diketahui,2024-08-01,0,False,False
Acyclovir 200 mg tab,Tidak Diketahui,2024-09-01,0,False,False
Acyclovir 200 mg tab,Tidak Diketahui,2024-10-01,0,False,False
Acyclovir 200 mg tab,Tidak Diketahui,2024-11-01,0,False,False
Acyclovir 200 mg tab,Tidak Diketahui,2024-12-01,0,False,False
Acyclovir 200 mg tab,Tidak Diketahui,2025-01-01,0,True,False
Acyclovir 200 mg tab,Tidak Diketahui,2025-02-01,0,True,False
Acyclovir 200 mg tab,Tidak Diketahui,2025-03-01,0,True,False
Acyclovir 200 mg tab,Tidak Diketahui,2025-04-01,0,False,True
Acyclovir 200 mg tab,Tidak Diketahui,2025-05-01,0,True,False
Acyclovir 200 mg tab,Tidak Diketahui,2025-06-01,0,True,False
Acyclovir 200 mg tab,Tidak Diketahui,2025-07-01,0,True,False
Acyclovir 200 mg tab,Tidak Diketahui,2025-08-01,0,True,False
Acyclovir 200 mg tab,Tidak Diketahui,2025-09-01,0,True,False
Acyclovir 200 mg tab,Tidak Diketahui,2025-10-01,0,True,False
Acyclovir 200 mg tab,Tidak Diketahui,2025-11-01,0,True,False
Acyclovir 200 mg tab,Tidak Diketahui,2025-12-01,0,True,False
Acyclovir 200 mg tab,Tidak Diketahui,2026-01-01,0,False,False
Acyclovir 200 mg tab,Tidak Diketahui,2026-02-01,0,False,False
Acyclovir 400 mg,Tablet,2024-01-01,180,True,False
Acyclovir 400 mg,Tablet,2024-02-01,250,True,False
Acyclovir 400 mg,Tablet,2024-03-01,0,True,False
Acyclovir 400 mg,Tablet,2024-04-01,106,True,False
Acyclovir 400 mg,Tablet,2024-05-01,194,True,False
Acyclovir 400 mg,Tablet,2024-06-01,930,True,False
Acyclovir 400 mg,Tablet,2024-07-01,20,True,False
Acyclovir 400 mg,Tablet,2024-08-01,120,True,False
Acyclovir 400 mg,Tablet,2024-09-01,110,True,False
Acyclovir 400 mg,Tablet,2024-10-01,300,True,False
Acyclovir 400 mg,Tablet,2024-11-01,200,True,False
Acyclovir 400 mg,Tablet,2024-12-01,60,True,False
Acyclovir 400 mg,Tablet,2025-01-01,429,True,False
Acyclovir 400 mg,Tablet,2025-02-01,0,True,False
Acyclovir 400 mg,Tablet,2025-03-01,0,True,False
Acyclovir 400 mg,Tablet,2025-04-01,1495,False,True
Acyclovir 400 mg,Tablet,2025-05-01,2990,True,False
Acyclovir 400 mg,Tablet,2025-06-01,40,True,False
Acyclovir 400 mg,Tablet,2025-07-01,30,True,False
Acyclovir 400 mg,Tablet,2025-08-01,70,True,False
Acyclovir 400 mg,Tablet,2025-09-01,150,True,False
Acyclovir 400 mg,Tablet,2025-10-01,210,True,False
Acyclovir 400 mg,Tablet,2025-11-01,365,True,False
Acyclovir 400 mg,Tablet,2025-12-01,2195,True,False
Acyclovir 400 mg,Tablet,2026-01-01,100,True,False
Acyclovir 400 mg,Tablet,2026-02-01,40,True,False
Acyclovir 5% cream,Tube,2024-01-01,16,True,False
Acyclovir 5% cream,Tube,2024-02-01,8,True,False
Acyclovir 5% cream,Tube,2024-03-01,5,True,False
Acyclovir 5% cream,Tube,2024-04-01,32,True,False
Acyclovir 5% cream,Tube,2024-05-01,13,True,False
Acyclovir 5% cream,Tube,2024-06-01,15,True,False
Acyclovir 5% cream,Tube,2024-07-01,0,True,False
Acyclovir 5% cream,Tube,2024-08-01,0,True,False
Acyclovir 5% cream,Tube,2024-09-01,1,True,False
Acyclovir 5% cream,Tube,2024-10-01,15,True,False
Acyclovir 5% cream,Tube,2024-11-01,12,True,False
Acyclovir 5% cream,Tube,2024-12-01,2,True,False
Acyclovir 5% cream,Tube,2025-01-01,9,True,False
Acyclovir 5% cream,Tube,2025-02-01,1,True,False
Acyclovir 5% cream,Tube,2025-03-01,0,True,False
Acyclovir 5% cream,Tube,2025-04-01,5,False,True
Acyclovir 5% cream,Tube,2025-05-01,10,True,False
Acyclovir 5% cream,Tube,2025-06-01,5,True,False
Acyclovir 5% cream,Tube,2025-07-01,4,True,False
Acyclovir 5% cream,Tube,2025-08-01,30,True,False
Acyclovir 5% cream,Tube,2025-09-01,4,True,False
Acyclovir 5% cream,Tube,2025-10-01,19,True,False
Acyclovir 5% cream,Tube,2025-11-01,14,True,False
Acyclovir 5% cream,Tube,2025-12-01,18,True,False
Acyclovir 5% cream,Tube,2026-01-01,8,True,False
Acyclovir 5% cream,Tube,2026-02-01,4,True,False
Alanin Transmirase (ALTL) cobas,Tidak Diketahui,2024-01-01,0,False,False
Alanin Transmirase (ALTL) cobas,Tidak Diketahui,2024-02-01,0,False,False
Alanin Transmirase (ALTL) cobas,Tidak Diketahui,2024-03-01,0,False,False
Alanin Transmirase (ALTL) cobas,Tidak Diketahui,2024-04-01,0,False,False
Alanin Transmirase (ALTL) cobas,Tidak Diketahui,2024-05-01,0,False,False
Alanin Transmirase (ALTL) cobas,Tidak Diketahui,2024-06-01,0,False,False
Alanin Transmirase (ALTL) cobas,Tidak Diketahui,2024-07-01,0,False,False
Alanin Transmirase (ALTL) cobas,Tidak Diketahui,2024-08-01,0,False,False
Alanin Transmirase (ALTL) cobas,Tidak Diketahui,2024-09-01,0,False,False
Alanin Transmirase (ALTL) cobas,Tidak Diketahui,2024-10-01,0,False,False
Alanin Transmirase (ALTL) cobas,Tidak Diketahui,2024-11-01,0,False,False
Alanin Transmirase (ALTL) cobas,Tidak Diketahui,2024-12-01,0,False,False
Alanin Transmirase (ALTL) cobas,Tidak Diketahui,2025-01-01,0,True,False
Alanin Transmirase (ALTL) cobas,Tidak Diketahui,2025-02-01,0,True,False
Alanin Transmirase (ALTL) cobas,Tidak Diketahui,2025-03-01,0,True,False
Alanin Transmirase (ALTL) cobas,Tidak Diketahui,2025-04-01,0,False,True
Alanin Transmirase (ALTL) cobas,Tidak Diketahui,2025-05-01,0,True,False
Alanin Transmirase (ALTL) cobas,Tidak Diketahui,2025-06-01,0,True,False
Alanin Transmirase (ALTL) cobas,Tidak Diketahui,2025-07-01,0,True,False
Alanin Transmirase (ALTL) cobas,Tidak Diketahui,2025-08-01,0,True,False
Alanin Transmirase (ALTL) cobas,Tidak Diketahui,2025-09-01,0,True,False
Alanin Transmirase (ALTL) cobas,Tidak Diketahui,2025-10-01,0,True,False
Alanin Transmirase (ALTL) cobas,Tidak Diketahui,2025-11-01,0,True,False
Alanin Transmirase (ALTL) cobas,Tidak Diketahui,2025-12-01,0,True,False
Alanin Transmirase (ALTL) cobas,Tidak Diketahui,2026-01-01,0,False,False
Alanin Transmirase (ALTL) cobas,Tidak Diketahui,2026-02-01,0,False,False
Albendazol 200 mg/5 ml susp,Botol,2024-01-01,0,True,False
Albendazol 200 mg/5 ml susp,Botol,2024-02-01,0,True,False
Albendazol 200 mg/5 ml susp,Botol,2024-03-01,0,True,False
Albendazol 200 mg/5 ml susp,Botol,2024-04-01,0,True,False
Albendazol 200 mg/5 ml susp,Botol,2024-05-01,0,True,False
Albendazol 200 mg/5 ml susp,Botol,2024-06-01,0,True,False
Albendazol 200 mg/5 ml susp,Botol,2024-07-01,0,True,False
Albendazol 200 mg/5 ml susp,Botol,2024-08-01,0,True,False
Albendazol 200 mg/5 ml susp,Botol,2024-09-01,10,True,False
Albendazol 200 mg/5 ml susp,Botol,2024-10-01,0,True,False
Albendazol 200 mg/5 ml susp,Botol,2024-11-01,0,True,False
Albendazol 200 mg/5 ml susp,Botol,2024-12-01,0,True,False
Albendazol 200 mg/5 ml susp,Botol,2025-01-01,0,True,False
Albendazol 200 mg/5 ml susp,Botol,2025-02-01,0,True,False
Albendazol 200 mg/5 ml susp,Botol,2025-03-01,0,True,False
Albendazol 200 mg/5 ml susp,Botol,2025-04-01,0,False,True
Albendazol 200 mg/5 ml susp,Botol,2025-05-01,0,True,False
Albendazol 200 mg/5 ml susp,Botol,2025-06-01,0,True,False
Albendazol 200 mg/5 ml susp,Botol,2025-07-01,0,True,False
Albendazol 200 mg/5 ml susp,Botol,2025-08-01,0,True,False
Albendazol 200 mg/5 ml susp,Botol,2025-09-01,0,True,False
Albendazol 200 mg/5 ml susp,Botol,2025-10-01,0,True,False
Albendazol 200 mg/5 ml susp,Botol,2025-11-01,0,True,False
Albendazol 200 mg/5 ml susp,Botol,2025-12-01,0,True,False
Albendazol 200 mg/5 ml susp,Botol,2026-01-01,0,False,False
Albendazol 200 mg/5 ml susp,Botol,2026-02-01,0,False,False
Albendazol syrup,Botol 10 Ml,2024-01-01,0,False,False
Albendazol syrup,Botol 10 Ml,2024-02-01,0,False,False
Albendazol syrup,Botol 10 Ml,2024-03-01,0,False,False
Albendazol syrup,Botol 10 Ml,2024-04-01,0,False,False
Albendazol syrup,Botol 10 Ml,2024-05-01,0,False,False
Albendazol syrup,Botol 10 Ml,2024-06-01,0,False,False
Albendazol syrup,Botol 10 Ml,2024-07-01,0,False,False
Albendazol syrup,Botol 10 Ml,2024-08-01,0,False,False
Albendazol syrup,Botol 10 Ml,2024-09-01,0,False,False
Albendazol syrup,Botol 10 Ml,2024-10-01,0,False,False
Albendazol syrup,Botol 10 Ml,2024-11-01,0,False,False
Albendazol syrup,Botol 10 Ml,2024-12-01,0,False,False
Albendazol syrup,Botol 10 Ml,2025-01-01,0,True,False
Albendazol syrup,Botol 10 Ml,2025-02-01,0,True,False
Albendazol syrup,Botol 10 Ml,2025-03-01,0,True,False
Albendazol syrup,Botol 10 Ml,2025-04-01,0,False,True
Albendazol syrup,Botol 10 Ml,2025-05-01,1,True,False
Albendazol syrup,Botol 10 Ml,2025-06-01,0,True,False
Albendazol syrup,Botol 10 Ml,2025-07-01,0,True,False
Albendazol syrup,Botol 10 Ml,2025-08-01,27,True,False
Albendazol syrup,Botol 10 Ml,2025-09-01,0,True,False
Albendazol syrup,Botol 10 Ml,2025-10-01,0,True,False
Albendazol syrup,Botol 10 Ml,2025-11-01,0,True,False
Albendazol syrup,Botol 10 Ml,2025-12-01,0,True,False
Albendazol syrup,Botol 10 Ml,2026-01-01,0,False,False
Albendazol syrup,Botol 10 Ml,2026-02-01,0,False,False
Albendazole 400 mg,Tablet,2024-01-01,0,True,False
Albendazole 400 mg,Tablet,2024-02-01,0,True,False
Albendazole 400 mg,Tablet,2024-03-01,2800,True,False
Albendazole 400 mg,Tablet,2024-04-01,6445,True,False
Albendazole 400 mg,Tablet,2024-05-01,0,True,False
Albendazole 400 mg,Tablet,2024-06-01,0,True,False
Albendazole 400 mg,Tablet,2024-07-01,0,True,False
Albendazole 400 mg,Tablet,2024-08-01,755,True,False
Albendazole 400 mg,Tablet,2024-09-01,1440,True,False
Albendazole 400 mg,Tablet,2024-10-01,7960,True,False
Albendazole 400 mg,Tablet,2024-11-01,800,True,False
Albendazole 400 mg,Tablet,2024-12-01,0,True,False
Albendazole 400 mg,Tablet,2025-01-01,0,True,False
Albendazole 400 mg,Tablet,2025-02-01,0,True,False
Albendazole 400 mg,Tablet,2025-03-01,9380,True,False
Albendazole 400 mg,Tablet,2025-04-01,4940,False,True
Albendazole 400 mg,Tablet,2025-05-01,500,True,False
Albendazole 400 mg,Tablet,2025-06-01,0,True,False
Albendazole 400 mg,Tablet,2025-07-01,0,True,False
Albendazole 400 mg,Tablet,2025-08-01,500,True,False
Albendazole 400 mg,Tablet,2025-09-01,9200,True,False
Albendazole 400 mg,Tablet,2025-10-01,800,True,False
Albendazole 400 mg,Tablet,2025-11-01,0,True,False
Albendazole 400 mg,Tablet,2025-12-01,0,True,False
Albendazole 400 mg,Tablet,2026-01-01,3500,True,False
Albendazole 400 mg,Tablet,2026-02-01,3600,True,False
Allopurinol 100 mg,Tablet,2024-01-01,580,True,False
Allopurinol 100 mg,Tablet,2024-02-01,920,True,False
Allopurinol 100 mg,Tablet,2024-03-01,450,True,False
Allopurinol 100 mg,Tablet,2024-04-01,1070,True,False
Allopurinol 100 mg,Tablet,2024-05-01,980,True,False
Allopurinol 100 mg,Tablet,2024-06-01,950,True,False
Allopurinol 100 mg,Tablet,2024-07-01,1230,True,False
Allopurinol 100 mg,Tablet,2024-08-01,1190,True,False
Allopurinol 100 mg,Tablet,2024-09-01,1025,True,False
Allopurinol 100 mg,Tablet,2024-10-01,40,True,False
Allopurinol 100 mg,Tablet,2024-11-01,715,True,False
Allopurinol 100 mg,Tablet,2024-12-01,186,True,False
Allopurinol 100 mg,Tablet,2025-01-01,575,True,False
Allopurinol 100 mg,Tablet,2025-02-01,779,True,False
Allopurinol 100 mg,Tablet,2025-03-01,280,True,False
Allopurinol 100 mg,Tablet,2025-04-01,422,False,True
Allopurinol 100 mg,Tablet,2025-05-01,565,True,False
Allopurinol 100 mg,Tablet,2025-06-01,590,True,False
Allopurinol 100 mg,Tablet,2025-07-01,840,True,False
Allopurinol 100 mg,Tablet,2025-08-01,375,True,False
Allopurinol 100 mg,Tablet,2025-09-01,890,True,False
Allopurinol 100 mg,Tablet,2025-10-01,870,True,False
Allopurinol 100 mg,Tablet,2025-11-01,750,True,False
Allopurinol 100 mg,Tablet,2025-12-01,850,True,False
Allopurinol 100 mg,Tablet,2026-01-01,1030,True,False
Allopurinol 100 mg,Tablet,2026-02-01,480,True,False
Alpara,Tablet,2024-01-01,1300,True,False
Alpara,Tablet,2024-02-01,1050,True,False
Alpara,Tablet,2024-03-01,1350,True,False
Alpara,Tablet,2024-04-01,850,True,False
Alpara,Tablet,2024-05-01,1400,True,False
Alpara,Tablet,2024-06-01,750,True,False
Alpara,Tablet,2024-07-01,1350,True,False
Alpara,Tablet,2024-08-01,1530,True,False
Alpara,Tablet,2024-09-01,1752,True,False
Alpara,Tablet,2024-10-01,918,True,False
Alpara,Tablet,2024-11-01,0,True,False
Alpara,Tablet,2024-12-01,1500,True,False
Alpara,Tablet,2025-01-01,0,True,False
Alpara,Tablet,2025-02-01,20,True,False
Alpara,Tablet,2025-03-01,586,True,False
Alpara,Tablet,2025-04-01,476,False,True
Alpara,Tablet,2025-05-01,366,True,False
Alpara,Tablet,2025-06-01,1578,True,False
Alpara,Tablet,2025-07-01,1454,True,False
Alpara,Tablet,2025-08-01,1500,True,False
Alpara,Tablet,2025-09-01,2394,True,False
Alpara,Tablet,2025-10-01,1854,True,False
Alpara,Tablet,2025-11-01,2086,True,False
Alpara,Tablet,2025-12-01,1298,True,False
Alpara,Tablet,2026-01-01,1047,True,False
Alpara,Tablet,2026-02-01,1427,True,False
Alvogyl (Septodont),Botol 10 G,2024-01-01,0,False,False
Alvogyl (Septodont),Botol 10 G,2024-02-01,0,False,False
Alvogyl (Septodont),Botol 10 G,2024-03-01,0,False,False
Alvogyl (Septodont),Botol 10 G,2024-04-01,0,False,False
Alvogyl (Septodont),Botol 10 G,2024-05-01,0,False,False
Alvogyl (Septodont),Botol 10 G,2024-06-01,0,False,False
Alvogyl (Septodont),Botol 10 G,2024-07-01,0,False,False
Alvogyl (Septodont),Botol 10 G,2024-08-01,0,False,False
Alvogyl (Septodont),Botol 10 G,2024-09-01,0,False,False
Alvogyl (Septodont),Botol 10 G,2024-10-01,0,False,False
Alvogyl (Septodont),Botol 10 G,2024-11-01,0,False,False
Alvogyl (Septodont),Botol 10 G,2024-12-01,0,False,False
Alvogyl (Septodont),Botol 10 G,2025-01-01,0,True,False
Alvogyl (Septodont),Botol 10 G,2025-02-01,0,True,False
Alvogyl (Septodont),Botol 10 G,2025-03-01,0,True,False
Alvogyl (Septodont),Botol 10 G,2025-04-01,0,False,True
Alvogyl (Septodont),Botol 10 G,2025-05-01,0,True,False
Alvogyl (Septodont),Botol 10 G,2025-06-01,0,True,False
Alvogyl (Septodont),Botol 10 G,2025-07-01,0,True,False
Alvogyl (Septodont),Botol 10 G,2025-08-01,0,True,False
Alvogyl (Septodont),Botol 10 G,2025-09-01,0,True,False
Alvogyl (Septodont),Botol 10 G,2025-10-01,0,True,False
Alvogyl (Septodont),Botol 10 G,2025-11-01,0,True,False
Alvogyl (Septodont),Botol 10 G,2025-12-01,0,True,False
Alvogyl (Septodont),Botol 10 G,2026-01-01,0,False,False
Alvogyl (Septodont),Botol 10 G,2026-02-01,0,False,False
Alvogyl (septodont),Botol 10 G,2024-01-01,0,True,False
Alvogyl (septodont),Botol 10 G,2024-02-01,0,True,False
Alvogyl (septodont),Botol 10 G,2024-03-01,0,True,False
Alvogyl (septodont),Botol 10 G,2024-04-01,0,True,False
Alvogyl (septodont),Botol 10 G,2024-05-01,0,True,False
Alvogyl (septodont),Botol 10 G,2024-06-01,0,True,False
Alvogyl (septodont),Botol 10 G,2024-07-01,0,True,False
Alvogyl (septodont),Botol 10 G,2024-08-01,0,True,False
Alvogyl (septodont),Botol 10 G,2024-09-01,0,True,False
Alvogyl (septodont),Botol 10 G,2024-10-01,0,True,False
Alvogyl (septodont),Botol 10 G,2024-11-01,0,True,False
Alvogyl (septodont),Botol 10 G,2024-12-01,0,True,False
Alvogyl (septodont),Botol 10 G,2025-01-01,0,False,False
Alvogyl (septodont),Botol 10 G,2025-02-01,0,False,False
Alvogyl (septodont),Botol 10 G,2025-03-01,0,False,False
Alvogyl (septodont),Botol 10 G,2025-04-01,0,False,True
Alvogyl (septodont),Botol 10 G,2025-05-01,0,False,False
Alvogyl (septodont),Botol 10 G,2025-06-01,0,False,False
Alvogyl (septodont),Botol 10 G,2025-07-01,0,False,False
Alvogyl (septodont),Botol 10 G,2025-08-01,0,False,False
Alvogyl (septodont),Botol 10 G,2025-09-01,0,False,False
Alvogyl (septodont),Botol 10 G,2025-10-01,0,False,False
Alvogyl (septodont),Botol 10 G,2025-11-01,0,False,False
Alvogyl (septodont),Botol 10 G,2025-12-01,0,False,False
Alvogyl (septodont),Botol 10 G,2026-01-01,0,False,False
Alvogyl (septodont),Botol 10 G,2026-02-01,0,False,False
Ambroxol 15mg/5ml syrup,Tidak Diketahui,2024-01-01,0,False,False
Ambroxol 15mg/5ml syrup,Tidak Diketahui,2024-02-01,0,False,False
Ambroxol 15mg/5ml syrup,Tidak Diketahui,2024-03-01,0,False,False
Ambroxol 15mg/5ml syrup,Tidak Diketahui,2024-04-01,0,False,False
Ambroxol 15mg/5ml syrup,Tidak Diketahui,2024-05-01,0,False,False
Ambroxol 15mg/5ml syrup,Tidak Diketahui,2024-06-01,0,False,False
Ambroxol 15mg/5ml syrup,Tidak Diketahui,2024-07-01,0,False,False
Ambroxol 15mg/5ml syrup,Tidak Diketahui,2024-08-01,0,False,False
Ambroxol 15mg/5ml syrup,Tidak Diketahui,2024-09-01,0,False,False
Ambroxol 15mg/5ml syrup,Tidak Diketahui,2024-10-01,0,False,False
Ambroxol 15mg/5ml syrup,Tidak Diketahui,2024-11-01,0,False,False
Ambroxol 15mg/5ml syrup,Tidak Diketahui,2024-12-01,0,False,False
Ambroxol 15mg/5ml syrup,Tidak Diketahui,2025-01-01,0,True,False
Ambroxol 15mg/5ml syrup,Tidak Diketahui,2025-02-01,0,True,False
Ambroxol 15mg/5ml syrup,Tidak Diketahui,2025-03-01,0,True,False
Ambroxol 15mg/5ml syrup,Tidak Diketahui,2025-04-01,0,False,True
Ambroxol 15mg/5ml syrup,Tidak Diketahui,2025-05-01,0,True,False
Ambroxol 15mg/5ml syrup,Tidak Diketahui,2025-06-01,0,True,False
Ambroxol 15mg/5ml syrup,Tidak Diketahui,2025-07-01,0,True,False
Ambroxol 15mg/5ml syrup,Tidak Diketahui,2025-08-01,0,True,False
Ambroxol 15mg/5ml syrup,Tidak Diketahui,2025-09-01,0,True,False
Ambroxol 15mg/5ml syrup,Tidak Diketahui,2025-10-01,0,True,False
Ambroxol 15mg/5ml syrup,Tidak Diketahui,2025-11-01,0,True,False
Ambroxol 15mg/5ml syrup,Tidak Diketahui,2025-12-01,0,True,False
Ambroxol 15mg/5ml syrup,Tidak Diketahui,2026-01-01,0,False,False
Ambroxol 15mg/5ml syrup,Tidak Diketahui,2026-02-01,0,False,False
Ambroxol HCl 30 mg tab,Tablet,2024-01-01,470,True,False
Ambroxol HCl 30 mg tab,Tablet,2024-02-01,630,True,False
Ambroxol HCl 30 mg tab,Tablet,2024-03-01,700,True,False
Ambroxol HCl 30 mg tab,Tablet,2024-04-01,1100,True,False
Ambroxol HCl 30 mg tab,Tablet,2024-05-01,800,True,False
Ambroxol HCl 30 mg tab,Tablet,2024-06-01,232,True,False
Ambroxol HCl 30 mg tab,Tablet,2024-07-01,868,True,False
Ambroxol HCl 30 mg tab,Tablet,2024-08-01,0,True,False
Ambroxol HCl 30 mg tab,Tablet,2024-09-01,690,True,False
Ambroxol HCl 30 mg tab,Tablet,2024-10-01,470,True,False
Ambroxol HCl 30 mg tab,Tablet,2024-11-01,590,True,False
Ambroxol HCl 30 mg tab,Tablet,2024-12-01,780,True,False
Ambroxol HCl 30 mg tab,Tablet,2025-01-01,1418,True,False
Ambroxol HCl 30 mg tab,Tablet,2025-02-01,492,True,False
Ambroxol HCl 30 mg tab,Tablet,2025-03-01,1636,True,False
Ambroxol HCl 30 mg tab,Tablet,2025-04-01,1142,False,True
Ambroxol HCl 30 mg tab,Tablet,2025-05-01,648,True,False
Ambroxol HCl 30 mg tab,Tablet,2025-06-01,612,True,False
Ambroxol HCl 30 mg tab,Tablet,2025-07-01,840,True,False
Ambroxol HCl 30 mg tab,Tablet,2025-08-01,862,True,False
Ambroxol HCl 30 mg tab,Tablet,2025-09-01,1156,True,False
Ambroxol HCl 30 mg tab,Tablet,2025-10-01,520,True,False
Ambroxol HCl 30 mg tab,Tablet,2025-11-01,72,True,False
Ambroxol HCl 30 mg tab,Tablet,2025-12-01,0,True,False
Ambroxol HCl 30 mg tab,Tablet,2026-01-01,158,True,False
Ambroxol HCl 30 mg tab,Tablet,2026-02-01,0,True,False
Aminofilin 150 mg,Tablet,2024-01-01,0,False,False
Aminofilin 150 mg,Tablet,2024-02-01,0,False,False
Aminofilin 150 mg,Tablet,2024-03-01,0,False,False
Aminofilin 150 mg,Tablet,2024-04-01,0,False,False
Aminofilin 150 mg,Tablet,2024-05-01,0,False,False
Aminofilin 150 mg,Tablet,2024-06-01,0,False,False
Aminofilin 150 mg,Tablet,2024-07-01,0,False,False
Aminofilin 150 mg,Tablet,2024-08-01,0,False,False
Aminofilin 150 mg,Tablet,2024-09-01,0,False,False
Aminofilin 150 mg,Tablet,2024-10-01,0,False,False
Aminofilin 150 mg,Tablet,2024-11-01,0,False,False
Aminofilin 150 mg,Tablet,2024-12-01,0,False,False
Aminofilin 150 mg,Tablet,2025-01-01,0,True,False
Aminofilin 150 mg,Tablet,2025-02-01,0,True,False
Aminofilin 150 mg,Tablet,2025-03-01,0,True,False
Aminofilin 150 mg,Tablet,2025-04-01,0,False,True
Aminofilin 150 mg,Tablet,2025-05-01,0,True,False
Aminofilin 150 mg,Tablet,2025-06-01,0,True,False
Aminofilin 150 mg,Tablet,2025-07-01,0,True,False
Aminofilin 150 mg,Tablet,2025-08-01,0,True,False
Aminofilin 150 mg,Tablet,2025-09-01,0,True,False
Aminofilin 150 mg,Tablet,2025-10-01,0,True,False
Aminofilin 150 mg,Tablet,2025-11-01,0,True,False
Aminofilin 150 mg,Tablet,2025-12-01,0,True,False
Aminofilin 150 mg,Tablet,2026-01-01,0,False,False
Aminofilin 150 mg,Tablet,2026-02-01,0,False,False
Aminofilin inj 24 mg,Tidak Diketahui,2024-01-01,0,False,False
Aminofilin inj 24 mg,Tidak Diketahui,2024-02-01,0,False,False
Aminofilin inj 24 mg,Tidak Diketahui,2024-03-01,0,False,False
Aminofilin inj 24 mg,Tidak Diketahui,2024-04-01,0,False,False
Aminofilin inj 24 mg,Tidak Diketahui,2024-05-01,0,False,False
Aminofilin inj 24 mg,Tidak Diketahui,2024-06-01,0,False,False
Aminofilin inj 24 mg,Tidak Diketahui,2024-07-01,0,False,False
Aminofilin inj 24 mg,Tidak Diketahui,2024-08-01,0,False,False
Aminofilin inj 24 mg,Tidak Diketahui,2024-09-01,0,False,False
Aminofilin inj 24 mg,Tidak Diketahui,2024-10-01,0,False,False
Aminofilin inj 24 mg,Tidak Diketahui,2024-11-01,0,False,False
Aminofilin inj 24 mg,Tidak Diketahui,2024-12-01,0,False,False
Aminofilin inj 24 mg,Tidak Diketahui,2025-01-01,0,True,False
Aminofilin inj 24 mg,Tidak Diketahui,2025-02-01,0,True,False
Aminofilin inj 24 mg,Tidak Diketahui,2025-03-01,0,True,False
Aminofilin inj 24 mg,Tidak Diketahui,2025-04-01,0,False,True
Aminofilin inj 24 mg,Tidak Diketahui,2025-05-01,0,True,False
Aminofilin inj 24 mg,Tidak Diketahui,2025-06-01,0,True,False
Aminofilin inj 24 mg,Tidak Diketahui,2025-07-01,0,True,False
Aminofilin inj 24 mg,Tidak Diketahui,2025-08-01,0,True,False
Aminofilin inj 24 mg,Tidak Diketahui,2025-09-01,0,True,False
Aminofilin inj 24 mg,Tidak Diketahui,2025-10-01,0,True,False
Aminofilin inj 24 mg,Tidak Diketahui,2025-11-01,0,True,False
Aminofilin inj 24 mg,Tidak Diketahui,2025-12-01,0,True,False
Aminofilin inj 24 mg,Tidak Diketahui,2026-01-01,0,False,False
Aminofilin inj 24 mg,Tidak Diketahui,2026-02-01,0,False,False
Aminofillin tab 200 mg,Tablet,2024-01-01,0,True,False
Aminofillin tab 200 mg,Tablet,2024-02-01,0,True,False
Aminofillin tab 200 mg,Tablet,2024-03-01,0,True,False
Aminofillin tab 200 mg,Tablet,2024-04-01,0,True,False
Aminofillin tab 200 mg,Tablet,2024-05-01,0,True,False
Aminofillin tab 200 mg,Tablet,2024-06-01,0,True,False
Aminofillin tab 200 mg,Tablet,2024-07-01,100,True,False
Aminofillin tab 200 mg,Tablet,2024-08-01,20,True,False
Aminofillin tab 200 mg,Tablet,2024-09-01,80,True,False
Aminofillin tab 200 mg,Tablet,2024-10-01,0,True,False
Aminofillin tab 200 mg,Tablet,2024-11-01,0,True,False
Aminofillin tab 200 mg,Tablet,2024-12-01,0,True,False
Aminofillin tab 200 mg,Tablet,2025-01-01,0,False,False
Aminofillin tab 200 mg,Tablet,2025-02-01,0,False,False
Aminofillin tab 200 mg,Tablet,2025-03-01,0,False,False
Aminofillin tab 200 mg,Tablet,2025-04-01,0,False,True
Aminofillin tab 200 mg,Tablet,2025-05-01,0,False,False
Aminofillin tab 200 mg,Tablet,2025-06-01,0,False,False
Aminofillin tab 200 mg,Tablet,2025-07-01,0,False,False
Aminofillin tab 200 mg,Tablet,2025-08-01,0,False,False
Aminofillin tab 200 mg,Tablet,2025-09-01,0,False,False
Aminofillin tab 200 mg,Tablet,2025-10-01,0,False,False
Aminofillin tab 200 mg,Tablet,2025-11-01,0,False,False
Aminofillin tab 200 mg,Tablet,2025-12-01,0,False,False
Aminofillin tab 200 mg,Tablet,2026-01-01,0,False,False
Aminofillin tab 200 mg,Tablet,2026-02-01,0,False,False
Amitriptilin 25 mg,Tablet,2024-01-01,10,True,False
Amitriptilin 25 mg,Tablet,2024-02-01,0,True,False
Amitriptilin 25 mg,Tablet,2024-03-01,70,True,False
Amitriptilin 25 mg,Tablet,2024-04-01,60,True,False
Amitriptilin 25 mg,Tablet,2024-05-01,10,True,False
Amitriptilin 25 mg,Tablet,2024-06-01,150,True,False
Amitriptilin 25 mg,Tablet,2024-07-01,0,True,False
Amitriptilin 25 mg,Tablet,2024-08-01,0,True,False
Amitriptilin 25 mg,Tablet,2024-09-01,0,True,False
Amitriptilin 25 mg,Tablet,2024-10-01,0,True,False
Amitriptilin 25 mg,Tablet,2024-11-01,0,True,False
Amitriptilin 25 mg,Tablet,2024-12-01,0,True,False
Amitriptilin 25 mg,Tablet,2025-01-01,0,True,False
Amitriptilin 25 mg,Tablet,2025-02-01,0,True,False
Amitriptilin 25 mg,Tablet,2025-03-01,0,True,False
Amitriptilin 25 mg,Tablet,2025-04-01,15,False,True
Amitriptilin 25 mg,Tablet,2025-05-01,30,True,False
Amitriptilin 25 mg,Tablet,2025-06-01,0,True,False
Amitriptilin 25 mg,Tablet,2025-07-01,0,True,False
Amitriptilin 25 mg,Tablet,2025-08-01,0,True,False
Amitriptilin 25 mg,Tablet,2025-09-01,0,True,False
Amitriptilin 25 mg,Tablet,2025-10-01,0,True,False
Amitriptilin 25 mg,Tablet,2025-11-01,60,True,False
Amitriptilin 25 mg,Tablet,2025-12-01,70,True,False
Amitriptilin 25 mg,Tablet,2026-01-01,0,True,False
Amitriptilin 25 mg,Tablet,2026-02-01,0,True,False
Amlodipin 10 mg,Tablet,2024-01-01,2140,True,False
Amlodipin 10 mg,Tablet,2024-02-01,1820,True,False
Amlodipin 10 mg,Tablet,2024-03-01,1660,True,False
Amlodipin 10 mg,Tablet,2024-04-01,1720,True,False
Amlodipin 10 mg,Tablet,2024-05-01,2020,True,False
Amlodipin 10 mg,Tablet,2024-06-01,1450,True,False
Amlodipin 10 mg,Tablet,2024-07-01,3150,True,False
Amlodipin 10 mg,Tablet,2024-08-01,1950,True,False
Amlodipin 10 mg,Tablet,2024-09-01,2380,True,False
Amlodipin 10 mg,Tablet,2024-10-01,2440,True,False
Amlodipin 10 mg,Tablet,2024-11-01,2680,True,False
Amlodipin 10 mg,Tablet,2024-12-01,2480,True,False
Amlodipin 10 mg,Tablet,2025-01-01,2630,True,False
Amlodipin 10 mg,Tablet,2025-02-01,2360,True,False
Amlodipin 10 mg,Tablet,2025-03-01,1860,True,False
Amlodipin 10 mg,Tablet,2025-04-01,10250,False,True
Amlodipin 10 mg,Tablet,2025-05-01,18640,True,False
Amlodipin 10 mg,Tablet,2025-06-01,2720,True,False
Amlodipin 10 mg,Tablet,2025-07-01,8080,True,False
Amlodipin 10 mg,Tablet,2025-08-01,2020,True,False
Amlodipin 10 mg,Tablet,2025-09-01,3810,True,False
Amlodipin 10 mg,Tablet,2025-10-01,1650,True,False
Amlodipin 10 mg,Tablet,2025-11-01,1990,True,False
Amlodipin 10 mg,Tablet,2025-12-01,2420,True,False
Amlodipin 10 mg,Tablet,2026-01-01,2830,True,False
Amlodipin 10 mg,Tablet,2026-02-01,1900,True,False
Amlodipin 5 mg,Tablet,2024-01-01,1940,True,False
Amlodipin 5 mg,Tablet,2024-02-01,800,True,False
Amlodipin 5 mg,Tablet,2024-03-01,1640,True,False
Amlodipin 5 mg,Tablet,2024-04-01,730,True,False
Amlodipin 5 mg,Tablet,2024-05-01,1530,True,False
Amlodipin 5 mg,Tablet,2024-06-01,1170,True,False
Amlodipin 5 mg,Tablet,2024-07-01,1930,True,False
Amlodipin 5 mg,Tablet,2024-08-01,1650,True,False
Amlodipin 5 mg,Tablet,2024-09-01,1200,True,False
Amlodipin 5 mg,Tablet,2024-10-01,2080,True,False
Amlodipin 5 mg,Tablet,2024-11-01,2050,True,False
Amlodipin 5 mg,Tablet,2024-12-01,820,True,False
Amlodipin 5 mg,Tablet,2025-01-01,1420,True,False
Amlodipin 5 mg,Tablet,2025-02-01,3390,True,False
Amlodipin 5 mg,Tablet,2025-03-01,1700,True,False
Amlodipin 5 mg,Tablet,2025-04-01,13345,False,True
Amlodipin 5 mg,Tablet,2025-05-01,24990,True,False
Amlodipin 5 mg,Tablet,2025-06-01,13480,True,False
Amlodipin 5 mg,Tablet,2025-07-01,2310,True,False
Amlodipin 5 mg,Tablet,2025-08-01,3070,True,False
Amlodipin 5 mg,Tablet,2025-09-01,12950,True,False
Amlodipin 5 mg,Tablet,2025-10-01,1560,True,False
Amlodipin 5 mg,Tablet,2025-11-01,3270,True,False
Amlodipin 5 mg,Tablet,2025-12-01,2130,True,False
Amlodipin 5 mg,Tablet,2026-01-01,5045,True,False
Amlodipin 5 mg,Tablet,2026-02-01,780,True,False
Amoksisilin 500 mg,Tablet,2024-01-01,910,True,False
Amoksisilin 500 mg,Tablet,2024-02-01,1090,True,False
Amoksisilin 500 mg,Tablet,2024-03-01,730,True,False
Amoksisilin 500 mg,Tablet,2024-04-01,1970,True,False
Amoksisilin 500 mg,Tablet,2024-05-01,1200,True,False
Amoksisilin 500 mg,Tablet,2024-06-01,620,True,False
Amoksisilin 500 mg,Tablet,2024-07-01,1880,True,False
Amoksisilin 500 mg,Tablet,2024-08-01,1160,True,False
Amoksisilin 500 mg,Tablet,2024-09-01,2650,True,False
Amoksisilin 500 mg,Tablet,2024-10-01,2290,True,False
Amoksisilin 500 mg,Tablet,2024-11-01,890,True,False
Amoksisilin 500 mg,Tablet,2024-12-01,1090,True,False
Amoksisilin 500 mg,Tablet,2025-01-01,990,True,False
Amoksisilin 500 mg,Tablet,2025-02-01,1270,True,False
Amoksisilin 500 mg,Tablet,2025-03-01,1060,True,False
Amoksisilin 500 mg,Tablet,2025-04-01,1635,False,True
Amoksisilin 500 mg,Tablet,2025-05-01,2210,True,False
Amoksisilin 500 mg,Tablet,2025-06-01,1690,True,False
Amoksisilin 500 mg,Tablet,2025-07-01,1010,True,False
Amoksisilin 500 mg,Tablet,2025-08-01,1200,True,False
Amoksisilin 500 mg,Tablet,2025-09-01,1850,True,False
Amoksisilin 500 mg,Tablet,2025-10-01,1300,True,False
Amoksisilin 500 mg,Tablet,2025-11-01,220,True,False
Amoksisilin 500 mg,Tablet,2025-12-01,846,True,False
Amoksisilin 500 mg,Tablet,2026-01-01,1449,True,False
Amoksisilin 500 mg,Tablet,2026-02-01,1036,True,False
Amoksisilin inj.,Tidak Diketahui,2024-01-01,0,False,False
Amoksisilin inj.,Tidak Diketahui,2024-02-01,0,False,False
Amoksisilin inj.,Tidak Diketahui,2024-03-01,0,False,False
Amoksisilin inj.,Tidak Diketahui,2024-04-01,0,False,False
Amoksisilin inj.,Tidak Diketahui,2024-05-01,0,False,False
Amoksisilin inj.,Tidak Diketahui,2024-06-01,0,False,False
Amoksisilin inj.,Tidak Diketahui,2024-07-01,0,False,False
Amoksisilin inj.,Tidak Diketahui,2024-08-01,0,False,False
Amoksisilin inj.,Tidak Diketahui,2024-09-01,0,False,False
Amoksisilin inj.,Tidak Diketahui,2024-10-01,0,False,False
Amoksisilin inj.,Tidak Diketahui,2024-11-01,0,False,False
Amoksisilin inj.,Tidak Diketahui,2024-12-01,0,False,False
Amoksisilin inj.,Tidak Diketahui,2025-01-01,0,True,False
Amoksisilin inj.,Tidak Diketahui,2025-02-01,0,True,False
Amoksisilin inj.,Tidak Diketahui,2025-03-01,0,True,False
Amoksisilin inj.,Tidak Diketahui,2025-04-01,0,False,True
Amoksisilin inj.,Tidak Diketahui,2025-05-01,0,True,False
Amoksisilin inj.,Tidak Diketahui,2025-06-01,0,True,False
Amoksisilin inj.,Tidak Diketahui,2025-07-01,0,True,False
Amoksisilin inj.,Tidak Diketahui,2025-08-01,0,True,False
Amoksisilin inj.,Tidak Diketahui,2025-09-01,0,True,False
Amoksisilin inj.,Tidak Diketahui,2025-10-01,0,True,False
Amoksisilin inj.,Tidak Diketahui,2025-11-01,0,True,False
Amoksisilin inj.,Tidak Diketahui,2025-12-01,0,True,False
Amoksisilin inj.,Tidak Diketahui,2026-01-01,0,False,False
Amoksisilin inj.,Tidak Diketahui,2026-02-01,0,False,False
Amoksisilin sirup kering 125 mg/5 ml,Botol 60 Ml,2024-01-01,0,True,False
Amoksisilin sirup kering 125 mg/5 ml,Botol 60 Ml,2024-02-01,0,True,False
Amoksisilin sirup kering 125 mg/5 ml,Botol 60 Ml,2024-03-01,0,True,False
Amoksisilin sirup kering 125 mg/5 ml,Botol 60 Ml,2024-04-01,0,True,False
Amoksisilin sirup kering 125 mg/5 ml,Botol 60 Ml,2024-05-01,0,True,False
Amoksisilin sirup kering 125 mg/5 ml,Botol 60 Ml,2024-06-01,0,True,False
Amoksisilin sirup kering 125 mg/5 ml,Botol 60 Ml,2024-07-01,0,True,False
Amoksisilin sirup kering 125 mg/5 ml,Botol 60 Ml,2024-08-01,0,True,False
Amoksisilin sirup kering 125 mg/5 ml,Botol 60 Ml,2024-09-01,0,True,False
Amoksisilin sirup kering 125 mg/5 ml,Botol 60 Ml,2024-10-01,0,True,False
Amoksisilin sirup kering 125 mg/5 ml,Botol 60 Ml,2024-11-01,0,True,False
Amoksisilin sirup kering 125 mg/5 ml,Botol 60 Ml,2024-12-01,0,True,False
Amoksisilin sirup kering 125 mg/5 ml,Botol 60 Ml,2025-01-01,0,True,False
Amoksisilin sirup kering 125 mg/5 ml,Botol 60 Ml,2025-02-01,0,True,False
Amoksisilin sirup kering 125 mg/5 ml,Botol 60 Ml,2025-03-01,0,True,False
Amoksisilin sirup kering 125 mg/5 ml,Botol 60 Ml,2025-04-01,0,False,True
Amoksisilin sirup kering 125 mg/5 ml,Botol 60 Ml,2025-05-01,0,True,False
Amoksisilin sirup kering 125 mg/5 ml,Botol 60 Ml,2025-06-01,0,True,False
Amoksisilin sirup kering 125 mg/5 ml,Botol 60 Ml,2025-07-01,0,True,False
Amoksisilin sirup kering 125 mg/5 ml,Botol 60 Ml,2025-08-01,0,True,False
Amoksisilin sirup kering 125 mg/5 ml,Botol 60 Ml,2025-09-01,0,True,False
Amoksisilin sirup kering 125 mg/5 ml,Botol 60 Ml,2025-10-01,0,True,False
Amoksisilin sirup kering 125 mg/5 ml,Botol 60 Ml,2025-11-01,0,True,False
Amoksisilin sirup kering 125 mg/5 ml,Botol 60 Ml,2025-12-01,0,True,False
Amoksisilin sirup kering 125 mg/5 ml,Botol 60 Ml,2026-01-01,0,False,False
Amoksisilin sirup kering 125 mg/5 ml,Botol 60 Ml,2026-02-01,0,False,False
Amoksisilin sirup kering 250 mg/5 ml,Botol,2024-01-01,0,False,False
Amoksisilin sirup kering 250 mg/5 ml,Botol,2024-02-01,0,False,False
Amoksisilin sirup kering 250 mg/5 ml,Botol,2024-03-01,0,False,False
Amoksisilin sirup kering 250 mg/5 ml,Botol,2024-04-01,0,False,False
Amoksisilin sirup kering 250 mg/5 ml,Botol,2024-05-01,0,False,False
Amoksisilin sirup kering 250 mg/5 ml,Botol,2024-06-01,0,False,False
Amoksisilin sirup kering 250 mg/5 ml,Botol,2024-07-01,0,False,False
Amoksisilin sirup kering 250 mg/5 ml,Botol,2024-08-01,0,False,False
Amoksisilin sirup kering 250 mg/5 ml,Botol,2024-09-01,0,False,False
Amoksisilin sirup kering 250 mg/5 ml,Botol,2024-10-01,0,False,False
Amoksisilin sirup kering 250 mg/5 ml,Botol,2024-11-01,0,False,False
Amoksisilin sirup kering 250 mg/5 ml,Botol,2024-12-01,0,False,False
Amoksisilin sirup kering 250 mg/5 ml,Botol,2025-01-01,0,True,False
Amoksisilin sirup kering 250 mg/5 ml,Botol,2025-02-01,0,True,False
Amoksisilin sirup kering 250 mg/5 ml,Botol,2025-03-01,0,True,False
Amoksisilin sirup kering 250 mg/5 ml,Botol,2025-04-01,0,False,True
Amoksisilin sirup kering 250 mg/5 ml,Botol,2025-05-01,0,True,False
Amoksisilin sirup kering 250 mg/5 ml,Botol,2025-06-01,0,True,False
Amoksisilin sirup kering 250 mg/5 ml,Botol,2025-07-01,0,True,False
Amoksisilin sirup kering 250 mg/5 ml,Botol,2025-08-01,0,True,False
Amoksisilin sirup kering 250 mg/5 ml,Botol,2025-09-01,0,True,False
Amoksisilin sirup kering 250 mg/5 ml,Botol,2025-10-01,0,True,False
Amoksisilin sirup kering 250 mg/5 ml,Botol,2025-11-01,0,True,False
Amoksisilin sirup kering 250 mg/5 ml,Botol,2025-12-01,0,True,False
Amoksisilin sirup kering 250 mg/5 ml,Botol,2026-01-01,0,False,False
Amoksisilin sirup kering 250 mg/5 ml,Botol,2026-02-01,0,False,False
Ampicillin 1000 mg inj.,Ampul,2024-01-01,0,False,False
Ampicillin 1000 mg inj.,Ampul,2024-02-01,0,False,False
Ampicillin 1000 mg inj.,Ampul,2024-03-01,0,False,False
Ampicillin 1000 mg inj.,Ampul,2024-04-01,0,False,False
Ampicillin 1000 mg inj.,Ampul,2024-05-01,0,False,False
Ampicillin 1000 mg inj.,Ampul,2024-06-01,0,False,False
Ampicillin 1000 mg inj.,Ampul,2024-07-01,0,False,False
Ampicillin 1000 mg inj.,Ampul,2024-08-01,0,False,False
Ampicillin 1000 mg inj.,Ampul,2024-09-01,0,False,False
Ampicillin 1000 mg inj.,Ampul,2024-10-01,0,True,False
Ampicillin 1000 mg inj.,Ampul,2024-11-01,0,True,False
Ampicillin 1000 mg inj.,Ampul,2024-12-01,50,True,False
Ampicillin 1000 mg inj.,Ampul,2025-01-01,0,False,False
Ampicillin 1000 mg inj.,Ampul,2025-02-01,0,False,False
Ampicillin 1000 mg inj.,Ampul,2025-03-01,0,False,False
Ampicillin 1000 mg inj.,Ampul,2025-04-01,0,False,True
Ampicillin 1000 mg inj.,Ampul,2025-05-01,0,False,False
Ampicillin 1000 mg inj.,Ampul,2025-06-01,0,False,False
Ampicillin 1000 mg inj.,Ampul,2025-07-01,0,False,False
Ampicillin 1000 mg inj.,Ampul,2025-08-01,0,False,False
Ampicillin 1000 mg inj.,Ampul,2025-09-01,0,False,False
Ampicillin 1000 mg inj.,Ampul,2025-10-01,0,False,False
Ampicillin 1000 mg inj.,Ampul,2025-11-01,0,False,False
Ampicillin 1000 mg inj.,Ampul,2025-12-01,0,False,False
Ampicillin 1000 mg inj.,Ampul,2026-01-01,0,False,False
Ampicillin 1000 mg inj.,Ampul,2026-02-01,0,False,False
Ampicillin 1000 mg inj.,Vial,2024-01-01,0,False,False
Ampicillin 1000 mg inj.,Vial,2024-02-01,0,False,False
Ampicillin 1000 mg inj.,Vial,2024-03-01,0,False,False
Ampicillin 1000 mg inj.,Vial,2024-04-01,0,False,False
Ampicillin 1000 mg inj.,Vial,2024-05-01,0,False,False
Ampicillin 1000 mg inj.,Vial,2024-06-01,0,False,False
Ampicillin 1000 mg inj.,Vial,2024-07-01,0,False,False
Ampicillin 1000 mg inj.,Vial,2024-08-01,0,False,False
Ampicillin 1000 mg inj.,Vial,2024-09-01,0,False,False
Ampicillin 1000 mg inj.,Vial,2024-10-01,0,False,False
Ampicillin 1000 mg inj.,Vial,2024-11-01,0,False,False
Ampicillin 1000 mg inj.,Vial,2024-12-01,0,False,False
Ampicillin 1000 mg inj.,Vial,2025-01-01,0,True,False
Ampicillin 1000 mg inj.,Vial,2025-02-01,0,True,False
Ampicillin 1000 mg inj.,Vial,2025-03-01,0,True,False
Ampicillin 1000 mg inj.,Vial,2025-04-01,0,False,True
Ampicillin 1000 mg inj.,Vial,2025-05-01,0,True,False
Ampicillin 1000 mg inj.,Vial,2025-06-01,0,True,False
Ampicillin 1000 mg inj.,Vial,2025-07-01,0,True,False
Ampicillin 1000 mg inj.,Vial,2025-08-01,0,True,False
Ampicillin 1000 mg inj.,Vial,2025-09-01,0,True,False
Ampicillin 1000 mg inj.,Vial,2025-10-01,0,True,False
Ampicillin 1000 mg inj.,Vial,2025-11-01,0,True,False
Ampicillin 1000 mg inj.,Vial,2025-12-01,0,True,False
Ampicillin 1000 mg inj.,Vial,2026-01-01,0,False,False
Ampicillin 1000 mg inj.,Vial,2026-02-01,0,False,False
Ampisilin 500 mg,Tidak Diketahui,2024-01-01,0,False,False
Ampisilin 500 mg,Tidak Diketahui,2024-02-01,0,False,False
Ampisilin 500 mg,Tidak Diketahui,2024-03-01,0,False,False
Ampisilin 500 mg,Tidak Diketahui,2024-04-01,0,False,False
Ampisilin 500 mg,Tidak Diketahui,2024-05-01,0,False,False
Ampisilin 500 mg,Tidak Diketahui,2024-06-01,0,False,False
Ampisilin 500 mg,Tidak Diketahui,2024-07-01,0,False,False
Ampisilin 500 mg,Tidak Diketahui,2024-08-01,0,False,False
Ampisilin 500 mg,Tidak Diketahui,2024-09-01,0,False,False
Ampisilin 500 mg,Tidak Diketahui,2024-10-01,0,False,False
Ampisilin 500 mg,Tidak Diketahui,2024-11-01,0,False,False
Ampisilin 500 mg,Tidak Diketahui,2024-12-01,0,False,False
Ampisilin 500 mg,Tidak Diketahui,2025-01-01,0,True,False
Ampisilin 500 mg,Tidak Diketahui,2025-02-01,0,True,False
Ampisilin 500 mg,Tidak Diketahui,2025-03-01,0,True,False
Ampisilin 500 mg,Tidak Diketahui,2025-04-01,0,False,True
Ampisilin 500 mg,Tidak Diketahui,2025-05-01,0,True,False
Ampisilin 500 mg,Tidak Diketahui,2025-06-01,0,True,False
Ampisilin 500 mg,Tidak Diketahui,2025-07-01,0,True,False
Ampisilin 500 mg,Tidak Diketahui,2025-08-01,0,True,False
Ampisilin 500 mg,Tidak Diketahui,2025-09-01,0,True,False
Ampisilin 500 mg,Tidak Diketahui,2025-10-01,0,True,False
Ampisilin 500 mg,Tidak Diketahui,2025-11-01,0,True,False
Ampisilin 500 mg,Tidak Diketahui,2025-12-01,0,True,False
Ampisilin 500 mg,Tidak Diketahui,2026-01-01,0,False,False
Ampisilin 500 mg,Tidak Diketahui,2026-02-01,0,False,False
Analsik / Neurodial / Proneuron tab,Tidak Diketahui,2024-01-01,0,False,False
Analsik / Neurodial / Proneuron tab,Tidak Diketahui,2024-02-01,0,False,False
Analsik / Neurodial / Proneuron tab,Tidak Diketahui,2024-03-01,0,False,False
Analsik / Neurodial / Proneuron tab,Tidak Diketahui,2024-04-01,0,False,False
Analsik / Neurodial / Proneuron tab,Tidak Diketahui,2024-05-01,0,False,False
Analsik / Neurodial / Proneuron tab,Tidak Diketahui,2024-06-01,0,False,False
Analsik / Neurodial / Proneuron tab,Tidak Diketahui,2024-07-01,0,False,False
Analsik / Neurodial / Proneuron tab,Tidak Diketahui,2024-08-01,0,False,False
Analsik / Neurodial / Proneuron tab,Tidak Diketahui,2024-09-01,0,False,False
Analsik / Neurodial / Proneuron tab,Tidak Diketahui,2024-10-01,0,False,False
Analsik / Neurodial / Proneuron tab,Tidak Diketahui,2024-11-01,0,False,False
Analsik / Neurodial / Proneuron tab,Tidak Diketahui,2024-12-01,0,False,False
Analsik / Neurodial / Proneuron tab,Tidak Diketahui,2025-01-01,0,True,False
Analsik / Neurodial / Proneuron tab,Tidak Diketahui,2025-02-01,0,True,False
Analsik / Neurodial / Proneuron tab,Tidak Diketahui,2025-03-01,0,True,False
Analsik / Neurodial / Proneuron tab,Tidak Diketahui,2025-04-01,0,False,True
Analsik / Neurodial / Proneuron tab,Tidak Diketahui,2025-05-01,0,True,False
Analsik / Neurodial / Proneuron tab,Tidak Diketahui,2025-06-01,0,True,False
Analsik / Neurodial / Proneuron tab,Tidak Diketahui,2025-07-01,0,True,False
Analsik / Neurodial / Proneuron tab,Tidak Diketahui,2025-08-01,0,True,False
Analsik / Neurodial / Proneuron tab,Tidak Diketahui,2025-09-01,0,True,False
Analsik / Neurodial / Proneuron tab,Tidak Diketahui,2025-10-01,0,True,False
Analsik / Neurodial / Proneuron tab,Tidak Diketahui,2025-11-01,0,True,False
Analsik / Neurodial / Proneuron tab,Tidak Diketahui,2025-12-01,0,True,False
Analsik / Neurodial / Proneuron tab,Tidak Diketahui,2026-01-01,0,False,False
Analsik / Neurodial / Proneuron tab,Tidak Diketahui,2026-02-01,0,False,False
Anestesi Carpule,Kotak 50 Catridg,2024-01-01,0,False,False
Anestesi Carpule,Kotak 50 Catridg,2024-02-01,0,False,False
Anestesi Carpule,Kotak 50 Catridg,2024-03-01,0,False,False
Anestesi Carpule,Kotak 50 Catridg,2024-04-01,0,False,False
Anestesi Carpule,Kotak 50 Catridg,2024-05-01,0,False,False
Anestesi Carpule,Kotak 50 Catridg,2024-06-01,0,False,False
Anestesi Carpule,Kotak 50 Catridg,2024-07-01,0,False,False
Anestesi Carpule,Kotak 50 Catridg,2024-08-01,0,False,False
Anestesi Carpule,Kotak 50 Catridg,2024-09-01,0,False,False
Anestesi Carpule,Kotak 50 Catridg,2024-10-01,0,False,False
Anestesi Carpule,Kotak 50 Catridg,2024-11-01,0,False,False
Anestesi Carpule,Kotak 50 Catridg,2024-12-01,0,False,False
Anestesi Carpule,Kotak 50 Catridg,2025-01-01,0,True,False
Anestesi Carpule,Kotak 50 Catridg,2025-02-01,0,True,False
Anestesi Carpule,Kotak 50 Catridg,2025-03-01,0,True,False
Anestesi Carpule,Kotak 50 Catridg,2025-04-01,0,False,True
Anestesi Carpule,Kotak 50 Catridg,2025-05-01,0,True,False
Anestesi Carpule,Kotak 50 Catridg,2025-06-01,0,True,False
Anestesi Carpule,Kotak 50 Catridg,2025-07-01,0,True,False
Anestesi Carpule,Kotak 50 Catridg,2025-08-01,0,True,False
Anestesi Carpule,Kotak 50 Catridg,2025-09-01,0,True,False
Anestesi Carpule,Kotak 50 Catridg,2025-10-01,0,True,False
Anestesi Carpule,Kotak 50 Catridg,2025-11-01,0,True,False
Anestesi Carpule,Kotak 50 Catridg,2025-12-01,0,True,False
Anestesi Carpule,Kotak 50 Catridg,2026-01-01,0,False,False
Anestesi Carpule,Kotak 50 Catridg,2026-02-01,0,False,False
Antalgin 1000 mg/ 2 ml inj,Ampul,2024-01-01,0,True,False
Antalgin 1000 mg/ 2 ml inj,Ampul,2024-02-01,0,True,False
Antalgin 1000 mg/ 2 ml inj,Ampul,2024-03-01,0,True,False
Antalgin 1000 mg/ 2 ml inj,Ampul,2024-04-01,0,True,False
Antalgin 1000 mg/ 2 ml inj,Ampul,2024-05-01,0,True,False
Antalgin 1000 mg/ 2 ml inj,Ampul,2024-06-01,0,True,False
Antalgin 1000 mg/ 2 ml inj,Ampul,2024-07-01,0,True,False
Antalgin 1000 mg/ 2 ml inj,Ampul,2024-08-01,0,True,False
Antalgin 1000 mg/ 2 ml inj,Ampul,2024-09-01,0,True,False
Antalgin 1000 mg/ 2 ml inj,Ampul,2024-10-01,0,True,False
Antalgin 1000 mg/ 2 ml inj,Ampul,2024-11-01,0,True,False
Antalgin 1000 mg/ 2 ml inj,Ampul,2024-12-01,0,True,False
Antalgin 1000 mg/ 2 ml inj,Ampul,2025-01-01,2,True,False
Antalgin 1000 mg/ 2 ml inj,Ampul,2025-02-01,3,True,False
Antalgin 1000 mg/ 2 ml inj,Ampul,2025-03-01,0,True,False
Antalgin 1000 mg/ 2 ml inj,Ampul,2025-04-01,0,False,True
Antalgin 1000 mg/ 2 ml inj,Ampul,2025-05-01,0,True,False
Antalgin 1000 mg/ 2 ml inj,Ampul,2025-06-01,0,True,False
Antalgin 1000 mg/ 2 ml inj,Ampul,2025-07-01,0,True,False
Antalgin 1000 mg/ 2 ml inj,Ampul,2025-08-01,0,True,False
Antalgin 1000 mg/ 2 ml inj,Ampul,2025-09-01,0,True,False
Antalgin 1000 mg/ 2 ml inj,Ampul,2025-10-01,0,True,False
Antalgin 1000 mg/ 2 ml inj,Ampul,2025-11-01,107,True,False
Antalgin 1000 mg/ 2 ml inj,Ampul,2025-12-01,5,True,False
Antalgin 1000 mg/ 2 ml inj,Ampul,2026-01-01,0,True,False
Antalgin 1000 mg/ 2 ml inj,Ampul,2026-02-01,0,True,False
Antalgin 500 mg,Tablet,2024-01-01,400,True,False
Antalgin 500 mg,Tablet,2024-02-01,700,True,False
Antalgin 500 mg,Tablet,2024-03-01,700,True,False
Antalgin 500 mg,Tablet,2024-04-01,500,True,False
Antalgin 500 mg,Tablet,2024-05-01,500,True,False
Antalgin 500 mg,Tablet,2024-06-01,790,True,False
Antalgin 500 mg,Tablet,2024-07-01,1010,True,False
Antalgin 500 mg,Tablet,2024-08-01,578,True,False
Antalgin 500 mg,Tablet,2024-09-01,580,True,False
Antalgin 500 mg,Tablet,2024-10-01,844,True,False
Antalgin 500 mg,Tablet,2024-11-01,658,True,False
Antalgin 500 mg,Tablet,2024-12-01,384,True,False
Antalgin 500 mg,Tablet,2025-01-01,874,True,False
Antalgin 500 mg,Tablet,2025-02-01,1268,True,False
Antalgin 500 mg,Tablet,2025-03-01,696,True,False
Antalgin 500 mg,Tablet,2025-04-01,536,False,True
Antalgin 500 mg,Tablet,2025-05-01,376,True,False
Antalgin 500 mg,Tablet,2025-06-01,336,True,False
Antalgin 500 mg,Tablet,2025-07-01,568,True,False
Antalgin 500 mg,Tablet,2025-08-01,630,True,False
Antalgin 500 mg,Tablet,2025-09-01,580,True,False
Antalgin 500 mg,Tablet,2025-10-01,610,True,False
Antalgin 500 mg,Tablet,2025-11-01,790,True,False
Antalgin 500 mg,Tablet,2025-12-01,287,True,False
Antalgin 500 mg,Tablet,2026-01-01,1335,True,False
Antalgin 500 mg,Tablet,2026-02-01,832,True,False
Antasida DOEN,Tablet,2024-01-01,2400,True,False
Antasida DOEN,Tablet,2024-02-01,2700,True,False
Antasida DOEN,Tablet,2024-03-01,2700,True,False
Antasida DOEN,Tablet,2024-04-01,2120,True,False
Antasida DOEN,Tablet,2024-05-01,2680,True,False
Antasida DOEN,Tablet,2024-06-01,2600,True,False
Antasida DOEN,Tablet,2024-07-01,2600,True,False
Antasida DOEN,Tablet,2024-08-01,4090,True,False
Antasida DOEN,Tablet,2024-09-01,2660,True,False
Antasida DOEN,Tablet,2024-10-01,2840,True,False
Antasida DOEN,Tablet,2024-11-01,2080,True,False
Antasida DOEN,Tablet,2024-12-01,2380,True,False
Antasida DOEN,Tablet,2025-01-01,2480,True,False
Antasida DOEN,Tablet,2025-02-01,3690,True,False
Antasida DOEN,Tablet,2025-03-01,2840,True,False
Antasida DOEN,Tablet,2025-04-01,2740,False,True
Antasida DOEN,Tablet,2025-05-01,2640,True,False
Antasida DOEN,Tablet,2025-06-01,1920,True,False
Antasida DOEN,Tablet,2025-07-01,1760,True,False
Antasida DOEN,Tablet,2025-08-01,2230,True,False
Antasida DOEN,Tablet,2025-09-01,2260,True,False
Antasida DOEN,Tablet,2025-10-01,3220,True,False
Antasida DOEN,Tablet,2025-11-01,2690,True,False
Antasida DOEN,Tablet,2025-12-01,1940,True,False
Antasida DOEN,Tablet,2026-01-01,2539,True,False
Antasida DOEN,Tablet,2026-02-01,2602,True,False
Antasida DOEN II sirup,Botol,2024-01-01,21,True,False
Antasida DOEN II sirup,Botol,2024-02-01,36,True,False
Antasida DOEN II sirup,Botol,2024-03-01,8,True,False
Antasida DOEN II sirup,Botol,2024-04-01,26,True,False
Antasida DOEN II sirup,Botol,2024-05-01,0,True,False
Antasida DOEN II sirup,Botol,2024-06-01,0,True,False
Antasida DOEN II sirup,Botol,2024-07-01,0,True,False
Antasida DOEN II sirup,Botol,2024-08-01,0,True,False
Antasida DOEN II sirup,Botol,2024-09-01,0,True,False
Antasida DOEN II sirup,Botol,2024-10-01,0,True,False
Antasida DOEN II sirup,Botol,2024-11-01,0,True,False
Antasida DOEN II sirup,Botol,2024-12-01,0,True,False
Antasida DOEN II sirup,Botol,2025-01-01,0,True,False
Antasida DOEN II sirup,Botol,2025-02-01,1,True,False
Antasida DOEN II sirup,Botol,2025-03-01,4,True,False
Antasida DOEN II sirup,Botol,2025-04-01,2,False,True
Antasida DOEN II sirup,Botol,2025-05-01,1,True,False
Antasida DOEN II sirup,Botol,2025-06-01,17,True,False
Antasida DOEN II sirup,Botol,2025-07-01,27,True,False
Antasida DOEN II sirup,Botol,2025-08-01,11,True,False
Antasida DOEN II sirup,Botol,2025-09-01,1,True,False
Antasida DOEN II sirup,Botol,2025-10-01,2,True,False
Antasida DOEN II sirup,Botol,2025-11-01,9,True,False
Antasida DOEN II sirup,Botol,2025-12-01,1,True,False
Antasida DOEN II sirup,Botol,2026-01-01,1,True,False
Antasida DOEN II sirup,Botol,2026-02-01,3,True,False
As. Mefenamat 500 mg,Tablet,2024-01-01,900,True,False
As. Mefenamat 500 mg,Tablet,2024-02-01,700,True,False
As. Mefenamat 500 mg,Tablet,2024-03-01,500,True,False
As. Mefenamat 500 mg,Tablet,2024-04-01,50,True,False
As. Mefenamat 500 mg,Tablet,2024-05-01,1050,True,False
As. Mefenamat 500 mg,Tablet,2024-06-01,2500,True,False
As. Mefenamat 500 mg,Tablet,2024-07-01,800,True,False
As. Mefenamat 500 mg,Tablet,2024-08-01,1220,True,False
As. Mefenamat 500 mg,Tablet,2024-09-01,2760,True,False
As. Mefenamat 500 mg,Tablet,2024-10-01,2340,True,False
As. Mefenamat 500 mg,Tablet,2024-11-01,1720,True,False
As. Mefenamat 500 mg,Tablet,2024-12-01,2560,True,False
As. Mefenamat 500 mg,Tablet,2025-01-01,0,False,False
As. Mefenamat 500 mg,Tablet,2025-02-01,0,False,False
As. Mefenamat 500 mg,Tablet,2025-03-01,0,False,False
As. Mefenamat 500 mg,Tablet,2025-04-01,0,False,True
As. Mefenamat 500 mg,Tablet,2025-05-01,0,False,False
As. Mefenamat 500 mg,Tablet,2025-06-01,0,False,False
As. Mefenamat 500 mg,Tablet,2025-07-01,0,False,False
As. Mefenamat 500 mg,Tablet,2025-08-01,0,False,False
As. Mefenamat 500 mg,Tablet,2025-09-01,0,False,False
As. Mefenamat 500 mg,Tablet,2025-10-01,0,False,False
As. Mefenamat 500 mg,Tablet,2025-11-01,0,False,False
As. Mefenamat 500 mg,Tablet,2025-12-01,0,False,False
As. Mefenamat 500 mg,Tablet,2026-01-01,0,False,False
As. Mefenamat 500 mg,Tablet,2026-02-01,0,False,False
Asam Askorbat 250 mg,Tablet,2024-01-01,0,True,False
Asam Askorbat 250 mg,Tablet,2024-02-01,0,True,False
Asam Askorbat 250 mg,Tablet,2024-03-01,0,False,False
Asam Askorbat 250 mg,Tablet,2024-04-01,0,False,False
Asam Askorbat 250 mg,Tablet,2024-05-01,0,False,False
Asam Askorbat 250 mg,Tablet,2024-06-01,0,False,False
Asam Askorbat 250 mg,Tablet,2024-07-01,0,False,False
Asam Askorbat 250 mg,Tablet,2024-08-01,0,False,False
Asam Askorbat 250 mg,Tablet,2024-09-01,0,False,False
Asam Askorbat 250 mg,Tablet,2024-10-01,0,False,False
Asam Askorbat 250 mg,Tablet,2024-11-01,0,False,False
Asam Askorbat 250 mg,Tablet,2024-12-01,0,False,False
Asam Askorbat 250 mg,Tablet,2025-01-01,0,False,False
Asam Askorbat 250 mg,Tablet,2025-02-01,0,False,False
Asam Askorbat 250 mg,Tablet,2025-03-01,0,False,False
Asam Askorbat 250 mg,Tablet,2025-04-01,0,False,True
Asam Askorbat 250 mg,Tablet,2025-05-01,0,False,False
Asam Askorbat 250 mg,Tablet,2025-06-01,0,False,False
Asam Askorbat 250 mg,Tablet,2025-07-01,0,False,False
Asam Askorbat 250 mg,Tablet,2025-08-01,0,False,False
Asam Askorbat 250 mg,Tablet,2025-09-01,0,False,False
Asam Askorbat 250 mg,Tablet,2025-10-01,0,False,False
Asam Askorbat 250 mg,Tablet,2025-11-01,0,False,False
Asam Askorbat 250 mg,Tablet,2025-12-01,0,False,False
Asam Askorbat 250 mg,Tablet,2026-01-01,0,False,False
Asam Askorbat 250 mg,Tablet,2026-02-01,0,False,False
Asam Askorbat 50 mg,Tablet,2024-01-01,1690,True,False
Asam Askorbat 50 mg,Tablet,2024-02-01,1700,True,False
Asam Askorbat 50 mg,Tablet,2024-03-01,1600,True,False
Asam Askorbat 50 mg,Tablet,2024-04-01,1370,True,False
Asam Askorbat 50 mg,Tablet,2024-05-01,1430,True,False
Asam Askorbat 50 mg,Tablet,2024-06-01,700,True,False
Asam Askorbat 50 mg,Tablet,2024-07-01,0,True,False
Asam Askorbat 50 mg,Tablet,2024-08-01,0,True,False
Asam Askorbat 50 mg,Tablet,2024-09-01,0,True,False
Asam Askorbat 50 mg,Tablet,2024-10-01,0,True,False
Asam Askorbat 50 mg,Tablet,2024-11-01,0,True,False
Asam Askorbat 50 mg,Tablet,2024-12-01,0,True,False
Asam Askorbat 50 mg,Tablet,2025-01-01,900,True,False
Asam Askorbat 50 mg,Tablet,2025-02-01,1410,True,False
Asam Askorbat 50 mg,Tablet,2025-03-01,830,True,False
Asam Askorbat 50 mg,Tablet,2025-04-01,1355,False,True
Asam Askorbat 50 mg,Tablet,2025-05-01,1880,True,False
Asam Askorbat 50 mg,Tablet,2025-06-01,1540,True,False
Asam Askorbat 50 mg,Tablet,2025-07-01,1270,True,False
Asam Askorbat 50 mg,Tablet,2025-08-01,1470,True,False
Asam Askorbat 50 mg,Tablet,2025-09-01,1540,True,False
Asam Askorbat 50 mg,Tablet,2025-10-01,3340,True,False
Asam Askorbat 50 mg,Tablet,2025-11-01,3090,True,False
Asam Askorbat 50 mg,Tablet,2025-12-01,2951,True,False
Asam Askorbat 50 mg,Tablet,2026-01-01,2462,True,False
Asam Askorbat 50 mg,Tablet,2026-02-01,2352,True,False
Asam Folat 1 mg,Tablet,2024-01-01,0,True,False
Asam Folat 1 mg,Tablet,2024-02-01,0,True,False
Asam Folat 1 mg,Tablet,2024-03-01,0,True,False
Asam Folat 1 mg,Tablet,2024-04-01,0,True,False
Asam Folat 1 mg,Tablet,2024-05-01,0,True,False
Asam Folat 1 mg,Tablet,2024-06-01,50,True,False
Asam Folat 1 mg,Tablet,2024-07-01,140,True,False
Asam Folat 1 mg,Tablet,2024-08-01,130,True,False
Asam Folat 1 mg,Tablet,2024-09-01,90,True,False
Asam Folat 1 mg,Tablet,2024-10-01,50,True,False
Asam Folat 1 mg,Tablet,2024-11-01,90,True,False
Asam Folat 1 mg,Tablet,2024-12-01,130,True,False
Asam Folat 1 mg,Tablet,2025-01-01,30,True,False
Asam Folat 1 mg,Tablet,2025-02-01,40,True,False
Asam Folat 1 mg,Tablet,2025-03-01,20,True,False
Asam Folat 1 mg,Tablet,2025-04-01,30,False,True
Asam Folat 1 mg,Tablet,2025-05-01,40,True,False
Asam Folat 1 mg,Tablet,2025-06-01,0,True,False
Asam Folat 1 mg,Tablet,2025-07-01,50,True,False
Asam Folat 1 mg,Tablet,2025-08-01,20,True,False
Asam Folat 1 mg,Tablet,2025-09-01,0,True,False
Asam Folat 1 mg,Tablet,2025-10-01,10,True,False
Asam Folat 1 mg,Tablet,2025-11-01,20,True,False
Asam Folat 1 mg,Tablet,2025-12-01,20,True,False
Asam Folat 1 mg,Tablet,2026-01-01,70,True,False
Asam Folat 1 mg,Tablet,2026-02-01,230,True,False
Asam Mefenamat 500 mg tab,Tablet,2024-01-01,0,False,False
Asam Mefenamat 500 mg tab,Tablet,2024-02-01,0,False,False
Asam Mefenamat 500 mg tab,Tablet,2024-03-01,0,False,False
Asam Mefenamat 500 mg tab,Tablet,2024-04-01,0,False,False
Asam Mefenamat 500 mg tab,Tablet,2024-05-01,0,False,False
Asam Mefenamat 500 mg tab,Tablet,2024-06-01,0,False,False
Asam Mefenamat 500 mg tab,Tablet,2024-07-01,0,False,False
Asam Mefenamat 500 mg tab,Tablet,2024-08-01,0,False,False
Asam Mefenamat 500 mg tab,Tablet,2024-09-01,0,False,False
Asam Mefenamat 500 mg tab,Tablet,2024-10-01,0,False,False
Asam Mefenamat 500 mg tab,Tablet,2024-11-01,0,False,False
Asam Mefenamat 500 mg tab,Tablet,2024-12-01,0,False,False
Asam Mefenamat 500 mg tab,Tablet,2025-01-01,1370,True,False
Asam Mefenamat 500 mg tab,Tablet,2025-02-01,2690,True,False
Asam Mefenamat 500 mg tab,Tablet,2025-03-01,2030,True,False
Asam Mefenamat 500 mg tab,Tablet,2025-04-01,2165,False,True
Asam Mefenamat 500 mg tab,Tablet,2025-05-01,2300,True,False
Asam Mefenamat 500 mg tab,Tablet,2025-06-01,2130,True,False
Asam Mefenamat 500 mg tab,Tablet,2025-07-01,2370,True,False
Asam Mefenamat 500 mg tab,Tablet,2025-08-01,2030,True,False
Asam Mefenamat 500 mg tab,Tablet,2025-09-01,2590,True,False
Asam Mefenamat 500 mg tab,Tablet,2025-10-01,1700,True,False
Asam Mefenamat 500 mg tab,Tablet,2025-11-01,2060,True,False
Asam Mefenamat 500 mg tab,Tablet,2025-12-01,1675,True,False
Asam Mefenamat 500 mg tab,Tablet,2026-01-01,1675,True,False
Asam Mefenamat 500 mg tab,Tablet,2026-02-01,1590,True,False
Asam Traneksamat Inj 250 mg/5ml,Ampul,2024-01-01,0,True,False
Asam Traneksamat Inj 250 mg/5ml,Ampul,2024-02-01,0,True,False
Asam Traneksamat Inj 250 mg/5ml,Ampul,2024-03-01,0,True,False
Asam Traneksamat Inj 250 mg/5ml,Ampul,2024-04-01,0,True,False
Asam Traneksamat Inj 250 mg/5ml,Ampul,2024-05-01,0,True,False
Asam Traneksamat Inj 250 mg/5ml,Ampul,2024-06-01,0,True,False
Asam Traneksamat Inj 250 mg/5ml,Ampul,2024-07-01,0,True,False
Asam Traneksamat Inj 250 mg/5ml,Ampul,2024-08-01,0,True,False
Asam Traneksamat Inj 250 mg/5ml,Ampul,2024-09-01,0,True,False
Asam Traneksamat Inj 250 mg/5ml,Ampul,2024-10-01,0,True,False
Asam Traneksamat Inj 250 mg/5ml,Ampul,2024-11-01,0,True,False
Asam Traneksamat Inj 250 mg/5ml,Ampul,2024-12-01,0,True,False
Asam Traneksamat Inj 250 mg/5ml,Ampul,2025-01-01,0,False,False
Asam Traneksamat Inj 250 mg/5ml,Ampul,2025-02-01,0,False,False
Asam Traneksamat Inj 250 mg/5ml,Ampul,2025-03-01,0,False,False
Asam Traneksamat Inj 250 mg/5ml,Ampul,2025-04-01,0,False,True
Asam Traneksamat Inj 250 mg/5ml,Ampul,2025-05-01,0,False,False
Asam Traneksamat Inj 250 mg/5ml,Ampul,2025-06-01,0,False,False
Asam Traneksamat Inj 250 mg/5ml,Ampul,2025-07-01,0,False,False
Asam Traneksamat Inj 250 mg/5ml,Ampul,2025-08-01,0,False,False
Asam Traneksamat Inj 250 mg/5ml,Ampul,2025-09-01,0,False,False
Asam Traneksamat Inj 250 mg/5ml,Ampul,2025-10-01,0,False,False
Asam Traneksamat Inj 250 mg/5ml,Ampul,2025-11-01,0,False,False
Asam Traneksamat Inj 250 mg/5ml,Ampul,2025-12-01,0,False,False
Asam Traneksamat Inj 250 mg/5ml,Ampul,2026-01-01,0,False,False
Asam Traneksamat Inj 250 mg/5ml,Ampul,2026-02-01,0,False,False
Asam Traneksamat inj 50 mg/ml,Ampul,2024-01-01,0,False,False
Asam Traneksamat inj 50 mg/ml,Ampul,2024-02-01,0,False,False
Asam Traneksamat inj 50 mg/ml,Ampul,2024-03-01,0,False,False
Asam Traneksamat inj 50 mg/ml,Ampul,2024-04-01,0,False,False
Asam Traneksamat inj 50 mg/ml,Ampul,2024-05-01,0,False,False
Asam Traneksamat inj 50 mg/ml,Ampul,2024-06-01,0,False,False
Asam Traneksamat inj 50 mg/ml,Ampul,2024-07-01,0,False,False
Asam Traneksamat inj 50 mg/ml,Ampul,2024-08-01,0,False,False
Asam Traneksamat inj 50 mg/ml,Ampul,2024-09-01,0,False,False
Asam Traneksamat inj 50 mg/ml,Ampul,2024-10-01,0,False,False
Asam Traneksamat inj 50 mg/ml,Ampul,2024-11-01,0,False,False
Asam Traneksamat inj 50 mg/ml,Ampul,2024-12-01,0,False,False
Asam Traneksamat inj 50 mg/ml,Ampul,2025-01-01,0,True,False
Asam Traneksamat inj 50 mg/ml,Ampul,2025-02-01,0,True,False
Asam Traneksamat inj 50 mg/ml,Ampul,2025-03-01,0,True,False
Asam Traneksamat inj 50 mg/ml,Ampul,2025-04-01,0,False,True
Asam Traneksamat inj 50 mg/ml,Ampul,2025-05-01,0,True,False
Asam Traneksamat inj 50 mg/ml,Ampul,2025-06-01,10,True,False
Asam Traneksamat inj 50 mg/ml,Ampul,2025-07-01,0,True,False
Asam Traneksamat inj 50 mg/ml,Ampul,2025-08-01,0,True,False
Asam Traneksamat inj 50 mg/ml,Ampul,2025-09-01,1,True,False
Asam Traneksamat inj 50 mg/ml,Ampul,2025-10-01,9,True,False
Asam Traneksamat inj 50 mg/ml,Ampul,2025-11-01,0,True,False
Asam Traneksamat inj 50 mg/ml,Ampul,2025-12-01,0,True,False
Asam Traneksamat inj 50 mg/ml,Ampul,2026-01-01,0,False,False
Asam Traneksamat inj 50 mg/ml,Ampul,2026-02-01,0,False,False
Asam Traneksamat tab. 500 mg,Tablet,2024-01-01,35,True,False
Asam Traneksamat tab. 500 mg,Tablet,2024-02-01,0,True,False
Asam Traneksamat tab. 500 mg,Tablet,2024-03-01,105,True,False
Asam Traneksamat tab. 500 mg,Tablet,2024-04-01,30,True,False
Asam Traneksamat tab. 500 mg,Tablet,2024-05-01,20,True,False
Asam Traneksamat tab. 500 mg,Tablet,2024-06-01,140,True,False
Asam Traneksamat tab. 500 mg,Tablet,2024-07-01,80,True,False
Asam Traneksamat tab. 500 mg,Tablet,2024-08-01,0,True,False
Asam Traneksamat tab. 500 mg,Tablet,2024-09-01,165,True,False
Asam Traneksamat tab. 500 mg,Tablet,2024-10-01,55,True,False
Asam Traneksamat tab. 500 mg,Tablet,2024-11-01,40,True,False
Asam Traneksamat tab. 500 mg,Tablet,2024-12-01,10,True,False
Asam Traneksamat tab. 500 mg,Tablet,2025-01-01,0,True,False
Asam Traneksamat tab. 500 mg,Tablet,2025-02-01,0,True,False
Asam Traneksamat tab. 500 mg,Tablet,2025-03-01,0,True,False
Asam Traneksamat tab. 500 mg,Tablet,2025-04-01,0,False,True
Asam Traneksamat tab. 500 mg,Tablet,2025-05-01,0,True,False
Asam Traneksamat tab. 500 mg,Tablet,2025-06-01,0,True,False
Asam Traneksamat tab. 500 mg,Tablet,2025-07-01,0,True,False
Asam Traneksamat tab. 500 mg,Tablet,2025-08-01,0,True,False
Asam Traneksamat tab. 500 mg,Tablet,2025-09-01,0,True,False
Asam Traneksamat tab. 500 mg,Tablet,2025-10-01,0,True,False
Asam Traneksamat tab. 500 mg,Tablet,2025-11-01,0,True,False
Asam Traneksamat tab. 500 mg,Tablet,2025-12-01,110,True,False
Asam Traneksamat tab. 500 mg,Tablet,2026-01-01,97,True,False
Asam Traneksamat tab. 500 mg,Tablet,2026-02-01,50,True,False
Asam asetat 5%,Botol,2024-01-01,0,True,False
Asam asetat 5%,Botol,2024-02-01,0,True,False
Asam asetat 5%,Botol,2024-03-01,0,True,False
Asam asetat 5%,Botol,2024-04-01,0,True,False
Asam asetat 5%,Botol,2024-05-01,0,True,False
Asam asetat 5%,Botol,2024-06-01,0,True,False
Asam asetat 5%,Botol,2024-07-01,0,True,False
Asam asetat 5%,Botol,2024-08-01,0,True,False
Asam asetat 5%,Botol,2024-09-01,0,True,False
Asam asetat 5%,Botol,2024-10-01,0,True,False
Asam asetat 5%,Botol,2024-11-01,0,True,False
Asam asetat 5%,Botol,2024-12-01,1,True,False
Asam asetat 5%,Botol,2025-01-01,0,True,False
Asam asetat 5%,Botol,2025-02-01,0,True,False
Asam asetat 5%,Botol,2025-03-01,0,True,False
Asam asetat 5%,Botol,2025-04-01,0,False,True
Asam asetat 5%,Botol,2025-05-01,0,True,False
Asam asetat 5%,Botol,2025-06-01,1,True,False
Asam asetat 5%,Botol,2025-07-01,0,True,False
Asam asetat 5%,Botol,2025-08-01,0,True,False
Asam asetat 5%,Botol,2025-09-01,0,True,False
Asam asetat 5%,Botol,2025-10-01,0,True,False
Asam asetat 5%,Botol,2025-11-01,0,True,False
Asam asetat 5%,Botol,2025-12-01,1,True,False
Asam asetat 5%,Botol,2026-01-01,0,True,False
Asam asetat 5%,Botol,2026-02-01,1,True,False
Asetil Sistein tab 200 mg,Tablet,2024-01-01,0,False,False
Asetil Sistein tab 200 mg,Tablet,2024-02-01,0,False,False
Asetil Sistein tab 200 mg,Tablet,2024-03-01,0,False,False
Asetil Sistein tab 200 mg,Tablet,2024-04-01,0,False,False
Asetil Sistein tab 200 mg,Tablet,2024-05-01,0,False,False
Asetil Sistein tab 200 mg,Tablet,2024-06-01,0,False,False
Asetil Sistein tab 200 mg,Tablet,2024-07-01,0,False,False
Asetil Sistein tab 200 mg,Tablet,2024-08-01,0,False,False
Asetil Sistein tab 200 mg,Tablet,2024-09-01,0,False,False
Asetil Sistein tab 200 mg,Tablet,2024-10-01,0,False,False
Asetil Sistein tab 200 mg,Tablet,2024-11-01,0,False,False
Asetil Sistein tab 200 mg,Tablet,2024-12-01,0,False,False
Asetil Sistein tab 200 mg,Tablet,2025-01-01,0,True,False
Asetil Sistein tab 200 mg,Tablet,2025-02-01,0,True,False
Asetil Sistein tab 200 mg,Tablet,2025-03-01,0,True,False
Asetil Sistein tab 200 mg,Tablet,2025-04-01,0,False,True
Asetil Sistein tab 200 mg,Tablet,2025-05-01,0,True,False
Asetil Sistein tab 200 mg,Tablet,2025-06-01,110,True,False
Asetil Sistein tab 200 mg,Tablet,2025-07-01,132,True,False
Asetil Sistein tab 200 mg,Tablet,2025-08-01,68,True,False
Asetil Sistein tab 200 mg,Tablet,2025-09-01,104,True,False
Asetil Sistein tab 200 mg,Tablet,2025-10-01,176,True,False
Asetil Sistein tab 200 mg,Tablet,2025-11-01,318,True,False
Asetil Sistein tab 200 mg,Tablet,2025-12-01,222,True,False
Asetil Sistein tab 200 mg,Tablet,2026-01-01,78,True,False
Asetil Sistein tab 200 mg,Tablet,2026-02-01,62,True,False
Asetosal 100 mg,Tablet,2024-01-01,0,True,False
Asetosal 100 mg,Tablet,2024-02-01,0,True,False
Asetosal 100 mg,Tablet,2024-03-01,0,True,False
Asetosal 100 mg,Tablet,2024-04-01,0,True,False
Asetosal 100 mg,Tablet,2024-05-01,0,True,False
Asetosal 100 mg,Tablet,2024-06-01,0,True,False
Asetosal 100 mg,Tablet,2024-07-01,0,True,False
Asetosal 100 mg,Tablet,2024-08-01,0,True,False
Asetosal 100 mg,Tablet,2024-09-01,0,True,False
Asetosal 100 mg,Tablet,2024-10-01,0,True,False
Asetosal 100 mg,Tablet,2024-11-01,0,True,False
Asetosal 100 mg,Tablet,2024-12-01,0,True,False
Asetosal 100 mg,Tablet,2025-01-01,0,False,False
Asetosal 100 mg,Tablet,2025-02-01,0,False,False
Asetosal 100 mg,Tablet,2025-03-01,0,False,False
Asetosal 100 mg,Tablet,2025-04-01,0,False,True
Asetosal 100 mg,Tablet,2025-05-01,0,False,False
Asetosal 100 mg,Tablet,2025-06-01,0,False,False
Asetosal 100 mg,Tablet,2025-07-01,0,False,False
Asetosal 100 mg,Tablet,2025-08-01,0,False,False
Asetosal 100 mg,Tablet,2025-09-01,0,False,False
Asetosal 100 mg,Tablet,2025-10-01,0,False,False
Asetosal 100 mg,Tablet,2025-11-01,0,False,False
Asetosal 100 mg,Tablet,2025-12-01,0,False,False
Asetosal 100 mg,Tablet,2026-01-01,0,False,False
Asetosal 100 mg,Tablet,2026-02-01,0,False,False
Asetosal 80 mg (Miniaspi),Tablet,2024-01-01,60,True,False
Asetosal 80 mg (Miniaspi),Tablet,2024-02-01,110,True,False
Asetosal 80 mg (Miniaspi),Tablet,2024-03-01,130,True,False
Asetosal 80 mg (Miniaspi),Tablet,2024-04-01,30,True,False
Asetosal 80 mg (Miniaspi),Tablet,2024-05-01,20,True,False
Asetosal 80 mg (Miniaspi),Tablet,2024-06-01,0,True,False
Asetosal 80 mg (Miniaspi),Tablet,2024-07-01,110,True,False
Asetosal 80 mg (Miniaspi),Tablet,2024-08-01,30,True,False
Asetosal 80 mg (Miniaspi),Tablet,2024-09-01,142,True,False
Asetosal 80 mg (Miniaspi),Tablet,2024-10-01,50,True,False
Asetosal 80 mg (Miniaspi),Tablet,2024-11-01,58,True,False
Asetosal 80 mg (Miniaspi),Tablet,2024-12-01,10,True,False
Asetosal 80 mg (Miniaspi),Tablet,2025-01-01,0,False,False
Asetosal 80 mg (Miniaspi),Tablet,2025-02-01,0,False,False
Asetosal 80 mg (Miniaspi),Tablet,2025-03-01,0,False,False
Asetosal 80 mg (Miniaspi),Tablet,2025-04-01,0,False,True
Asetosal 80 mg (Miniaspi),Tablet,2025-05-01,0,False,False
Asetosal 80 mg (Miniaspi),Tablet,2025-06-01,0,False,False
Asetosal 80 mg (Miniaspi),Tablet,2025-07-01,0,False,False
Asetosal 80 mg (Miniaspi),Tablet,2025-08-01,0,False,False
Asetosal 80 mg (Miniaspi),Tablet,2025-09-01,0,False,False
Asetosal 80 mg (Miniaspi),Tablet,2025-10-01,0,False,False
Asetosal 80 mg (Miniaspi),Tablet,2025-11-01,0,False,False
Asetosal 80 mg (Miniaspi),Tablet,2025-12-01,0,False,False
Asetosal 80 mg (Miniaspi),Tablet,2026-01-01,0,False,False
Asetosal 80 mg (Miniaspi),Tablet,2026-02-01,0,False,False
Aspilets 100 mg tab /Miniaspi 100/Aptor,Tablet,2024-01-01,0,False,False
Aspilets 100 mg tab /Miniaspi 100/Aptor,Tablet,2024-02-01,0,False,False
Aspilets 100 mg tab /Miniaspi 100/Aptor,Tablet,2024-03-01,0,False,False
Aspilets 100 mg tab /Miniaspi 100/Aptor,Tablet,2024-04-01,0,False,False
Aspilets 100 mg tab /Miniaspi 100/Aptor,Tablet,2024-05-01,0,False,False
Aspilets 100 mg tab /Miniaspi 100/Aptor,Tablet,2024-06-01,0,False,False
Aspilets 100 mg tab /Miniaspi 100/Aptor,Tablet,2024-07-01,0,False,False
Aspilets 100 mg tab /Miniaspi 100/Aptor,Tablet,2024-08-01,0,False,False
Aspilets 100 mg tab /Miniaspi 100/Aptor,Tablet,2024-09-01,0,False,False
Aspilets 100 mg tab /Miniaspi 100/Aptor,Tablet,2024-10-01,0,False,False
Aspilets 100 mg tab /Miniaspi 100/Aptor,Tablet,2024-11-01,0,False,False
Aspilets 100 mg tab /Miniaspi 100/Aptor,Tablet,2024-12-01,0,False,False
Aspilets 100 mg tab /Miniaspi 100/Aptor,Tablet,2025-01-01,0,False,False
Aspilets 100 mg tab /Miniaspi 100/Aptor,Tablet,2025-02-01,0,False,False
Aspilets 100 mg tab /Miniaspi 100/Aptor,Tablet,2025-03-01,0,False,False
Aspilets 100 mg tab /Miniaspi 100/Aptor,Tablet,2025-04-01,0,False,True
Aspilets 100 mg tab /Miniaspi 100/Aptor,Tablet,2025-05-01,0,False,False
Aspilets 100 mg tab /Miniaspi 100/Aptor,Tablet,2025-06-01,0,False,False
Aspilets 100 mg tab /Miniaspi 100/Aptor,Tablet,2025-07-01,0,False,False
Aspilets 100 mg tab /Miniaspi 100/Aptor,Tablet,2025-08-01,0,False,False
Aspilets 100 mg tab /Miniaspi 100/Aptor,Tablet,2025-09-01,0,False,False
Aspilets 100 mg tab /Miniaspi 100/Aptor,Tablet,2025-10-01,0,False,False
Aspilets 100 mg tab /Miniaspi 100/Aptor,Tablet,2025-11-01,0,False,False
Aspilets 100 mg tab /Miniaspi 100/Aptor,Tablet,2025-12-01,0,False,False
Aspilets 100 mg tab /Miniaspi 100/Aptor,Tablet,2026-01-01,123,True,False
Aspilets 100 mg tab /Miniaspi 100/Aptor,Tablet,2026-02-01,22,True,False
Aspilets 80 mg tab /Miniaspi 80,Tablet,2024-01-01,0,False,False
Aspilets 80 mg tab /Miniaspi 80,Tablet,2024-02-01,0,False,False
Aspilets 80 mg tab /Miniaspi 80,Tablet,2024-03-01,0,False,False
Aspilets 80 mg tab /Miniaspi 80,Tablet,2024-04-01,0,False,False
Aspilets 80 mg tab /Miniaspi 80,Tablet,2024-05-01,0,False,False
Aspilets 80 mg tab /Miniaspi 80,Tablet,2024-06-01,0,False,False
Aspilets 80 mg tab /Miniaspi 80,Tablet,2024-07-01,0,False,False
Aspilets 80 mg tab /Miniaspi 80,Tablet,2024-08-01,0,False,False
Aspilets 80 mg tab /Miniaspi 80,Tablet,2024-09-01,0,False,False
Aspilets 80 mg tab /Miniaspi 80,Tablet,2024-10-01,0,False,False
Aspilets 80 mg tab /Miniaspi 80,Tablet,2024-11-01,0,False,False
Aspilets 80 mg tab /Miniaspi 80,Tablet,2024-12-01,0,False,False
Aspilets 80 mg tab /Miniaspi 80,Tablet,2025-01-01,30,True,False
Aspilets 80 mg tab /Miniaspi 80,Tablet,2025-02-01,1390,True,False
Aspilets 80 mg tab /Miniaspi 80,Tablet,2025-03-01,0,True,False
Aspilets 80 mg tab /Miniaspi 80,Tablet,2025-04-01,0,False,True
Aspilets 80 mg tab /Miniaspi 80,Tablet,2025-05-01,0,True,False
Aspilets 80 mg tab /Miniaspi 80,Tablet,2025-06-01,0,True,False
Aspilets 80 mg tab /Miniaspi 80,Tablet,2025-07-01,0,True,False
Aspilets 80 mg tab /Miniaspi 80,Tablet,2025-08-01,0,True,False
Aspilets 80 mg tab /Miniaspi 80,Tablet,2025-09-01,0,True,False
Aspilets 80 mg tab /Miniaspi 80,Tablet,2025-10-01,0,True,False
Aspilets 80 mg tab /Miniaspi 80,Tablet,2025-11-01,0,True,False
Aspilets 80 mg tab /Miniaspi 80,Tablet,2025-12-01,0,True,False
Aspilets 80 mg tab /Miniaspi 80,Tablet,2026-01-01,0,False,False
Aspilets 80 mg tab /Miniaspi 80,Tablet,2026-02-01,0,False,False
Aspilets 80 mg tab /Miniaspi 80/Aptor,Tablet,2024-01-01,0,False,False
Aspilets 80 mg tab /Miniaspi 80/Aptor,Tablet,2024-02-01,0,False,False
Aspilets 80 mg tab /Miniaspi 80/Aptor,Tablet,2024-03-01,0,False,False
Aspilets 80 mg tab /Miniaspi 80/Aptor,Tablet,2024-04-01,0,False,False
Aspilets 80 mg tab /Miniaspi 80/Aptor,Tablet,2024-05-01,0,False,False
Aspilets 80 mg tab /Miniaspi 80/Aptor,Tablet,2024-06-01,0,False,False
Aspilets 80 mg tab /Miniaspi 80/Aptor,Tablet,2024-07-01,0,False,False
Aspilets 80 mg tab /Miniaspi 80/Aptor,Tablet,2024-08-01,0,False,False
Aspilets 80 mg tab /Miniaspi 80/Aptor,Tablet,2024-09-01,0,False,False
Aspilets 80 mg tab /Miniaspi 80/Aptor,Tablet,2024-10-01,0,False,False
Aspilets 80 mg tab /Miniaspi 80/Aptor,Tablet,2024-11-01,0,False,False
Aspilets 80 mg tab /Miniaspi 80/Aptor,Tablet,2024-12-01,0,False,False
Aspilets 80 mg tab /Miniaspi 80/Aptor,Tablet,2025-01-01,0,False,False
Aspilets 80 mg tab /Miniaspi 80/Aptor,Tablet,2025-02-01,0,False,False
Aspilets 80 mg tab /Miniaspi 80/Aptor,Tablet,2025-03-01,0,False,False
Aspilets 80 mg tab /Miniaspi 80/Aptor,Tablet,2025-04-01,0,False,True
Aspilets 80 mg tab /Miniaspi 80/Aptor,Tablet,2025-05-01,0,True,False
Aspilets 80 mg tab /Miniaspi 80/Aptor,Tablet,2025-06-01,20,True,False
Aspilets 80 mg tab /Miniaspi 80/Aptor,Tablet,2025-07-01,170,True,False
Aspilets 80 mg tab /Miniaspi 80/Aptor,Tablet,2025-08-01,80,True,False
Aspilets 80 mg tab /Miniaspi 80/Aptor,Tablet,2025-09-01,140,True,False
Aspilets 80 mg tab /Miniaspi 80/Aptor,Tablet,2025-10-01,20,True,False
Aspilets 80 mg tab /Miniaspi 80/Aptor,Tablet,2025-11-01,660,True,False
Aspilets 80 mg tab /Miniaspi 80/Aptor,Tablet,2025-12-01,0,True,False
Aspilets 80 mg tab /Miniaspi 80/Aptor,Tablet,2026-01-01,0,False,False
Aspilets 80 mg tab /Miniaspi 80/Aptor,Tablet,2026-02-01,0,False,False
Atorvastatin Kalsium 20 mg tab,Tablet,2024-01-01,100,True,False
Atorvastatin Kalsium 20 mg tab,Tablet,2024-02-01,50,True,False
Atorvastatin Kalsium 20 mg tab,Tablet,2024-03-01,100,True,False
Atorvastatin Kalsium 20 mg tab,Tablet,2024-04-01,40,True,False
Atorvastatin Kalsium 20 mg tab,Tablet,2024-05-01,10,True,False
Atorvastatin Kalsium 20 mg tab,Tablet,2024-06-01,200,True,False
Atorvastatin Kalsium 20 mg tab,Tablet,2024-07-01,0,True,False
Atorvastatin Kalsium 20 mg tab,Tablet,2024-08-01,100,True,False
Atorvastatin Kalsium 20 mg tab,Tablet,2024-09-01,0,True,False
Atorvastatin Kalsium 20 mg tab,Tablet,2024-10-01,100,True,False
Atorvastatin Kalsium 20 mg tab,Tablet,2024-11-01,100,True,False
Atorvastatin Kalsium 20 mg tab,Tablet,2024-12-01,0,True,False
Atorvastatin Kalsium 20 mg tab,Tablet,2025-01-01,100,True,False
Atorvastatin Kalsium 20 mg tab,Tablet,2025-02-01,100,True,False
Atorvastatin Kalsium 20 mg tab,Tablet,2025-03-01,0,True,False
Atorvastatin Kalsium 20 mg tab,Tablet,2025-04-01,0,False,True
Atorvastatin Kalsium 20 mg tab,Tablet,2025-05-01,0,True,False
Atorvastatin Kalsium 20 mg tab,Tablet,2025-06-01,0,True,False
Atorvastatin Kalsium 20 mg tab,Tablet,2025-07-01,0,True,False
Atorvastatin Kalsium 20 mg tab,Tablet,2025-08-01,0,True,False
Atorvastatin Kalsium 20 mg tab,Tablet,2025-09-01,0,True,False
Atorvastatin Kalsium 20 mg tab,Tablet,2025-10-01,0,True,False
Atorvastatin Kalsium 20 mg tab,Tablet,2025-11-01,0,True,False
Atorvastatin Kalsium 20 mg tab,Tablet,2025-12-01,0,True,False
Atorvastatin Kalsium 20 mg tab,Tablet,2026-01-01,0,True,False
Atorvastatin Kalsium 20 mg tab,Tablet,2026-02-01,0,True,False
"Atropin Sulfat inj 0,25 mg/ml",Ampul,2024-01-01,0,True,False
"Atropin Sulfat inj 0,25 mg/ml",Ampul,2024-02-01,0,True,False
"Atropin Sulfat inj 0,25 mg/ml",Ampul,2024-03-01,0,True,False
"Atropin Sulfat inj 0,25 mg/ml",Ampul,2024-04-01,0,True,False
"Atropin Sulfat inj 0,25 mg/ml",Ampul,2024-05-01,92,True,False
"Atropin Sulfat inj 0,25 mg/ml",Ampul,2024-06-01,0,True,False
"Atropin Sulfat inj 0,25 mg/ml",Ampul,2024-07-01,0,True,False
"Atropin Sulfat inj 0,25 mg/ml",Ampul,2024-08-01,0,True,False
"Atropin Sulfat inj 0,25 mg/ml",Ampul,2024-09-01,0,True,False
"Atropin Sulfat inj 0,25 mg/ml",Ampul,2024-10-01,0,True,False
"Atropin Sulfat inj 0,25 mg/ml",Ampul,2024-11-01,0,True,False
"Atropin Sulfat inj 0,25 mg/ml",Ampul,2024-12-01,0,True,False
"Atropin Sulfat inj 0,25 mg/ml",Ampul,2025-01-01,0,True,False
"Atropin Sulfat inj 0,25 mg/ml",Ampul,2025-02-01,0,True,False
"Atropin Sulfat inj 0,25 mg/ml",Ampul,2025-03-01,0,True,False
"Atropin Sulfat inj 0,25 mg/ml",Ampul,2025-04-01,0,False,True
"Atropin Sulfat inj 0,25 mg/ml",Ampul,2025-05-01,0,True,False
"Atropin Sulfat inj 0,25 mg/ml",Ampul,2025-06-01,0,True,False
"Atropin Sulfat inj 0,25 mg/ml",Ampul,2025-07-01,0,True,False
"Atropin Sulfat inj 0,25 mg/ml",Ampul,2025-08-01,0,True,False
"Atropin Sulfat inj 0,25 mg/ml",Ampul,2025-09-01,0,True,False
"Atropin Sulfat inj 0,25 mg/ml",Ampul,2025-10-01,0,True,False
"Atropin Sulfat inj 0,25 mg/ml",Ampul,2025-11-01,0,True,False
"Atropin Sulfat inj 0,25 mg/ml",Ampul,2025-12-01,0,True,False
"Atropin Sulfat inj 0,25 mg/ml",Ampul,2026-01-01,0,False,False
"Atropin Sulfat inj 0,25 mg/ml",Ampul,2026-02-01,0,False,False
Attapulgit Pektin (Molagit) tab,Tablet,2024-01-01,0,False,False
Attapulgit Pektin (Molagit) tab,Tablet,2024-02-01,0,False,False
Attapulgit Pektin (Molagit) tab,Tablet,2024-03-01,0,False,False
Attapulgit Pektin (Molagit) tab,Tablet,2024-04-01,0,False,False
Attapulgit Pektin (Molagit) tab,Tablet,2024-05-01,0,False,False
Attapulgit Pektin (Molagit) tab,Tablet,2024-06-01,0,False,False
Attapulgit Pektin (Molagit) tab,Tablet,2024-07-01,0,False,False
Attapulgit Pektin (Molagit) tab,Tablet,2024-08-01,0,False,False
Attapulgit Pektin (Molagit) tab,Tablet,2024-09-01,0,False,False
Attapulgit Pektin (Molagit) tab,Tablet,2024-10-01,0,False,False
Attapulgit Pektin (Molagit) tab,Tablet,2024-11-01,0,False,False
Attapulgit Pektin (Molagit) tab,Tablet,2024-12-01,0,False,False
Attapulgit Pektin (Molagit) tab,Tablet,2025-01-01,0,False,False
Attapulgit Pektin (Molagit) tab,Tablet,2025-02-01,0,False,False
Attapulgit Pektin (Molagit) tab,Tablet,2025-03-01,0,False,False
Attapulgit Pektin (Molagit) tab,Tablet,2025-04-01,0,False,True
Attapulgit Pektin (Molagit) tab,Tablet,2025-05-01,0,False,False
Attapulgit Pektin (Molagit) tab,Tablet,2025-06-01,0,False,False
Attapulgit Pektin (Molagit) tab,Tablet,2025-07-01,0,False,False
Attapulgit Pektin (Molagit) tab,Tablet,2025-08-01,0,False,False
Attapulgit Pektin (Molagit) tab,Tablet,2025-09-01,0,False,False
Attapulgit Pektin (Molagit) tab,Tablet,2025-10-01,0,False,False
Attapulgit Pektin (Molagit) tab,Tablet,2025-11-01,0,False,False
Attapulgit Pektin (Molagit) tab,Tablet,2025-12-01,0,False,False
Attapulgit Pektin (Molagit) tab,Tablet,2026-01-01,756,True,False
Attapulgit Pektin (Molagit) tab,Tablet,2026-02-01,774,True,False
Azitromicin,Tablet,2024-01-01,0,True,False
Azitromicin,Tablet,2024-02-01,520,True,False
Azitromicin,Tablet,2024-03-01,0,True,False
Azitromicin,Tablet,2024-04-01,0,True,False
Azitromicin,Tablet,2024-05-01,0,True,False
Azitromicin,Tablet,2024-06-01,0,True,False
Azitromicin,Tablet,2024-07-01,0,True,False
Azitromicin,Tablet,2024-08-01,0,True,False
Azitromicin,Tablet,2024-09-01,0,True,False
Azitromicin,Tablet,2024-10-01,0,True,False
Azitromicin,Tablet,2024-11-01,50,True,False
Azitromicin,Tablet,2024-12-01,25,True,False
Azitromicin,Tablet,2025-01-01,0,True,False
Azitromicin,Tablet,2025-02-01,0,True,False
Azitromicin,Tablet,2025-03-01,0,True,False
Azitromicin,Tablet,2025-04-01,0,False,True
Azitromicin,Tablet,2025-05-01,0,True,False
Azitromicin,Tablet,2025-06-01,0,True,False
Azitromicin,Tablet,2025-07-01,0,True,False
Azitromicin,Tablet,2025-08-01,0,True,False
Azitromicin,Tablet,2025-09-01,0,True,False
Azitromicin,Tablet,2025-10-01,0,True,False
Azitromicin,Tablet,2025-11-01,0,True,False
Azitromicin,Tablet,2025-12-01,0,True,False
Azitromicin,Tablet,2026-01-01,0,False,False
Azitromicin,Tablet,2026-02-01,0,False,False
Becefort,Tablet,2024-01-01,600,True,False
Becefort,Tablet,2024-02-01,0,True,False
Becefort,Tablet,2024-03-01,100,True,False
Becefort,Tablet,2024-04-01,0,True,False
Becefort,Tablet,2024-05-01,200,True,False
Becefort,Tablet,2024-06-01,1000,True,False
Becefort,Tablet,2024-07-01,1200,True,False
Becefort,Tablet,2024-08-01,740,True,False
Becefort,Tablet,2024-09-01,263,True,False
Becefort,Tablet,2024-10-01,46,True,False
Becefort,Tablet,2024-11-01,51,True,False
Becefort,Tablet,2024-12-01,0,True,False
Becefort,Tablet,2025-01-01,0,True,False
Becefort,Tablet,2025-02-01,0,True,False
Becefort,Tablet,2025-03-01,0,True,False
Becefort,Tablet,2025-04-01,0,False,True
Becefort,Tablet,2025-05-01,0,True,False
Becefort,Tablet,2025-06-01,85,True,False
Becefort,Tablet,2025-07-01,112,True,False
Becefort,Tablet,2025-08-01,10,True,False
Becefort,Tablet,2025-09-01,117,True,False
Becefort,Tablet,2025-10-01,126,True,False
Becefort,Tablet,2025-11-01,75,True,False
Becefort,Tablet,2025-12-01,267,True,False
Becefort,Tablet,2026-01-01,449,True,False
Becefort,Tablet,2026-02-01,58,True,False
Bedak Salisil,Pot,2024-01-01,5,True,False
Bedak Salisil,Pot,2024-02-01,5,True,False
Bedak Salisil,Pot,2024-03-01,3,True,False
Bedak Salisil,Pot,2024-04-01,1,True,False
Bedak Salisil,Pot,2024-05-01,3,True,False
Bedak Salisil,Pot,2024-06-01,10,True,False
Bedak Salisil,Pot,2024-07-01,2,True,False
Bedak Salisil,Pot,2024-08-01,3,True,False
Bedak Salisil,Pot,2024-09-01,6,True,False
Bedak Salisil,Pot,2024-10-01,10,True,False
Bedak Salisil,Pot,2024-11-01,3,True,False
Bedak Salisil,Pot,2024-12-01,1,True,False
Bedak Salisil,Pot,2025-01-01,0,False,False
Bedak Salisil,Pot,2025-02-01,0,False,False
Bedak Salisil,Pot,2025-03-01,0,False,False
Bedak Salisil,Pot,2025-04-01,0,False,True
Bedak Salisil,Pot,2025-05-01,0,False,False
Bedak Salisil,Pot,2025-06-01,0,False,False
Bedak Salisil,Pot,2025-07-01,0,False,False
Bedak Salisil,Pot,2025-08-01,0,False,False
Bedak Salisil,Pot,2025-09-01,0,False,False
Bedak Salisil,Pot,2025-10-01,0,False,False
Bedak Salisil,Pot,2025-11-01,0,False,False
Bedak Salisil,Pot,2025-12-01,0,False,False
Bedak Salisil,Pot,2026-01-01,0,False,False
Bedak Salisil,Pot,2026-02-01,0,False,False
Bedaquiline (BDQ)100 mg,Tablet,2024-01-01,0,False,False
Bedaquiline (BDQ)100 mg,Tablet,2024-02-01,0,False,False
Bedaquiline (BDQ)100 mg,Tablet,2024-03-01,0,False,False
Bedaquiline (BDQ)100 mg,Tablet,2024-04-01,0,False,False
Bedaquiline (BDQ)100 mg,Tablet,2024-05-01,0,False,False
Bedaquiline (BDQ)100 mg,Tablet,2024-06-01,0,False,False
Bedaquiline (BDQ)100 mg,Tablet,2024-07-01,0,False,False
Bedaquiline (BDQ)100 mg,Tablet,2024-08-01,0,False,False
Bedaquiline (BDQ)100 mg,Tablet,2024-09-01,0,False,False
Bedaquiline (BDQ)100 mg,Tablet,2024-10-01,0,False,False
Bedaquiline (BDQ)100 mg,Tablet,2024-11-01,188,True,False
Bedaquiline (BDQ)100 mg,Tablet,2024-12-01,0,True,False
Bedaquiline (BDQ)100 mg,Tablet,2025-01-01,0,True,False
Bedaquiline (BDQ)100 mg,Tablet,2025-02-01,0,True,False
Bedaquiline (BDQ)100 mg,Tablet,2025-03-01,0,True,False
Bedaquiline (BDQ)100 mg,Tablet,2025-04-01,0,False,True
Bedaquiline (BDQ)100 mg,Tablet,2025-05-01,0,True,False
Bedaquiline (BDQ)100 mg,Tablet,2025-06-01,0,True,False
Bedaquiline (BDQ)100 mg,Tablet,2025-07-01,0,True,False
Bedaquiline (BDQ)100 mg,Tablet,2025-08-01,0,True,False
Bedaquiline (BDQ)100 mg,Tablet,2025-09-01,0,True,False
Bedaquiline (BDQ)100 mg,Tablet,2025-10-01,0,True,False
Bedaquiline (BDQ)100 mg,Tablet,2025-11-01,0,True,False
Bedaquiline (BDQ)100 mg,Tablet,2025-12-01,0,True,False
Bedaquiline (BDQ)100 mg,Tablet,2026-01-01,376,True,False
Bedaquiline (BDQ)100 mg,Tablet,2026-02-01,0,True,False
Benoson-N,Tube,2024-01-01,0,False,False
Benoson-N,Tube,2024-02-01,0,False,False
Benoson-N,Tube,2024-03-01,0,False,False
Benoson-N,Tube,2024-04-01,0,False,False
Benoson-N,Tube,2024-05-01,0,False,False
Benoson-N,Tube,2024-06-01,0,False,False
Benoson-N,Tube,2024-07-01,0,False,False
Benoson-N,Tube,2024-08-01,3,True,False
Benoson-N,Tube,2024-09-01,8,True,False
Benoson-N,Tube,2024-10-01,14,True,False
Benoson-N,Tube,2024-11-01,27,True,False
Benoson-N,Tube,2024-12-01,12,True,False
Benoson-N,Tube,2025-01-01,0,False,False
Benoson-N,Tube,2025-02-01,0,False,False
Benoson-N,Tube,2025-03-01,0,False,False
Benoson-N,Tube,2025-04-01,0,False,True
Benoson-N,Tube,2025-05-01,0,False,False
Benoson-N,Tube,2025-06-01,0,False,False
Benoson-N,Tube,2025-07-01,0,False,False
Benoson-N,Tube,2025-08-01,0,False,False
Benoson-N,Tube,2025-09-01,0,False,False
Benoson-N,Tube,2025-10-01,0,False,False
Benoson-N,Tube,2025-11-01,0,False,False
Benoson-N,Tube,2025-12-01,0,False,False
Benoson-N,Tube,2026-01-01,0,False,False
Benoson-N,Tube,2026-02-01,0,False,False
Benzathine BenzylPenicillin,Vial,2024-01-01,0,False,False
Benzathine BenzylPenicillin,Vial,2024-02-01,0,False,False
Benzathine BenzylPenicillin,Vial,2024-03-01,0,False,False
Benzathine BenzylPenicillin,Vial,2024-04-01,0,False,False
Benzathine BenzylPenicillin,Vial,2024-05-01,0,False,False
Benzathine BenzylPenicillin,Vial,2024-06-01,0,False,False
Benzathine BenzylPenicillin,Vial,2024-07-01,0,False,False
Benzathine BenzylPenicillin,Vial,2024-08-01,0,False,False
Benzathine BenzylPenicillin,Vial,2024-09-01,0,False,False
Benzathine BenzylPenicillin,Vial,2024-10-01,0,False,False
Benzathine BenzylPenicillin,Vial,2024-11-01,0,True,False
Benzathine BenzylPenicillin,Vial,2024-12-01,1,True,False
Benzathine BenzylPenicillin,Vial,2025-01-01,1,True,False
Benzathine BenzylPenicillin,Vial,2025-02-01,0,True,False
Benzathine BenzylPenicillin,Vial,2025-03-01,0,True,False
Benzathine BenzylPenicillin,Vial,2025-04-01,0,False,True
Benzathine BenzylPenicillin,Vial,2025-05-01,0,True,False
Benzathine BenzylPenicillin,Vial,2025-06-01,0,True,False
Benzathine BenzylPenicillin,Vial,2025-07-01,0,True,False
Benzathine BenzylPenicillin,Vial,2025-08-01,0,True,False
Benzathine BenzylPenicillin,Vial,2025-09-01,0,True,False
Benzathine BenzylPenicillin,Vial,2025-10-01,0,True,False
Benzathine BenzylPenicillin,Vial,2025-11-01,0,True,False
Benzathine BenzylPenicillin,Vial,2025-12-01,0,True,False
Benzathine BenzylPenicillin,Vial,2026-01-01,0,True,False
Benzathine BenzylPenicillin,Vial,2026-02-01,0,True,False
Besanmag,Tablet,2024-01-01,0,True,False
Besanmag,Tablet,2024-02-01,0,True,False
Besanmag,Tablet,2024-03-01,0,True,False
Besanmag,Tablet,2024-04-01,0,True,False
Besanmag,Tablet,2024-05-01,0,True,False
Besanmag,Tablet,2024-06-01,0,True,False
Besanmag,Tablet,2024-07-01,0,True,False
Besanmag,Tablet,2024-08-01,0,True,False
Besanmag,Tablet,2024-09-01,0,True,False
Besanmag,Tablet,2024-10-01,0,True,False
Besanmag,Tablet,2024-11-01,0,True,False
Besanmag,Tablet,2024-12-01,0,True,False
Besanmag,Tablet,2025-01-01,0,False,False
Besanmag,Tablet,2025-02-01,0,False,False
Besanmag,Tablet,2025-03-01,0,False,False
Besanmag,Tablet,2025-04-01,0,False,True
Besanmag,Tablet,2025-05-01,0,False,False
Besanmag,Tablet,2025-06-01,0,False,False
Besanmag,Tablet,2025-07-01,0,False,False
Besanmag,Tablet,2025-08-01,0,False,False
Besanmag,Tablet,2025-09-01,0,False,False
Besanmag,Tablet,2025-10-01,0,False,False
Besanmag,Tablet,2025-11-01,0,False,False
Besanmag,Tablet,2025-12-01,0,False,False
Besanmag,Tablet,2026-01-01,0,False,False
Besanmag,Tablet,2026-02-01,0,False,False
Besi (II) Sulfat + As. Folat,Tablet,2024-01-01,75400,True,False
Besi (II) Sulfat + As. Folat,Tablet,2024-02-01,0,True,False
Besi (II) Sulfat + As. Folat,Tablet,2024-03-01,0,True,False
Besi (II) Sulfat + As. Folat,Tablet,2024-04-01,0,True,False
Besi (II) Sulfat + As. Folat,Tablet,2024-05-01,0,True,False
Besi (II) Sulfat + As. Folat,Tablet,2024-06-01,75400,True,False
Besi (II) Sulfat + As. Folat,Tablet,2024-07-01,0,True,False
Besi (II) Sulfat + As. Folat,Tablet,2024-08-01,0,True,False
Besi (II) Sulfat + As. Folat,Tablet,2024-09-01,0,True,False
Besi (II) Sulfat + As. Folat,Tablet,2024-10-01,0,True,False
Besi (II) Sulfat + As. Folat,Tablet,2024-11-01,0,True,False
Besi (II) Sulfat + As. Folat,Tablet,2024-12-01,0,True,False
Besi (II) Sulfat + As. Folat,Tablet,2025-01-01,0,True,False
Besi (II) Sulfat + As. Folat,Tablet,2025-02-01,0,True,False
Besi (II) Sulfat + As. Folat,Tablet,2025-03-01,0,True,False
Besi (II) Sulfat + As. Folat,Tablet,2025-04-01,0,False,True
Besi (II) Sulfat + As. Folat,Tablet,2025-05-01,0,True,False
Besi (II) Sulfat + As. Folat,Tablet,2025-06-01,0,True,False
Besi (II) Sulfat + As. Folat,Tablet,2025-07-01,2000,True,False
Besi (II) Sulfat + As. Folat,Tablet,2025-08-01,0,True,False
Besi (II) Sulfat + As. Folat,Tablet,2025-09-01,60000,True,False
Besi (II) Sulfat + As. Folat,Tablet,2025-10-01,35000,True,False
Besi (II) Sulfat + As. Folat,Tablet,2025-11-01,38200,True,False
Besi (II) Sulfat + As. Folat,Tablet,2025-12-01,2960,True,False
Besi (II) Sulfat + As. Folat,Tablet,2026-01-01,2020,True,False
Besi (II) Sulfat + As. Folat,Tablet,2026-02-01,1440,True,False
Besi sirup / Solvitron / Ferriz Syr,Botol,2024-01-01,0,False,False
Besi sirup / Solvitron / Ferriz Syr,Botol,2024-02-01,0,False,False
Besi sirup / Solvitron / Ferriz Syr,Botol,2024-03-01,0,False,False
Besi sirup / Solvitron / Ferriz Syr,Botol,2024-04-01,0,False,False
Besi sirup / Solvitron / Ferriz Syr,Botol,2024-05-01,0,False,False
Besi sirup / Solvitron / Ferriz Syr,Botol,2024-06-01,0,False,False
Besi sirup / Solvitron / Ferriz Syr,Botol,2024-07-01,0,False,False
Besi sirup / Solvitron / Ferriz Syr,Botol,2024-08-01,0,False,False
Besi sirup / Solvitron / Ferriz Syr,Botol,2024-09-01,0,False,False
Besi sirup / Solvitron / Ferriz Syr,Botol,2024-10-01,0,False,False
Besi sirup / Solvitron / Ferriz Syr,Botol,2024-11-01,0,False,False
Besi sirup / Solvitron / Ferriz Syr,Botol,2024-12-01,0,False,False
Besi sirup / Solvitron / Ferriz Syr,Botol,2025-01-01,0,True,False
Besi sirup / Solvitron / Ferriz Syr,Botol,2025-02-01,0,True,False
Besi sirup / Solvitron / Ferriz Syr,Botol,2025-03-01,0,True,False
Besi sirup / Solvitron / Ferriz Syr,Botol,2025-04-01,0,False,True
Besi sirup / Solvitron / Ferriz Syr,Botol,2025-05-01,0,True,False
Besi sirup / Solvitron / Ferriz Syr,Botol,2025-06-01,0,True,False
Besi sirup / Solvitron / Ferriz Syr,Botol,2025-07-01,0,True,False
Besi sirup / Solvitron / Ferriz Syr,Botol,2025-08-01,0,True,False
Besi sirup / Solvitron / Ferriz Syr,Botol,2025-09-01,0,True,False
Besi sirup / Solvitron / Ferriz Syr,Botol,2025-10-01,0,True,False
Besi sirup / Solvitron / Ferriz Syr,Botol,2025-11-01,0,True,False
Besi sirup / Solvitron / Ferriz Syr,Botol,2025-12-01,0,True,False
Besi sirup / Solvitron / Ferriz Syr,Botol,2026-01-01,0,False,False
Besi sirup / Solvitron / Ferriz Syr,Botol,2026-02-01,0,False,False
Betadin gargle,Botol,2024-01-01,3,True,False
Betadin gargle,Botol,2024-02-01,5,True,False
Betadin gargle,Botol,2024-03-01,1,True,False
Betadin gargle,Botol,2024-04-01,5,True,False
Betadin gargle,Botol,2024-05-01,5,True,False
Betadin gargle,Botol,2024-06-01,3,True,False
Betadin gargle,Botol,2024-07-01,0,True,False
Betadin gargle,Botol,2024-08-01,0,True,False
Betadin gargle,Botol,2024-09-01,0,True,False
Betadin gargle,Botol,2024-10-01,0,True,False
Betadin gargle,Botol,2024-11-01,1,True,False
Betadin gargle,Botol,2024-12-01,0,True,False
Betadin gargle,Botol,2025-01-01,0,False,False
Betadin gargle,Botol,2025-02-01,0,False,False
Betadin gargle,Botol,2025-03-01,0,False,False
Betadin gargle,Botol,2025-04-01,0,False,True
Betadin gargle,Botol,2025-05-01,0,False,False
Betadin gargle,Botol,2025-06-01,0,False,False
Betadin gargle,Botol,2025-07-01,0,False,False
Betadin gargle,Botol,2025-08-01,0,False,False
Betadin gargle,Botol,2025-09-01,0,False,False
Betadin gargle,Botol,2025-10-01,0,False,False
Betadin gargle,Botol,2025-11-01,0,False,False
Betadin gargle,Botol,2025-12-01,0,False,False
Betadin gargle,Botol,2026-01-01,0,False,False
Betadin gargle,Botol,2026-02-01,0,False,False
Betahistin Mesilat 6 mg,Tablet,2024-01-01,1060,True,False
Betahistin Mesilat 6 mg,Tablet,2024-02-01,0,True,False
Betahistin Mesilat 6 mg,Tablet,2024-03-01,0,True,False
Betahistin Mesilat 6 mg,Tablet,2024-04-01,340,True,False
Betahistin Mesilat 6 mg,Tablet,2024-05-01,660,True,False
Betahistin Mesilat 6 mg,Tablet,2024-06-01,660,True,False
Betahistin Mesilat 6 mg,Tablet,2024-07-01,540,True,False
Betahistin Mesilat 6 mg,Tablet,2024-08-01,460,True,False
Betahistin Mesilat 6 mg,Tablet,2024-09-01,58,True,False
Betahistin Mesilat 6 mg,Tablet,2024-10-01,456,True,False
Betahistin Mesilat 6 mg,Tablet,2024-11-01,606,True,False
Betahistin Mesilat 6 mg,Tablet,2024-12-01,190,True,False
Betahistin Mesilat 6 mg,Tablet,2025-01-01,172,True,False
Betahistin Mesilat 6 mg,Tablet,2025-02-01,98,True,False
Betahistin Mesilat 6 mg,Tablet,2025-03-01,422,True,False
Betahistin Mesilat 6 mg,Tablet,2025-04-01,436,False,True
Betahistin Mesilat 6 mg,Tablet,2025-05-01,450,True,False
Betahistin Mesilat 6 mg,Tablet,2025-06-01,38,True,False
Betahistin Mesilat 6 mg,Tablet,2025-07-01,334,True,False
Betahistin Mesilat 6 mg,Tablet,2025-08-01,508,True,False
Betahistin Mesilat 6 mg,Tablet,2025-09-01,520,True,False
Betahistin Mesilat 6 mg,Tablet,2025-10-01,0,True,False
Betahistin Mesilat 6 mg,Tablet,2025-11-01,1080,True,False
Betahistin Mesilat 6 mg,Tablet,2025-12-01,360,True,False
Betahistin Mesilat 6 mg,Tablet,2026-01-01,535,True,False
Betahistin Mesilat 6 mg,Tablet,2026-02-01,495,True,False
"Betametason krem 0,1%",Tube,2024-01-01,20,True,False
"Betametason krem 0,1%",Tube,2024-02-01,0,True,False
"Betametason krem 0,1%",Tube,2024-03-01,2,True,False
"Betametason krem 0,1%",Tube,2024-04-01,50,True,False
"Betametason krem 0,1%",Tube,2024-05-01,13,True,False
"Betametason krem 0,1%",Tube,2024-06-01,20,True,False
"Betametason krem 0,1%",Tube,2024-07-01,0,True,False
"Betametason krem 0,1%",Tube,2024-08-01,0,True,False
"Betametason krem 0,1%",Tube,2024-09-01,0,True,False
"Betametason krem 0,1%",Tube,2024-10-01,0,True,False
"Betametason krem 0,1%",Tube,2024-11-01,0,True,False
"Betametason krem 0,1%",Tube,2024-12-01,0,True,False
"Betametason krem 0,1%",Tube,2025-01-01,0,True,False
"Betametason krem 0,1%",Tube,2025-02-01,0,True,False
"Betametason krem 0,1%",Tube,2025-03-01,0,True,False
"Betametason krem 0,1%",Tube,2025-04-01,0,False,True
"Betametason krem 0,1%",Tube,2025-05-01,0,True,False
"Betametason krem 0,1%",Tube,2025-06-01,0,True,False
"Betametason krem 0,1%",Tube,2025-07-01,0,True,False
"Betametason krem 0,1%",Tube,2025-08-01,0,True,False
"Betametason krem 0,1%",Tube,2025-09-01,0,True,False
"Betametason krem 0,1%",Tube,2025-10-01,0,True,False
"Betametason krem 0,1%",Tube,2025-11-01,0,True,False
"Betametason krem 0,1%",Tube,2025-12-01,0,True,False
"Betametason krem 0,1%",Tube,2026-01-01,0,True,False
"Betametason krem 0,1%",Tube,2026-02-01,3,True,False
Betason N krem,Kotak Tube,2024-01-01,0,False,False
Betason N krem,Kotak Tube,2024-02-01,0,False,False
Betason N krem,Kotak Tube,2024-03-01,0,False,False
Betason N krem,Kotak Tube,2024-04-01,0,False,False
Betason N krem,Kotak Tube,2024-05-01,0,False,False
Betason N krem,Kotak Tube,2024-06-01,0,False,False
Betason N krem,Kotak Tube,2024-07-01,0,False,False
Betason N krem,Kotak Tube,2024-08-01,0,False,False
Betason N krem,Kotak Tube,2024-09-01,0,False,False
Betason N krem,Kotak Tube,2024-10-01,0,False,False
Betason N krem,Kotak Tube,2024-11-01,0,False,False
Betason N krem,Kotak Tube,2024-12-01,0,False,False
Betason N krem,Kotak Tube,2025-01-01,0,True,False
Betason N krem,Kotak Tube,2025-02-01,0,True,False
Betason N krem,Kotak Tube,2025-03-01,0,True,False
Betason N krem,Kotak Tube,2025-04-01,0,False,True
Betason N krem,Kotak Tube,2025-05-01,0,True,False
Betason N krem,Kotak Tube,2025-06-01,0,True,False
Betason N krem,Kotak Tube,2025-07-01,0,True,False
Betason N krem,Kotak Tube,2025-08-01,0,True,False
Betason N krem,Kotak Tube,2025-09-01,0,True,False
Betason N krem,Kotak Tube,2025-10-01,0,True,False
Betason N krem,Kotak Tube,2025-11-01,0,True,False
Betason N krem,Kotak Tube,2025-12-01,0,True,False
Betason N krem,Kotak Tube,2026-01-01,0,False,False
Betason N krem,Kotak Tube,2026-02-01,0,False,False
Bevalex Cr / Benoson-N,Tube,2024-01-01,0,False,False
Bevalex Cr / Benoson-N,Tube,2024-02-01,0,False,False
Bevalex Cr / Benoson-N,Tube,2024-03-01,0,False,False
Bevalex Cr / Benoson-N,Tube,2024-04-01,0,False,False
Bevalex Cr / Benoson-N,Tube,2024-05-01,0,False,False
Bevalex Cr / Benoson-N,Tube,2024-06-01,0,False,False
Bevalex Cr / Benoson-N,Tube,2024-07-01,0,False,False
Bevalex Cr / Benoson-N,Tube,2024-08-01,0,False,False
Bevalex Cr / Benoson-N,Tube,2024-09-01,0,False,False
Bevalex Cr / Benoson-N,Tube,2024-10-01,0,False,False
Bevalex Cr / Benoson-N,Tube,2024-11-01,0,False,False
Bevalex Cr / Benoson-N,Tube,2024-12-01,0,False,False
Bevalex Cr / Benoson-N,Tube,2025-01-01,12,True,False
Bevalex Cr / Benoson-N,Tube,2025-02-01,8,True,False
Bevalex Cr / Benoson-N,Tube,2025-03-01,21,True,False
Bevalex Cr / Benoson-N,Tube,2025-04-01,18,False,True
Bevalex Cr / Benoson-N,Tube,2025-05-01,15,True,False
Bevalex Cr / Benoson-N,Tube,2025-06-01,19,True,False
Bevalex Cr / Benoson-N,Tube,2025-07-01,15,True,False
Bevalex Cr / Benoson-N,Tube,2025-08-01,0,True,False
Bevalex Cr / Benoson-N,Tube,2025-09-01,0,True,False
Bevalex Cr / Benoson-N,Tube,2025-10-01,0,True,False
Bevalex Cr / Benoson-N,Tube,2025-11-01,0,True,False
Bevalex Cr / Benoson-N,Tube,2025-12-01,0,True,False
Bevalex Cr / Benoson-N,Tube,2026-01-01,0,False,False
Bevalex Cr / Benoson-N,Tube,2026-02-01,0,False,False
Bevalex Cr / Benoson-N / Tuderm-N,Tube,2024-01-01,0,False,False
Bevalex Cr / Benoson-N / Tuderm-N,Tube,2024-02-01,0,False,False
Bevalex Cr / Benoson-N / Tuderm-N,Tube,2024-03-01,0,False,False
Bevalex Cr / Benoson-N / Tuderm-N,Tube,2024-04-01,0,False,False
Bevalex Cr / Benoson-N / Tuderm-N,Tube,2024-05-01,0,False,False
Bevalex Cr / Benoson-N / Tuderm-N,Tube,2024-06-01,0,False,False
Bevalex Cr / Benoson-N / Tuderm-N,Tube,2024-07-01,0,False,False
Bevalex Cr / Benoson-N / Tuderm-N,Tube,2024-08-01,0,False,False
Bevalex Cr / Benoson-N / Tuderm-N,Tube,2024-09-01,0,False,False
Bevalex Cr / Benoson-N / Tuderm-N,Tube,2024-10-01,0,False,False
Bevalex Cr / Benoson-N / Tuderm-N,Tube,2024-11-01,0,False,False
Bevalex Cr / Benoson-N / Tuderm-N,Tube,2024-12-01,0,False,False
Bevalex Cr / Benoson-N / Tuderm-N,Tube,2025-01-01,0,False,False
Bevalex Cr / Benoson-N / Tuderm-N,Tube,2025-02-01,0,False,False
Bevalex Cr / Benoson-N / Tuderm-N,Tube,2025-03-01,0,False,False
Bevalex Cr / Benoson-N / Tuderm-N,Tube,2025-04-01,0,False,True
Bevalex Cr / Benoson-N / Tuderm-N,Tube,2025-05-01,0,True,False
Bevalex Cr / Benoson-N / Tuderm-N,Tube,2025-06-01,0,True,False
Bevalex Cr / Benoson-N / Tuderm-N,Tube,2025-07-01,36,True,False
Bevalex Cr / Benoson-N / Tuderm-N,Tube,2025-08-01,12,True,False
Bevalex Cr / Benoson-N / Tuderm-N,Tube,2025-09-01,29,True,False
Bevalex Cr / Benoson-N / Tuderm-N,Tube,2025-10-01,32,True,False
Bevalex Cr / Benoson-N / Tuderm-N,Tube,2025-11-01,39,True,False
Bevalex Cr / Benoson-N / Tuderm-N,Tube,2025-12-01,33,True,False
Bevalex Cr / Benoson-N / Tuderm-N,Tube,2026-01-01,35,True,False
Bevalex Cr / Benoson-N / Tuderm-N,Tube,2026-02-01,11,True,False
Bevalex krem,Tube,2024-01-01,0,False,False
Bevalex krem,Tube,2024-02-01,0,False,False
Bevalex krem,Tube,2024-03-01,4,True,False
Bevalex krem,Tube,2024-04-01,3,True,False
Bevalex krem,Tube,2024-05-01,0,True,False
Bevalex krem,Tube,2024-06-01,6,True,False
Bevalex krem,Tube,2024-07-01,10,True,False
Bevalex krem,Tube,2024-08-01,0,True,False
Bevalex krem,Tube,2024-09-01,0,False,False
Bevalex krem,Tube,2024-10-01,0,False,False
Bevalex krem,Tube,2024-11-01,0,False,False
Bevalex krem,Tube,2024-12-01,0,False,False
Bevalex krem,Tube,2025-01-01,0,True,False
Bevalex krem,Tube,2025-02-01,0,True,False
Bevalex krem,Tube,2025-03-01,0,True,False
Bevalex krem,Tube,2025-04-01,0,False,True
Bevalex krem,Tube,2025-05-01,0,True,False
Bevalex krem,Tube,2025-06-01,0,True,False
Bevalex krem,Tube,2025-07-01,0,True,False
Bevalex krem,Tube,2025-08-01,0,True,False
Bevalex krem,Tube,2025-09-01,0,True,False
Bevalex krem,Tube,2025-10-01,0,True,False
Bevalex krem,Tube,2025-11-01,0,True,False
Bevalex krem,Tube,2025-12-01,0,True,False
Bevalex krem,Tube,2026-01-01,0,False,False
Bevalex krem,Tube,2026-02-01,0,False,False
Bioplacenton Krim,Tube 15 G,2024-01-01,0,True,False
Bioplacenton Krim,Tube 15 G,2024-02-01,0,True,False
Bioplacenton Krim,Tube 15 G,2024-03-01,0,True,False
Bioplacenton Krim,Tube 15 G,2024-04-01,0,True,False
Bioplacenton Krim,Tube 15 G,2024-05-01,0,True,False
Bioplacenton Krim,Tube 15 G,2024-06-01,0,True,False
Bioplacenton Krim,Tube 15 G,2024-07-01,0,True,False
Bioplacenton Krim,Tube 15 G,2024-08-01,0,True,False
Bioplacenton Krim,Tube 15 G,2024-09-01,0,True,False
Bioplacenton Krim,Tube 15 G,2024-10-01,0,True,False
Bioplacenton Krim,Tube 15 G,2024-11-01,0,True,False
Bioplacenton Krim,Tube 15 G,2024-12-01,0,True,False
Bioplacenton Krim,Tube 15 G,2025-01-01,0,False,False
Bioplacenton Krim,Tube 15 G,2025-02-01,0,False,False
Bioplacenton Krim,Tube 15 G,2025-03-01,0,False,False
Bioplacenton Krim,Tube 15 G,2025-04-01,0,False,True
Bioplacenton Krim,Tube 15 G,2025-05-01,0,False,False
Bioplacenton Krim,Tube 15 G,2025-06-01,0,False,False
Bioplacenton Krim,Tube 15 G,2025-07-01,0,False,False
Bioplacenton Krim,Tube 15 G,2025-08-01,0,False,False
Bioplacenton Krim,Tube 15 G,2025-09-01,0,False,False
Bioplacenton Krim,Tube 15 G,2025-10-01,0,False,False
Bioplacenton Krim,Tube 15 G,2025-11-01,0,False,False
Bioplacenton Krim,Tube 15 G,2025-12-01,0,False,False
Bioplacenton Krim,Tube 15 G,2026-01-01,0,False,False
Bioplacenton Krim,Tube 15 G,2026-02-01,0,False,False
Bioplacenton gel / Perak Sulfa,Tube,2024-01-01,0,False,False
Bioplacenton gel / Perak Sulfa,Tube,2024-02-01,0,False,False
Bioplacenton gel / Perak Sulfa,Tube,2024-03-01,0,False,False
Bioplacenton gel / Perak Sulfa,Tube,2024-04-01,0,False,False
Bioplacenton gel / Perak Sulfa,Tube,2024-05-01,0,False,False
Bioplacenton gel / Perak Sulfa,Tube,2024-06-01,0,False,False
Bioplacenton gel / Perak Sulfa,Tube,2024-07-01,0,False,False
Bioplacenton gel / Perak Sulfa,Tube,2024-08-01,0,False,False
Bioplacenton gel / Perak Sulfa,Tube,2024-09-01,0,False,False
Bioplacenton gel / Perak Sulfa,Tube,2024-10-01,0,False,False
Bioplacenton gel / Perak Sulfa,Tube,2024-11-01,0,False,False
Bioplacenton gel / Perak Sulfa,Tube,2024-12-01,0,False,False
Bioplacenton gel / Perak Sulfa,Tube,2025-01-01,0,True,False
Bioplacenton gel / Perak Sulfa,Tube,2025-02-01,2,True,False
Bioplacenton gel / Perak Sulfa,Tube,2025-03-01,1,True,False
Bioplacenton gel / Perak Sulfa,Tube,2025-04-01,0,False,True
Bioplacenton gel / Perak Sulfa,Tube,2025-05-01,0,True,False
Bioplacenton gel / Perak Sulfa,Tube,2025-06-01,2,True,False
Bioplacenton gel / Perak Sulfa,Tube,2025-07-01,1,True,False
Bioplacenton gel / Perak Sulfa,Tube,2025-08-01,0,True,False
Bioplacenton gel / Perak Sulfa,Tube,2025-09-01,1,True,False
Bioplacenton gel / Perak Sulfa,Tube,2025-10-01,1,True,False
Bioplacenton gel / Perak Sulfa,Tube,2025-11-01,1,True,False
Bioplacenton gel / Perak Sulfa,Tube,2025-12-01,3,True,False
Bioplacenton gel / Perak Sulfa,Tube,2026-01-01,0,False,False
Bioplacenton gel / Perak Sulfa,Tube,2026-02-01,0,False,False
Bisacodil tab 5 mg,Tablet,2024-01-01,0,True,False
Bisacodil tab 5 mg,Tablet,2024-02-01,0,True,False
Bisacodil tab 5 mg,Tablet,2024-03-01,0,True,False
Bisacodil tab 5 mg,Tablet,2024-04-01,0,True,False
Bisacodil tab 5 mg,Tablet,2024-05-01,0,True,False
Bisacodil tab 5 mg,Tablet,2024-06-01,0,True,False
Bisacodil tab 5 mg,Tablet,2024-07-01,0,True,False
Bisacodil tab 5 mg,Tablet,2024-08-01,0,True,False
Bisacodil tab 5 mg,Tablet,2024-09-01,0,True,False
Bisacodil tab 5 mg,Tablet,2024-10-01,0,True,False
Bisacodil tab 5 mg,Tablet,2024-11-01,0,True,False
Bisacodil tab 5 mg,Tablet,2024-12-01,0,True,False
Bisacodil tab 5 mg,Tablet,2025-01-01,0,True,False
Bisacodil tab 5 mg,Tablet,2025-02-01,0,True,False
Bisacodil tab 5 mg,Tablet,2025-03-01,0,True,False
Bisacodil tab 5 mg,Tablet,2025-04-01,0,False,True
Bisacodil tab 5 mg,Tablet,2025-05-01,0,True,False
Bisacodil tab 5 mg,Tablet,2025-06-01,0,True,False
Bisacodil tab 5 mg,Tablet,2025-07-01,0,True,False
Bisacodil tab 5 mg,Tablet,2025-08-01,0,True,False
Bisacodil tab 5 mg,Tablet,2025-09-01,0,True,False
Bisacodil tab 5 mg,Tablet,2025-10-01,0,True,False
Bisacodil tab 5 mg,Tablet,2025-11-01,0,True,False
Bisacodil tab 5 mg,Tablet,2025-12-01,0,True,False
Bisacodil tab 5 mg,Tablet,2026-01-01,0,False,False
Bisacodil tab 5 mg,Tablet,2026-02-01,0,False,False
Bisakodil supp 10 mg/ Dulcolax,Supp,2024-01-01,0,False,False
Bisakodil supp 10 mg/ Dulcolax,Supp,2024-02-01,0,False,False
Bisakodil supp 10 mg/ Dulcolax,Supp,2024-03-01,0,False,False
Bisakodil supp 10 mg/ Dulcolax,Supp,2024-04-01,0,False,False
Bisakodil supp 10 mg/ Dulcolax,Supp,2024-05-01,0,False,False
Bisakodil supp 10 mg/ Dulcolax,Supp,2024-06-01,0,False,False
Bisakodil supp 10 mg/ Dulcolax,Supp,2024-07-01,0,False,False
Bisakodil supp 10 mg/ Dulcolax,Supp,2024-08-01,0,False,False
Bisakodil supp 10 mg/ Dulcolax,Supp,2024-09-01,0,False,False
Bisakodil supp 10 mg/ Dulcolax,Supp,2024-10-01,0,False,False
Bisakodil supp 10 mg/ Dulcolax,Supp,2024-11-01,0,False,False
Bisakodil supp 10 mg/ Dulcolax,Supp,2024-12-01,0,False,False
Bisakodil supp 10 mg/ Dulcolax,Supp,2025-01-01,6,True,False
Bisakodil supp 10 mg/ Dulcolax,Supp,2025-02-01,0,True,False
Bisakodil supp 10 mg/ Dulcolax,Supp,2025-03-01,0,True,False
Bisakodil supp 10 mg/ Dulcolax,Supp,2025-04-01,0,False,True
Bisakodil supp 10 mg/ Dulcolax,Supp,2025-05-01,0,True,False
Bisakodil supp 10 mg/ Dulcolax,Supp,2025-06-01,0,True,False
Bisakodil supp 10 mg/ Dulcolax,Supp,2025-07-01,0,True,False
Bisakodil supp 10 mg/ Dulcolax,Supp,2025-08-01,0,True,False
Bisakodil supp 10 mg/ Dulcolax,Supp,2025-09-01,0,True,False
Bisakodil supp 10 mg/ Dulcolax,Supp,2025-10-01,1,True,False
Bisakodil supp 10 mg/ Dulcolax,Supp,2025-11-01,5,True,False
Bisakodil supp 10 mg/ Dulcolax,Supp,2025-12-01,5,True,False
Bisakodil supp 10 mg/ Dulcolax,Supp,2026-01-01,2,True,False
Bisakodil supp 10 mg/ Dulcolax,Supp,2026-02-01,5,True,False
Bisakodil supp 5 mg,Supp,2024-01-01,0,False,False
Bisakodil supp 5 mg,Supp,2024-02-01,0,False,False
Bisakodil supp 5 mg,Supp,2024-03-01,0,False,False
Bisakodil supp 5 mg,Supp,2024-04-01,0,False,False
Bisakodil supp 5 mg,Supp,2024-05-01,0,False,False
Bisakodil supp 5 mg,Supp,2024-06-01,0,False,False
Bisakodil supp 5 mg,Supp,2024-07-01,0,False,False
Bisakodil supp 5 mg,Supp,2024-08-01,0,False,False
Bisakodil supp 5 mg,Supp,2024-09-01,0,False,False
Bisakodil supp 5 mg,Supp,2024-10-01,0,False,False
Bisakodil supp 5 mg,Supp,2024-11-01,0,False,False
Bisakodil supp 5 mg,Supp,2024-12-01,0,False,False
Bisakodil supp 5 mg,Supp,2025-01-01,0,True,False
Bisakodil supp 5 mg,Supp,2025-02-01,2,True,False
Bisakodil supp 5 mg,Supp,2025-03-01,0,True,False
Bisakodil supp 5 mg,Supp,2025-04-01,0,False,True
Bisakodil supp 5 mg,Supp,2025-05-01,0,True,False
Bisakodil supp 5 mg,Supp,2025-06-01,3,True,False
Bisakodil supp 5 mg,Supp,2025-07-01,4,True,False
Bisakodil supp 5 mg,Supp,2025-08-01,0,True,False
Bisakodil supp 5 mg,Supp,2025-09-01,0,True,False
Bisakodil supp 5 mg,Supp,2025-10-01,0,True,False
Bisakodil supp 5 mg,Supp,2025-11-01,0,True,False
Bisakodil supp 5 mg,Supp,2025-12-01,0,True,False
Bisakodil supp 5 mg,Supp,2026-01-01,0,True,False
Bisakodil supp 5 mg,Supp,2026-02-01,11,True,False
Bisolvon solution 10 mg/5 ml,Botol 50 Ml,2024-01-01,0,True,False
Bisolvon solution 10 mg/5 ml,Botol 50 Ml,2024-02-01,0,True,False
Bisolvon solution 10 mg/5 ml,Botol 50 Ml,2024-03-01,0,False,False
Bisolvon solution 10 mg/5 ml,Botol 50 Ml,2024-04-01,0,False,False
Bisolvon solution 10 mg/5 ml,Botol 50 Ml,2024-05-01,0,False,False
Bisolvon solution 10 mg/5 ml,Botol 50 Ml,2024-06-01,0,False,False
Bisolvon solution 10 mg/5 ml,Botol 50 Ml,2024-07-01,0,False,False
Bisolvon solution 10 mg/5 ml,Botol 50 Ml,2024-08-01,0,False,False
Bisolvon solution 10 mg/5 ml,Botol 50 Ml,2024-09-01,0,False,False
Bisolvon solution 10 mg/5 ml,Botol 50 Ml,2024-10-01,0,False,False
Bisolvon solution 10 mg/5 ml,Botol 50 Ml,2024-11-01,0,False,False
Bisolvon solution 10 mg/5 ml,Botol 50 Ml,2024-12-01,0,False,False
Bisolvon solution 10 mg/5 ml,Botol 50 Ml,2025-01-01,0,False,False
Bisolvon solution 10 mg/5 ml,Botol 50 Ml,2025-02-01,0,False,False
Bisolvon solution 10 mg/5 ml,Botol 50 Ml,2025-03-01,0,False,False
Bisolvon solution 10 mg/5 ml,Botol 50 Ml,2025-04-01,0,False,True
Bisolvon solution 10 mg/5 ml,Botol 50 Ml,2025-05-01,0,False,False
Bisolvon solution 10 mg/5 ml,Botol 50 Ml,2025-06-01,0,False,False
Bisolvon solution 10 mg/5 ml,Botol 50 Ml,2025-07-01,0,False,False
Bisolvon solution 10 mg/5 ml,Botol 50 Ml,2025-08-01,0,False,False
Bisolvon solution 10 mg/5 ml,Botol 50 Ml,2025-09-01,0,False,False
Bisolvon solution 10 mg/5 ml,Botol 50 Ml,2025-10-01,0,False,False
Bisolvon solution 10 mg/5 ml,Botol 50 Ml,2025-11-01,0,False,False
Bisolvon solution 10 mg/5 ml,Botol 50 Ml,2025-12-01,0,False,False
Bisolvon solution 10 mg/5 ml,Botol 50 Ml,2026-01-01,0,False,False
Bisolvon solution 10 mg/5 ml,Botol 50 Ml,2026-02-01,0,False,False
"Bisoprolol 2,5 mg",Tablet,2024-01-01,10,True,False
"Bisoprolol 2,5 mg",Tablet,2024-02-01,90,True,False
"Bisoprolol 2,5 mg",Tablet,2024-03-01,90,True,False
"Bisoprolol 2,5 mg",Tablet,2024-04-01,110,True,False
"Bisoprolol 2,5 mg",Tablet,2024-05-01,0,True,False
"Bisoprolol 2,5 mg",Tablet,2024-06-01,100,True,False
"Bisoprolol 2,5 mg",Tablet,2024-07-01,0,True,False
"Bisoprolol 2,5 mg",Tablet,2024-08-01,30,True,False
"Bisoprolol 2,5 mg",Tablet,2024-09-01,60,True,False
"Bisoprolol 2,5 mg",Tablet,2024-10-01,10,True,False
"Bisoprolol 2,5 mg",Tablet,2024-11-01,0,True,False
"Bisoprolol 2,5 mg",Tablet,2024-12-01,0,True,False
"Bisoprolol 2,5 mg",Tablet,2025-01-01,0,True,False
"Bisoprolol 2,5 mg",Tablet,2025-02-01,0,True,False
"Bisoprolol 2,5 mg",Tablet,2025-03-01,0,True,False
"Bisoprolol 2,5 mg",Tablet,2025-04-01,0,False,True
"Bisoprolol 2,5 mg",Tablet,2025-05-01,0,True,False
"Bisoprolol 2,5 mg",Tablet,2025-06-01,0,True,False
"Bisoprolol 2,5 mg",Tablet,2025-07-01,10,True,False
"Bisoprolol 2,5 mg",Tablet,2025-08-01,30,True,False
"Bisoprolol 2,5 mg",Tablet,2025-09-01,40,True,False
"Bisoprolol 2,5 mg",Tablet,2025-10-01,0,True,False
"Bisoprolol 2,5 mg",Tablet,2025-11-01,0,True,False
"Bisoprolol 2,5 mg",Tablet,2025-12-01,20,True,False
"Bisoprolol 2,5 mg",Tablet,2026-01-01,40,True,False
"Bisoprolol 2,5 mg",Tablet,2026-02-01,20,True,False
Bisoprolol 5 mg,Tablet,2024-01-01,55,True,False
Bisoprolol 5 mg,Tablet,2024-02-01,0,True,False
Bisoprolol 5 mg,Tablet,2024-03-01,0,True,False
Bisoprolol 5 mg,Tablet,2024-04-01,0,True,False
Bisoprolol 5 mg,Tablet,2024-05-01,0,True,False
Bisoprolol 5 mg,Tablet,2024-06-01,0,True,False
Bisoprolol 5 mg,Tablet,2024-07-01,0,True,False
Bisoprolol 5 mg,Tablet,2024-08-01,0,True,False
Bisoprolol 5 mg,Tablet,2024-09-01,0,True,False
Bisoprolol 5 mg,Tablet,2024-10-01,0,True,False
Bisoprolol 5 mg,Tablet,2024-11-01,0,True,False
Bisoprolol 5 mg,Tablet,2024-12-01,0,True,False
Bisoprolol 5 mg,Tablet,2025-01-01,0,True,False
Bisoprolol 5 mg,Tablet,2025-02-01,0,True,False
Bisoprolol 5 mg,Tablet,2025-03-01,0,True,False
Bisoprolol 5 mg,Tablet,2025-04-01,0,False,True
Bisoprolol 5 mg,Tablet,2025-05-01,0,True,False
Bisoprolol 5 mg,Tablet,2025-06-01,0,True,False
Bisoprolol 5 mg,Tablet,2025-07-01,0,True,False
Bisoprolol 5 mg,Tablet,2025-08-01,0,True,False
Bisoprolol 5 mg,Tablet,2025-09-01,0,True,False
Bisoprolol 5 mg,Tablet,2025-10-01,0,True,False
Bisoprolol 5 mg,Tablet,2025-11-01,0,True,False
Bisoprolol 5 mg,Tablet,2025-12-01,0,True,False
Bisoprolol 5 mg,Tablet,2026-01-01,0,False,False
Bisoprolol 5 mg,Tablet,2026-02-01,0,False,False
Borax Glycerine Gom 10%,Botol,2024-01-01,0,False,False
Borax Glycerine Gom 10%,Botol,2024-02-01,0,False,False
Borax Glycerine Gom 10%,Botol,2024-03-01,0,False,False
Borax Glycerine Gom 10%,Botol,2024-04-01,0,False,False
Borax Glycerine Gom 10%,Botol,2024-05-01,0,False,False
Borax Glycerine Gom 10%,Botol,2024-06-01,0,False,False
Borax Glycerine Gom 10%,Botol,2024-07-01,0,False,False
Borax Glycerine Gom 10%,Botol,2024-08-01,0,False,False
Borax Glycerine Gom 10%,Botol,2024-09-01,0,False,False
Borax Glycerine Gom 10%,Botol,2024-10-01,0,False,False
Borax Glycerine Gom 10%,Botol,2024-11-01,0,False,False
Borax Glycerine Gom 10%,Botol,2024-12-01,0,False,False
Borax Glycerine Gom 10%,Botol,2025-01-01,0,False,False
Borax Glycerine Gom 10%,Botol,2025-02-01,0,False,False
Borax Glycerine Gom 10%,Botol,2025-03-01,0,False,False
Borax Glycerine Gom 10%,Botol,2025-04-01,0,False,True
Borax Glycerine Gom 10%,Botol,2025-05-01,0,False,False
Borax Glycerine Gom 10%,Botol,2025-06-01,0,False,False
Borax Glycerine Gom 10%,Botol,2025-07-01,0,False,False
Borax Glycerine Gom 10%,Botol,2025-08-01,0,False,False
Borax Glycerine Gom 10%,Botol,2025-09-01,0,False,False
Borax Glycerine Gom 10%,Botol,2025-10-01,0,False,False
Borax Glycerine Gom 10%,Botol,2025-11-01,0,False,False
Borax Glycerine Gom 10%,Botol,2025-12-01,0,False,False
Borax Glycerine Gom 10%,Botol,2026-01-01,0,True,False
Borax Glycerine Gom 10%,Botol,2026-02-01,0,True,False
Borraginol N Salep,Tube,2024-01-01,0,True,False
Borraginol N Salep,Tube,2024-02-01,0,True,False
Borraginol N Salep,Tube,2024-03-01,0,False,False
Borraginol N Salep,Tube,2024-04-01,0,False,False
Borraginol N Salep,Tube,2024-05-01,0,False,False
Borraginol N Salep,Tube,2024-06-01,0,False,False
Borraginol N Salep,Tube,2024-07-01,0,False,False
Borraginol N Salep,Tube,2024-08-01,0,False,False
Borraginol N Salep,Tube,2024-09-01,0,False,False
Borraginol N Salep,Tube,2024-10-01,0,False,False
Borraginol N Salep,Tube,2024-11-01,0,False,False
Borraginol N Salep,Tube,2024-12-01,0,False,False
Borraginol N Salep,Tube,2025-01-01,0,True,False
Borraginol N Salep,Tube,2025-02-01,0,True,False
Borraginol N Salep,Tube,2025-03-01,0,True,False
Borraginol N Salep,Tube,2025-04-01,0,False,True
Borraginol N Salep,Tube,2025-05-01,0,True,False
Borraginol N Salep,Tube,2025-06-01,0,True,False
Borraginol N Salep,Tube,2025-07-01,0,True,False
Borraginol N Salep,Tube,2025-08-01,0,True,False
Borraginol N Salep,Tube,2025-09-01,0,True,False
Borraginol N Salep,Tube,2025-10-01,0,True,False
Borraginol N Salep,Tube,2025-11-01,0,True,False
Borraginol N Salep,Tube,2025-12-01,0,True,False
Borraginol N Salep,Tube,2026-01-01,0,False,False
Borraginol N Salep,Tube,2026-02-01,0,False,False
Borraginol N Supp,Tidak Diketahui,2024-01-01,0,False,False
Borraginol N Supp,Tidak Diketahui,2024-02-01,0,False,False
Borraginol N Supp,Tidak Diketahui,2024-03-01,0,False,False
Borraginol N Supp,Tidak Diketahui,2024-04-01,0,False,False
Borraginol N Supp,Tidak Diketahui,2024-05-01,0,False,False
Borraginol N Supp,Tidak Diketahui,2024-06-01,0,False,False
Borraginol N Supp,Tidak Diketahui,2024-07-01,0,False,False
Borraginol N Supp,Tidak Diketahui,2024-08-01,0,False,False
Borraginol N Supp,Tidak Diketahui,2024-09-01,0,False,False
Borraginol N Supp,Tidak Diketahui,2024-10-01,0,False,False
Borraginol N Supp,Tidak Diketahui,2024-11-01,0,False,False
Borraginol N Supp,Tidak Diketahui,2024-12-01,0,False,False
Borraginol N Supp,Tidak Diketahui,2025-01-01,0,True,False
Borraginol N Supp,Tidak Diketahui,2025-02-01,0,True,False
Borraginol N Supp,Tidak Diketahui,2025-03-01,0,True,False
Borraginol N Supp,Tidak Diketahui,2025-04-01,0,False,True
Borraginol N Supp,Tidak Diketahui,2025-05-01,0,True,False
Borraginol N Supp,Tidak Diketahui,2025-06-01,0,True,False
Borraginol N Supp,Tidak Diketahui,2025-07-01,0,True,False
Borraginol N Supp,Tidak Diketahui,2025-08-01,0,True,False
Borraginol N Supp,Tidak Diketahui,2025-09-01,0,True,False
Borraginol N Supp,Tidak Diketahui,2025-10-01,0,True,False
Borraginol N Supp,Tidak Diketahui,2025-11-01,0,True,False
Borraginol N Supp,Tidak Diketahui,2025-12-01,0,True,False
Borraginol N Supp,Tidak Diketahui,2026-01-01,0,False,False
Borraginol N Supp,Tidak Diketahui,2026-02-01,0,False,False
Boule M-series Diluent,Tidak Diketahui,2024-01-01,0,False,False
Boule M-series Diluent,Tidak Diketahui,2024-02-01,0,False,False
Boule M-series Diluent,Tidak Diketahui,2024-03-01,0,False,False
Boule M-series Diluent,Tidak Diketahui,2024-04-01,0,False,False
Boule M-series Diluent,Tidak Diketahui,2024-05-01,0,False,False
Boule M-series Diluent,Tidak Diketahui,2024-06-01,0,False,False
Boule M-series Diluent,Tidak Diketahui,2024-07-01,0,False,False
Boule M-series Diluent,Tidak Diketahui,2024-08-01,0,False,False
Boule M-series Diluent,Tidak Diketahui,2024-09-01,0,False,False
Boule M-series Diluent,Tidak Diketahui,2024-10-01,0,False,False
Boule M-series Diluent,Tidak Diketahui,2024-11-01,0,False,False
Boule M-series Diluent,Tidak Diketahui,2024-12-01,0,False,False
Boule M-series Diluent,Tidak Diketahui,2025-01-01,0,True,False
Boule M-series Diluent,Tidak Diketahui,2025-02-01,0,True,False
Boule M-series Diluent,Tidak Diketahui,2025-03-01,0,True,False
Boule M-series Diluent,Tidak Diketahui,2025-04-01,0,False,True
Boule M-series Diluent,Tidak Diketahui,2025-05-01,0,True,False
Boule M-series Diluent,Tidak Diketahui,2025-06-01,0,True,False
Boule M-series Diluent,Tidak Diketahui,2025-07-01,0,True,False
Boule M-series Diluent,Tidak Diketahui,2025-08-01,0,True,False
Boule M-series Diluent,Tidak Diketahui,2025-09-01,0,True,False
Boule M-series Diluent,Tidak Diketahui,2025-10-01,0,True,False
Boule M-series Diluent,Tidak Diketahui,2025-11-01,0,True,False
Boule M-series Diluent,Tidak Diketahui,2025-12-01,0,True,False
Boule M-series Diluent,Tidak Diketahui,2026-01-01,0,False,False
Boule M-series Diluent,Tidak Diketahui,2026-02-01,0,False,False
Boule M-series Lyse,Tidak Diketahui,2024-01-01,0,False,False
Boule M-series Lyse,Tidak Diketahui,2024-02-01,0,False,False
Boule M-series Lyse,Tidak Diketahui,2024-03-01,0,False,False
Boule M-series Lyse,Tidak Diketahui,2024-04-01,0,False,False
Boule M-series Lyse,Tidak Diketahui,2024-05-01,0,False,False
Boule M-series Lyse,Tidak Diketahui,2024-06-01,0,False,False
Boule M-series Lyse,Tidak Diketahui,2024-07-01,0,False,False
Boule M-series Lyse,Tidak Diketahui,2024-08-01,0,False,False
Boule M-series Lyse,Tidak Diketahui,2024-09-01,0,False,False
Boule M-series Lyse,Tidak Diketahui,2024-10-01,0,False,False
Boule M-series Lyse,Tidak Diketahui,2024-11-01,0,False,False
Boule M-series Lyse,Tidak Diketahui,2024-12-01,0,False,False
Boule M-series Lyse,Tidak Diketahui,2025-01-01,0,True,False
Boule M-series Lyse,Tidak Diketahui,2025-02-01,0,True,False
Boule M-series Lyse,Tidak Diketahui,2025-03-01,0,True,False
Boule M-series Lyse,Tidak Diketahui,2025-04-01,0,False,True
Boule M-series Lyse,Tidak Diketahui,2025-05-01,0,True,False
Boule M-series Lyse,Tidak Diketahui,2025-06-01,0,True,False
Boule M-series Lyse,Tidak Diketahui,2025-07-01,0,True,False
Boule M-series Lyse,Tidak Diketahui,2025-08-01,0,True,False
Boule M-series Lyse,Tidak Diketahui,2025-09-01,0,True,False
Boule M-series Lyse,Tidak Diketahui,2025-10-01,0,True,False
Boule M-series Lyse,Tidak Diketahui,2025-11-01,0,True,False
Boule M-series Lyse,Tidak Diketahui,2025-12-01,0,True,False
Boule M-series Lyse,Tidak Diketahui,2026-01-01,0,False,False
Boule M-series Lyse,Tidak Diketahui,2026-02-01,0,False,False
Braxidin tab,Tidak Diketahui,2024-01-01,0,False,False
Braxidin tab,Tidak Diketahui,2024-02-01,0,False,False
Braxidin tab,Tidak Diketahui,2024-03-01,0,False,False
Braxidin tab,Tidak Diketahui,2024-04-01,0,False,False
Braxidin tab,Tidak Diketahui,2024-05-01,0,False,False
Braxidin tab,Tidak Diketahui,2024-06-01,0,False,False
Braxidin tab,Tidak Diketahui,2024-07-01,0,False,False
Braxidin tab,Tidak Diketahui,2024-08-01,0,False,False
Braxidin tab,Tidak Diketahui,2024-09-01,0,False,False
Braxidin tab,Tidak Diketahui,2024-10-01,0,False,False
Braxidin tab,Tidak Diketahui,2024-11-01,0,False,False
Braxidin tab,Tidak Diketahui,2024-12-01,0,False,False
Braxidin tab,Tidak Diketahui,2025-01-01,0,True,False
Braxidin tab,Tidak Diketahui,2025-02-01,0,True,False
Braxidin tab,Tidak Diketahui,2025-03-01,0,True,False
Braxidin tab,Tidak Diketahui,2025-04-01,0,False,True
Braxidin tab,Tidak Diketahui,2025-05-01,0,True,False
Braxidin tab,Tidak Diketahui,2025-06-01,0,True,False
Braxidin tab,Tidak Diketahui,2025-07-01,0,True,False
Braxidin tab,Tidak Diketahui,2025-08-01,0,True,False
Braxidin tab,Tidak Diketahui,2025-09-01,0,True,False
Braxidin tab,Tidak Diketahui,2025-10-01,0,True,False
Braxidin tab,Tidak Diketahui,2025-11-01,0,True,False
Braxidin tab,Tidak Diketahui,2025-12-01,0,True,False
Braxidin tab,Tidak Diketahui,2026-01-01,0,False,False
Braxidin tab,Tidak Diketahui,2026-02-01,0,False,False
Bromhexin / lexavon syr,Botol,2024-01-01,83,True,False
Bromhexin / lexavon syr,Botol,2024-02-01,10,True,False
Bromhexin / lexavon syr,Botol,2024-03-01,4,True,False
Bromhexin / lexavon syr,Botol,2024-04-01,0,True,False
Bromhexin / lexavon syr,Botol,2024-05-01,46,True,False
Bromhexin / lexavon syr,Botol,2024-06-01,20,True,False
Bromhexin / lexavon syr,Botol,2024-07-01,0,True,False
Bromhexin / lexavon syr,Botol,2024-08-01,0,True,False
Bromhexin / lexavon syr,Botol,2024-09-01,0,True,False
Bromhexin / lexavon syr,Botol,2024-10-01,0,True,False
Bromhexin / lexavon syr,Botol,2024-11-01,0,True,False
Bromhexin / lexavon syr,Botol,2024-12-01,0,True,False
Bromhexin / lexavon syr,Botol,2025-01-01,0,True,False
Bromhexin / lexavon syr,Botol,2025-02-01,0,True,False
Bromhexin / lexavon syr,Botol,2025-03-01,0,True,False
Bromhexin / lexavon syr,Botol,2025-04-01,0,False,True
Bromhexin / lexavon syr,Botol,2025-05-01,0,True,False
Bromhexin / lexavon syr,Botol,2025-06-01,0,True,False
Bromhexin / lexavon syr,Botol,2025-07-01,0,True,False
Bromhexin / lexavon syr,Botol,2025-08-01,0,True,False
Bromhexin / lexavon syr,Botol,2025-09-01,0,True,False
Bromhexin / lexavon syr,Botol,2025-10-01,0,True,False
Bromhexin / lexavon syr,Botol,2025-11-01,0,True,False
Bromhexin / lexavon syr,Botol,2025-12-01,0,True,False
Bromhexin / lexavon syr,Botol,2026-01-01,0,False,False
Bromhexin / lexavon syr,Botol,2026-02-01,0,False,False
Bufacomb Iob,Tube,2024-01-01,10,True,False
Bufacomb Iob,Tube,2024-02-01,10,True,False
Bufacomb Iob,Tube,2024-03-01,13,True,False
Bufacomb Iob,Tube,2024-04-01,7,True,False
Bufacomb Iob,Tube,2024-05-01,3,True,False
Bufacomb Iob,Tube,2024-06-01,0,True,False
Bufacomb Iob,Tube,2024-07-01,0,True,False
Bufacomb Iob,Tube,2024-08-01,0,True,False
Bufacomb Iob,Tube,2024-09-01,0,True,False
Bufacomb Iob,Tube,2024-10-01,0,True,False
Bufacomb Iob,Tube,2024-11-01,0,True,False
Bufacomb Iob,Tube,2024-12-01,0,True,False
Bufacomb Iob,Tube,2025-01-01,2,True,False
Bufacomb Iob,Tube,2025-02-01,3,True,False
Bufacomb Iob,Tube,2025-03-01,0,True,False
Bufacomb Iob,Tube,2025-04-01,5,False,True
Bufacomb Iob,Tube,2025-05-01,10,True,False
Bufacomb Iob,Tube,2025-06-01,5,True,False
Bufacomb Iob,Tube,2025-07-01,15,True,False
Bufacomb Iob,Tube,2025-08-01,0,True,False
Bufacomb Iob,Tube,2025-09-01,0,True,False
Bufacomb Iob,Tube,2025-10-01,0,True,False
Bufacomb Iob,Tube,2025-11-01,0,True,False
Bufacomb Iob,Tube,2025-12-01,0,True,False
Bufacomb Iob,Tube,2026-01-01,0,True,False
Bufacomb Iob,Tube,2026-02-01,2,True,False
Bur Poles Komposit,Set,2024-01-01,0,False,False
Bur Poles Komposit,Set,2024-02-01,0,False,False
Bur Poles Komposit,Set,2024-03-01,0,False,False
Bur Poles Komposit,Set,2024-04-01,0,False,False
Bur Poles Komposit,Set,2024-05-01,0,False,False
Bur Poles Komposit,Set,2024-06-01,0,False,False
Bur Poles Komposit,Set,2024-07-01,0,False,False
Bur Poles Komposit,Set,2024-08-01,0,False,False
Bur Poles Komposit,Set,2024-09-01,0,False,False
Bur Poles Komposit,Set,2024-10-01,0,False,False
Bur Poles Komposit,Set,2024-11-01,0,False,False
Bur Poles Komposit,Set,2024-12-01,0,False,False
Bur Poles Komposit,Set,2025-01-01,0,False,False
Bur Poles Komposit,Set,2025-02-01,0,False,False
Bur Poles Komposit,Set,2025-03-01,0,True,False
Bur Poles Komposit,Set,2025-04-01,0,False,True
Bur Poles Komposit,Set,2025-05-01,0,True,False
Bur Poles Komposit,Set,2025-06-01,0,True,False
Bur Poles Komposit,Set,2025-07-01,0,True,False
Bur Poles Komposit,Set,2025-08-01,0,True,False
Bur Poles Komposit,Set,2025-09-01,0,True,False
Bur Poles Komposit,Set,2025-10-01,0,True,False
Bur Poles Komposit,Set,2025-11-01,0,True,False
Bur Poles Komposit,Set,2025-12-01,0,True,False
Bur Poles Komposit,Set,2026-01-01,0,False,False
Bur Poles Komposit,Set,2026-02-01,0,False,False
CFAS,Tidak Diketahui,2024-01-01,0,False,False
CFAS,Tidak Diketahui,2024-02-01,0,False,False
CFAS,Tidak Diketahui,2024-03-01,0,False,False
CFAS,Tidak Diketahui,2024-04-01,0,False,False
CFAS,Tidak Diketahui,2024-05-01,0,False,False
CFAS,Tidak Diketahui,2024-06-01,0,False,False
CFAS,Tidak Diketahui,2024-07-01,0,False,False
CFAS,Tidak Diketahui,2024-08-01,0,False,False
CFAS,Tidak Diketahui,2024-09-01,0,False,False
CFAS,Tidak Diketahui,2024-10-01,0,False,False
CFAS,Tidak Diketahui,2024-11-01,0,False,False
CFAS,Tidak Diketahui,2024-12-01,0,False,False
CFAS,Tidak Diketahui,2025-01-01,0,True,False
CFAS,Tidak Diketahui,2025-02-01,0,True,False
CFAS,Tidak Diketahui,2025-03-01,0,True,False
CFAS,Tidak Diketahui,2025-04-01,0,False,True
CFAS,Tidak Diketahui,2025-05-01,0,True,False
CFAS,Tidak Diketahui,2025-06-01,0,True,False
CFAS,Tidak Diketahui,2025-07-01,0,True,False
CFAS,Tidak Diketahui,2025-08-01,0,True,False
CFAS,Tidak Diketahui,2025-09-01,0,True,False
CFAS,Tidak Diketahui,2025-10-01,0,True,False
CFAS,Tidak Diketahui,2025-11-01,0,True,False
CFAS,Tidak Diketahui,2025-12-01,0,True,False
CFAS,Tidak Diketahui,2026-01-01,0,False,False
CFAS,Tidak Diketahui,2026-02-01,0,False,False
CFAS Lipid,Tidak Diketahui,2024-01-01,0,False,False
CFAS Lipid,Tidak Diketahui,2024-02-01,0,False,False
CFAS Lipid,Tidak Diketahui,2024-03-01,0,False,False
CFAS Lipid,Tidak Diketahui,2024-04-01,0,False,False
CFAS Lipid,Tidak Diketahui,2024-05-01,0,False,False
CFAS Lipid,Tidak Diketahui,2024-06-01,0,False,False
CFAS Lipid,Tidak Diketahui,2024-07-01,0,False,False
CFAS Lipid,Tidak Diketahui,2024-08-01,0,False,False
CFAS Lipid,Tidak Diketahui,2024-09-01,0,False,False
CFAS Lipid,Tidak Diketahui,2024-10-01,0,False,False
CFAS Lipid,Tidak Diketahui,2024-11-01,0,False,False
CFAS Lipid,Tidak Diketahui,2024-12-01,0,False,False
CFAS Lipid,Tidak Diketahui,2025-01-01,0,True,False
CFAS Lipid,Tidak Diketahui,2025-02-01,0,True,False
CFAS Lipid,Tidak Diketahui,2025-03-01,0,True,False
CFAS Lipid,Tidak Diketahui,2025-04-01,0,False,True
CFAS Lipid,Tidak Diketahui,2025-05-01,0,True,False
CFAS Lipid,Tidak Diketahui,2025-06-01,0,True,False
CFAS Lipid,Tidak Diketahui,2025-07-01,0,True,False
CFAS Lipid,Tidak Diketahui,2025-08-01,0,True,False
CFAS Lipid,Tidak Diketahui,2025-09-01,0,True,False
CFAS Lipid,Tidak Diketahui,2025-10-01,0,True,False
CFAS Lipid,Tidak Diketahui,2025-11-01,0,True,False
CFAS Lipid,Tidak Diketahui,2025-12-01,0,True,False
CFAS Lipid,Tidak Diketahui,2026-01-01,0,False,False
CFAS Lipid,Tidak Diketahui,2026-02-01,0,False,False
Calcemi (Calcium Cluconate) inj.,Ampul,2024-01-01,0,False,False
Calcemi (Calcium Cluconate) inj.,Ampul,2024-02-01,0,False,False
Calcemi (Calcium Cluconate) inj.,Ampul,2024-03-01,0,False,False
Calcemi (Calcium Cluconate) inj.,Ampul,2024-04-01,0,False,False
Calcemi (Calcium Cluconate) inj.,Ampul,2024-05-01,0,False,False
Calcemi (Calcium Cluconate) inj.,Ampul,2024-06-01,0,False,False
Calcemi (Calcium Cluconate) inj.,Ampul,2024-07-01,0,False,False
Calcemi (Calcium Cluconate) inj.,Ampul,2024-08-01,0,False,False
Calcemi (Calcium Cluconate) inj.,Ampul,2024-09-01,0,False,False
Calcemi (Calcium Cluconate) inj.,Ampul,2024-10-01,0,False,False
Calcemi (Calcium Cluconate) inj.,Ampul,2024-11-01,0,False,False
Calcemi (Calcium Cluconate) inj.,Ampul,2024-12-01,0,False,False
Calcemi (Calcium Cluconate) inj.,Ampul,2025-01-01,0,False,False
Calcemi (Calcium Cluconate) inj.,Ampul,2025-02-01,0,False,False
Calcemi (Calcium Cluconate) inj.,Ampul,2025-03-01,0,False,False
Calcemi (Calcium Cluconate) inj.,Ampul,2025-04-01,0,False,True
Calcemi (Calcium Cluconate) inj.,Ampul,2025-05-01,0,False,False
Calcemi (Calcium Cluconate) inj.,Ampul,2025-06-01,0,False,False
Calcemi (Calcium Cluconate) inj.,Ampul,2025-07-01,0,False,False
Calcemi (Calcium Cluconate) inj.,Ampul,2025-08-01,0,False,False
Calcemi (Calcium Cluconate) inj.,Ampul,2025-09-01,0,False,False
Calcemi (Calcium Cluconate) inj.,Ampul,2025-10-01,0,True,False
Calcemi (Calcium Cluconate) inj.,Ampul,2025-11-01,0,True,False
Calcemi (Calcium Cluconate) inj.,Ampul,2025-12-01,0,True,False
Calcemi (Calcium Cluconate) inj.,Ampul,2026-01-01,0,True,False
Calcemi (Calcium Cluconate) inj.,Ampul,2026-02-01,0,True,False
Calcii Gluconas inj 100 mg/ml,Ampul,2024-01-01,0,True,False
Calcii Gluconas inj 100 mg/ml,Ampul,2024-02-01,0,True,False
Calcii Gluconas inj 100 mg/ml,Ampul,2024-03-01,0,True,False
Calcii Gluconas inj 100 mg/ml,Ampul,2024-04-01,0,True,False
Calcii Gluconas inj 100 mg/ml,Ampul,2024-05-01,21,True,False
Calcii Gluconas inj 100 mg/ml,Ampul,2024-06-01,0,True,False
Calcii Gluconas inj 100 mg/ml,Ampul,2024-07-01,0,True,False
Calcii Gluconas inj 100 mg/ml,Ampul,2024-08-01,0,True,False
Calcii Gluconas inj 100 mg/ml,Ampul,2024-09-01,0,True,False
Calcii Gluconas inj 100 mg/ml,Ampul,2024-10-01,0,True,False
Calcii Gluconas inj 100 mg/ml,Ampul,2024-11-01,0,True,False
Calcii Gluconas inj 100 mg/ml,Ampul,2024-12-01,0,True,False
Calcii Gluconas inj 100 mg/ml,Ampul,2025-01-01,0,True,False
Calcii Gluconas inj 100 mg/ml,Ampul,2025-02-01,0,True,False
Calcii Gluconas inj 100 mg/ml,Ampul,2025-03-01,0,True,False
Calcii Gluconas inj 100 mg/ml,Ampul,2025-04-01,0,False,True
Calcii Gluconas inj 100 mg/ml,Ampul,2025-05-01,0,True,False
Calcii Gluconas inj 100 mg/ml,Ampul,2025-06-01,0,True,False
Calcii Gluconas inj 100 mg/ml,Ampul,2025-07-01,0,True,False
Calcii Gluconas inj 100 mg/ml,Ampul,2025-08-01,0,True,False
Calcii Gluconas inj 100 mg/ml,Ampul,2025-09-01,0,True,False
Calcii Gluconas inj 100 mg/ml,Ampul,2025-10-01,0,True,False
Calcii Gluconas inj 100 mg/ml,Ampul,2025-11-01,0,True,False
Calcii Gluconas inj 100 mg/ml,Ampul,2025-12-01,0,True,False
Calcii Gluconas inj 100 mg/ml,Ampul,2026-01-01,0,False,False
Calcii Gluconas inj 100 mg/ml,Ampul,2026-02-01,0,False,False
Calortusin,Tablet,2024-01-01,0,True,False
Calortusin,Tablet,2024-02-01,0,True,False
Calortusin,Tablet,2024-03-01,0,True,False
Calortusin,Tablet,2024-04-01,0,True,False
Calortusin,Tablet,2024-05-01,0,True,False
Calortusin,Tablet,2024-06-01,0,True,False
Calortusin,Tablet,2024-07-01,0,True,False
Calortusin,Tablet,2024-08-01,0,True,False
Calortusin,Tablet,2024-09-01,0,True,False
Calortusin,Tablet,2024-10-01,0,True,False
Calortusin,Tablet,2024-11-01,0,True,False
Calortusin,Tablet,2024-12-01,0,True,False
Calortusin,Tablet,2025-01-01,0,False,False
Calortusin,Tablet,2025-02-01,0,False,False
Calortusin,Tablet,2025-03-01,0,False,False
Calortusin,Tablet,2025-04-01,0,False,True
Calortusin,Tablet,2025-05-01,0,False,False
Calortusin,Tablet,2025-06-01,0,False,False
Calortusin,Tablet,2025-07-01,0,False,False
Calortusin,Tablet,2025-08-01,0,False,False
Calortusin,Tablet,2025-09-01,0,False,False
Calortusin,Tablet,2025-10-01,0,False,False
Calortusin,Tablet,2025-11-01,0,False,False
Calortusin,Tablet,2025-12-01,0,False,False
Calortusin,Tablet,2026-01-01,0,False,False
Calortusin,Tablet,2026-02-01,0,False,False
"Captopril 12,5 mg",Tablet,2024-01-01,718,True,False
"Captopril 12,5 mg",Tablet,2024-02-01,220,True,False
"Captopril 12,5 mg",Tablet,2024-03-01,50,True,False
"Captopril 12,5 mg",Tablet,2024-04-01,104,True,False
"Captopril 12,5 mg",Tablet,2024-05-01,0,True,False
"Captopril 12,5 mg",Tablet,2024-06-01,259,True,False
"Captopril 12,5 mg",Tablet,2024-07-01,187,True,False
"Captopril 12,5 mg",Tablet,2024-08-01,180,True,False
"Captopril 12,5 mg",Tablet,2024-09-01,447,True,False
"Captopril 12,5 mg",Tablet,2024-10-01,150,True,False
"Captopril 12,5 mg",Tablet,2024-11-01,423,True,False
"Captopril 12,5 mg",Tablet,2024-12-01,200,True,False
"Captopril 12,5 mg",Tablet,2025-01-01,0,True,False
"Captopril 12,5 mg",Tablet,2025-02-01,0,True,False
"Captopril 12,5 mg",Tablet,2025-03-01,0,True,False
"Captopril 12,5 mg",Tablet,2025-04-01,0,False,True
"Captopril 12,5 mg",Tablet,2025-05-01,0,True,False
"Captopril 12,5 mg",Tablet,2025-06-01,0,True,False
"Captopril 12,5 mg",Tablet,2025-07-01,0,True,False
"Captopril 12,5 mg",Tablet,2025-08-01,0,True,False
"Captopril 12,5 mg",Tablet,2025-09-01,0,True,False
"Captopril 12,5 mg",Tablet,2025-10-01,0,True,False
"Captopril 12,5 mg",Tablet,2025-11-01,0,True,False
"Captopril 12,5 mg",Tablet,2025-12-01,0,True,False
"Captopril 12,5 mg",Tablet,2026-01-01,0,False,False
"Captopril 12,5 mg",Tablet,2026-02-01,0,False,False
Captopril 25 mg,Tablet,2024-01-01,0,True,False
Captopril 25 mg,Tablet,2024-02-01,0,True,False
Captopril 25 mg,Tablet,2024-03-01,0,True,False
Captopril 25 mg,Tablet,2024-04-01,0,True,False
Captopril 25 mg,Tablet,2024-05-01,0,True,False
Captopril 25 mg,Tablet,2024-06-01,0,True,False
Captopril 25 mg,Tablet,2024-07-01,0,True,False
Captopril 25 mg,Tablet,2024-08-01,0,True,False
Captopril 25 mg,Tablet,2024-09-01,0,True,False
Captopril 25 mg,Tablet,2024-10-01,0,True,False
Captopril 25 mg,Tablet,2024-11-01,0,True,False
Captopril 25 mg,Tablet,2024-12-01,0,True,False
Captopril 25 mg,Tablet,2025-01-01,170,True,False
Captopril 25 mg,Tablet,2025-02-01,40,True,False
Captopril 25 mg,Tablet,2025-03-01,80,True,False
Captopril 25 mg,Tablet,2025-04-01,375,False,True
Captopril 25 mg,Tablet,2025-05-01,670,True,False
Captopril 25 mg,Tablet,2025-06-01,70,True,False
Captopril 25 mg,Tablet,2025-07-01,120,True,False
Captopril 25 mg,Tablet,2025-08-01,290,True,False
Captopril 25 mg,Tablet,2025-09-01,164,True,False
Captopril 25 mg,Tablet,2025-10-01,236,True,False
Captopril 25 mg,Tablet,2025-11-01,230,True,False
Captopril 25 mg,Tablet,2025-12-01,161,True,False
Captopril 25 mg,Tablet,2026-01-01,213,True,False
Captopril 25 mg,Tablet,2026-02-01,161,True,False
Caustener Rapid,Botol,2024-01-01,0,True,False
Caustener Rapid,Botol,2024-02-01,0,True,False
Caustener Rapid,Botol,2024-03-01,0,True,False
Caustener Rapid,Botol,2024-04-01,0,True,False
Caustener Rapid,Botol,2024-05-01,0,True,False
Caustener Rapid,Botol,2024-06-01,0,True,False
Caustener Rapid,Botol,2024-07-01,0,True,False
Caustener Rapid,Botol,2024-08-01,0,True,False
Caustener Rapid,Botol,2024-09-01,0,True,False
Caustener Rapid,Botol,2024-10-01,0,True,False
Caustener Rapid,Botol,2024-11-01,0,True,False
Caustener Rapid,Botol,2024-12-01,0,True,False
Caustener Rapid,Botol,2025-01-01,0,False,False
Caustener Rapid,Botol,2025-02-01,0,False,False
Caustener Rapid,Botol,2025-03-01,0,False,False
Caustener Rapid,Botol,2025-04-01,0,False,True
Caustener Rapid,Botol,2025-05-01,0,False,False
Caustener Rapid,Botol,2025-06-01,0,False,False
Caustener Rapid,Botol,2025-07-01,0,False,False
Caustener Rapid,Botol,2025-08-01,0,False,False
Caustener Rapid,Botol,2025-09-01,0,False,False
Caustener Rapid,Botol,2025-10-01,0,False,False
Caustener Rapid,Botol,2025-11-01,0,False,False
Caustener Rapid,Botol,2025-12-01,0,False,False
Caustener Rapid,Botol,2026-01-01,0,False,False
Caustener Rapid,Botol,2026-02-01,0,False,False
Cavit D3 / Calcifar Plus,Tidak Diketahui,2024-01-01,0,False,False
Cavit D3 / Calcifar Plus,Tidak Diketahui,2024-02-01,0,False,False
Cavit D3 / Calcifar Plus,Tidak Diketahui,2024-03-01,0,False,False
Cavit D3 / Calcifar Plus,Tidak Diketahui,2024-04-01,0,False,False
Cavit D3 / Calcifar Plus,Tidak Diketahui,2024-05-01,0,False,False
Cavit D3 / Calcifar Plus,Tidak Diketahui,2024-06-01,0,False,False
Cavit D3 / Calcifar Plus,Tidak Diketahui,2024-07-01,0,False,False
Cavit D3 / Calcifar Plus,Tidak Diketahui,2024-08-01,0,False,False
Cavit D3 / Calcifar Plus,Tidak Diketahui,2024-09-01,0,False,False
Cavit D3 / Calcifar Plus,Tidak Diketahui,2024-10-01,0,False,False
Cavit D3 / Calcifar Plus,Tidak Diketahui,2024-11-01,0,False,False
Cavit D3 / Calcifar Plus,Tidak Diketahui,2024-12-01,0,False,False
Cavit D3 / Calcifar Plus,Tidak Diketahui,2025-01-01,0,True,False
Cavit D3 / Calcifar Plus,Tidak Diketahui,2025-02-01,0,True,False
Cavit D3 / Calcifar Plus,Tidak Diketahui,2025-03-01,0,True,False
Cavit D3 / Calcifar Plus,Tidak Diketahui,2025-04-01,0,False,True
Cavit D3 / Calcifar Plus,Tidak Diketahui,2025-05-01,0,True,False
Cavit D3 / Calcifar Plus,Tidak Diketahui,2025-06-01,0,True,False
Cavit D3 / Calcifar Plus,Tidak Diketahui,2025-07-01,0,True,False
Cavit D3 / Calcifar Plus,Tidak Diketahui,2025-08-01,0,True,False
Cavit D3 / Calcifar Plus,Tidak Diketahui,2025-09-01,0,True,False
Cavit D3 / Calcifar Plus,Tidak Diketahui,2025-10-01,0,True,False
Cavit D3 / Calcifar Plus,Tidak Diketahui,2025-11-01,0,True,False
Cavit D3 / Calcifar Plus,Tidak Diketahui,2025-12-01,0,True,False
Cavit D3 / Calcifar Plus,Tidak Diketahui,2026-01-01,0,False,False
Cavit D3 / Calcifar Plus,Tidak Diketahui,2026-02-01,0,False,False
Caviton 30g / Orafil plus,Set,2024-01-01,0,False,False
Caviton 30g / Orafil plus,Set,2024-02-01,0,False,False
Caviton 30g / Orafil plus,Set,2024-03-01,0,False,False
Caviton 30g / Orafil plus,Set,2024-04-01,0,False,False
Caviton 30g / Orafil plus,Set,2024-05-01,0,False,False
Caviton 30g / Orafil plus,Set,2024-06-01,0,False,False
Caviton 30g / Orafil plus,Set,2024-07-01,0,False,False
Caviton 30g / Orafil plus,Set,2024-08-01,0,False,False
Caviton 30g / Orafil plus,Set,2024-09-01,0,False,False
Caviton 30g / Orafil plus,Set,2024-10-01,0,False,False
Caviton 30g / Orafil plus,Set,2024-11-01,0,False,False
Caviton 30g / Orafil plus,Set,2024-12-01,0,False,False
Caviton 30g / Orafil plus,Set,2025-01-01,0,True,False
Caviton 30g / Orafil plus,Set,2025-02-01,0,True,False
Caviton 30g / Orafil plus,Set,2025-03-01,0,True,False
Caviton 30g / Orafil plus,Set,2025-04-01,1,False,True
Caviton 30g / Orafil plus,Set,2025-05-01,2,True,False
Caviton 30g / Orafil plus,Set,2025-06-01,0,True,False
Caviton 30g / Orafil plus,Set,2025-07-01,7,True,False
Caviton 30g / Orafil plus,Set,2025-08-01,0,True,False
Caviton 30g / Orafil plus,Set,2025-09-01,0,True,False
Caviton 30g / Orafil plus,Set,2025-10-01,0,True,False
Caviton 30g / Orafil plus,Set,2025-11-01,0,True,False
Caviton 30g / Orafil plus,Set,2025-12-01,1,True,False
Caviton 30g / Orafil plus,Set,2026-01-01,3,True,False
Caviton 30g / Orafil plus,Set,2026-02-01,0,True,False
Cefadroksil sirup,Botol,2024-01-01,0,True,False
Cefadroksil sirup,Botol,2024-02-01,0,True,False
Cefadroksil sirup,Botol,2024-03-01,0,True,False
Cefadroksil sirup,Botol,2024-04-01,0,True,False
Cefadroksil sirup,Botol,2024-05-01,0,True,False
Cefadroksil sirup,Botol,2024-06-01,0,True,False
Cefadroksil sirup,Botol,2024-07-01,0,True,False
Cefadroksil sirup,Botol,2024-08-01,0,True,False
Cefadroksil sirup,Botol,2024-09-01,0,True,False
Cefadroksil sirup,Botol,2024-10-01,0,True,False
Cefadroksil sirup,Botol,2024-11-01,0,True,False
Cefadroksil sirup,Botol,2024-12-01,0,True,False
Cefadroksil sirup,Botol,2025-01-01,0,False,False
Cefadroksil sirup,Botol,2025-02-01,0,False,False
Cefadroksil sirup,Botol,2025-03-01,0,False,False
Cefadroksil sirup,Botol,2025-04-01,0,False,True
Cefadroksil sirup,Botol,2025-05-01,0,False,False
Cefadroksil sirup,Botol,2025-06-01,0,False,False
Cefadroksil sirup,Botol,2025-07-01,0,False,False
Cefadroksil sirup,Botol,2025-08-01,0,False,False
Cefadroksil sirup,Botol,2025-09-01,0,False,False
Cefadroksil sirup,Botol,2025-10-01,0,False,False
Cefadroksil sirup,Botol,2025-11-01,0,False,False
Cefadroksil sirup,Botol,2025-12-01,0,False,False
Cefadroksil sirup,Botol,2026-01-01,0,False,False
Cefadroksil sirup,Botol,2026-02-01,0,False,False
Cefadroxil 500 mg,Tablet,2024-01-01,0,True,False
Cefadroxil 500 mg,Tablet,2024-02-01,100,True,False
Cefadroxil 500 mg,Tablet,2024-03-01,400,True,False
Cefadroxil 500 mg,Tablet,2024-04-01,600,True,False
Cefadroxil 500 mg,Tablet,2024-05-01,400,True,False
Cefadroxil 500 mg,Tablet,2024-06-01,346,True,False
Cefadroxil 500 mg,Tablet,2024-07-01,554,True,False
Cefadroxil 500 mg,Tablet,2024-08-01,270,True,False
Cefadroxil 500 mg,Tablet,2024-09-01,498,True,False
Cefadroxil 500 mg,Tablet,2024-10-01,342,True,False
Cefadroxil 500 mg,Tablet,2024-11-01,270,True,False
Cefadroxil 500 mg,Tablet,2024-12-01,448,True,False
Cefadroxil 500 mg,Tablet,2025-01-01,592,True,False
Cefadroxil 500 mg,Tablet,2025-02-01,108,True,False
Cefadroxil 500 mg,Tablet,2025-03-01,258,True,False
Cefadroxil 500 mg,Tablet,2025-04-01,319,False,True
Cefadroxil 500 mg,Tablet,2025-05-01,380,True,False
Cefadroxil 500 mg,Tablet,2025-06-01,310,True,False
Cefadroxil 500 mg,Tablet,2025-07-01,994,True,False
Cefadroxil 500 mg,Tablet,2025-08-01,600,True,False
Cefadroxil 500 mg,Tablet,2025-09-01,494,True,False
Cefadroxil 500 mg,Tablet,2025-10-01,542,True,False
Cefadroxil 500 mg,Tablet,2025-11-01,500,True,False
Cefadroxil 500 mg,Tablet,2025-12-01,692,True,False
Cefadroxil 500 mg,Tablet,2026-01-01,552,True,False
Cefadroxil 500 mg,Tablet,2026-02-01,220,True,False
Cefadroxil sirup kering,Botol,2024-01-01,0,False,False
Cefadroxil sirup kering,Botol,2024-02-01,0,False,False
Cefadroxil sirup kering,Botol,2024-03-01,0,False,False
Cefadroxil sirup kering,Botol,2024-04-01,0,False,False
Cefadroxil sirup kering,Botol,2024-05-01,0,False,False
Cefadroxil sirup kering,Botol,2024-06-01,0,False,False
Cefadroxil sirup kering,Botol,2024-07-01,0,False,False
Cefadroxil sirup kering,Botol,2024-08-01,0,False,False
Cefadroxil sirup kering,Botol,2024-09-01,0,False,False
Cefadroxil sirup kering,Botol,2024-10-01,0,False,False
Cefadroxil sirup kering,Botol,2024-11-01,0,False,False
Cefadroxil sirup kering,Botol,2024-12-01,0,False,False
Cefadroxil sirup kering,Botol,2025-01-01,0,True,False
Cefadroxil sirup kering,Botol,2025-02-01,0,True,False
Cefadroxil sirup kering,Botol,2025-03-01,0,True,False
Cefadroxil sirup kering,Botol,2025-04-01,0,False,True
Cefadroxil sirup kering,Botol,2025-05-01,0,True,False
Cefadroxil sirup kering,Botol,2025-06-01,0,True,False
Cefadroxil sirup kering,Botol,2025-07-01,0,True,False
Cefadroxil sirup kering,Botol,2025-08-01,0,True,False
Cefadroxil sirup kering,Botol,2025-09-01,0,True,False
Cefadroxil sirup kering,Botol,2025-10-01,0,True,False
Cefadroxil sirup kering,Botol,2025-11-01,0,True,False
Cefadroxil sirup kering,Botol,2025-12-01,0,True,False
Cefadroxil sirup kering,Botol,2026-01-01,0,False,False
Cefadroxil sirup kering,Botol,2026-02-01,0,False,False
Cefixime 100 mg,Kapsul,2024-01-01,438,True,False
Cefixime 100 mg,Kapsul,2024-02-01,162,True,False
Cefixime 100 mg,Kapsul,2024-03-01,400,True,False
Cefixime 100 mg,Kapsul,2024-04-01,0,True,False
Cefixime 100 mg,Kapsul,2024-05-01,0,True,False
Cefixime 100 mg,Kapsul,2024-06-01,26,True,False
Cefixime 100 mg,Kapsul,2024-07-01,374,True,False
Cefixime 100 mg,Kapsul,2024-08-01,0,True,False
Cefixime 100 mg,Kapsul,2024-09-01,3324,True,False
Cefixime 100 mg,Kapsul,2024-10-01,486,True,False
Cefixime 100 mg,Kapsul,2024-11-01,710,True,False
Cefixime 100 mg,Kapsul,2024-12-01,480,True,False
Cefixime 100 mg,Kapsul,2025-01-01,174,True,False
Cefixime 100 mg,Kapsul,2025-02-01,406,True,False
Cefixime 100 mg,Kapsul,2025-03-01,358,True,False
Cefixime 100 mg,Kapsul,2025-04-01,764,False,True
Cefixime 100 mg,Kapsul,2025-05-01,1170,True,False
Cefixime 100 mg,Kapsul,2025-06-01,1370,True,False
Cefixime 100 mg,Kapsul,2025-07-01,4280,True,False
Cefixime 100 mg,Kapsul,2025-08-01,620,True,False
Cefixime 100 mg,Kapsul,2025-09-01,740,True,False
Cefixime 100 mg,Kapsul,2025-10-01,620,True,False
Cefixime 100 mg,Kapsul,2025-11-01,610,True,False
Cefixime 100 mg,Kapsul,2025-12-01,618,True,False
Cefixime 100 mg,Kapsul,2026-01-01,856,True,False
Cefixime 100 mg,Kapsul,2026-02-01,594,True,False
Cefixime 200 mg,Kapsul,2024-01-01,0,True,False
Cefixime 200 mg,Kapsul,2024-02-01,100,True,False
Cefixime 200 mg,Kapsul,2024-03-01,10,True,False
Cefixime 200 mg,Kapsul,2024-04-01,0,True,False
Cefixime 200 mg,Kapsul,2024-05-01,0,True,False
Cefixime 200 mg,Kapsul,2024-06-01,90,True,False
Cefixime 200 mg,Kapsul,2024-07-01,0,True,False
Cefixime 200 mg,Kapsul,2024-08-01,0,True,False
Cefixime 200 mg,Kapsul,2024-09-01,0,True,False
Cefixime 200 mg,Kapsul,2024-10-01,0,True,False
Cefixime 200 mg,Kapsul,2024-11-01,0,True,False
Cefixime 200 mg,Kapsul,2024-12-01,0,True,False
Cefixime 200 mg,Kapsul,2025-01-01,0,True,False
Cefixime 200 mg,Kapsul,2025-02-01,0,True,False
Cefixime 200 mg,Kapsul,2025-03-01,0,True,False
Cefixime 200 mg,Kapsul,2025-04-01,0,False,True
Cefixime 200 mg,Kapsul,2025-05-01,0,True,False
Cefixime 200 mg,Kapsul,2025-06-01,0,True,False
Cefixime 200 mg,Kapsul,2025-07-01,0,True,False
Cefixime 200 mg,Kapsul,2025-08-01,0,True,False
Cefixime 200 mg,Kapsul,2025-09-01,0,True,False
Cefixime 200 mg,Kapsul,2025-10-01,0,True,False
Cefixime 200 mg,Kapsul,2025-11-01,0,True,False
Cefixime 200 mg,Kapsul,2025-12-01,0,True,False
Cefixime 200 mg,Kapsul,2026-01-01,0,False,False
Cefixime 200 mg,Kapsul,2026-02-01,0,False,False
Cefixime sirup kering 100 mg/5 ml,Tidak Diketahui,2024-01-01,0,False,False
Cefixime sirup kering 100 mg/5 ml,Tidak Diketahui,2024-02-01,0,False,False
Cefixime sirup kering 100 mg/5 ml,Tidak Diketahui,2024-03-01,0,False,False
Cefixime sirup kering 100 mg/5 ml,Tidak Diketahui,2024-04-01,0,False,False
Cefixime sirup kering 100 mg/5 ml,Tidak Diketahui,2024-05-01,0,False,False
Cefixime sirup kering 100 mg/5 ml,Tidak Diketahui,2024-06-01,0,False,False
Cefixime sirup kering 100 mg/5 ml,Tidak Diketahui,2024-07-01,0,False,False
Cefixime sirup kering 100 mg/5 ml,Tidak Diketahui,2024-08-01,0,False,False
Cefixime sirup kering 100 mg/5 ml,Tidak Diketahui,2024-09-01,0,False,False
Cefixime sirup kering 100 mg/5 ml,Tidak Diketahui,2024-10-01,0,False,False
Cefixime sirup kering 100 mg/5 ml,Tidak Diketahui,2024-11-01,0,False,False
Cefixime sirup kering 100 mg/5 ml,Tidak Diketahui,2024-12-01,0,False,False
Cefixime sirup kering 100 mg/5 ml,Tidak Diketahui,2025-01-01,0,True,False
Cefixime sirup kering 100 mg/5 ml,Tidak Diketahui,2025-02-01,0,True,False
Cefixime sirup kering 100 mg/5 ml,Tidak Diketahui,2025-03-01,0,True,False
Cefixime sirup kering 100 mg/5 ml,Tidak Diketahui,2025-04-01,0,False,True
Cefixime sirup kering 100 mg/5 ml,Tidak Diketahui,2025-05-01,0,True,False
Cefixime sirup kering 100 mg/5 ml,Tidak Diketahui,2025-06-01,0,True,False
Cefixime sirup kering 100 mg/5 ml,Tidak Diketahui,2025-07-01,0,True,False
Cefixime sirup kering 100 mg/5 ml,Tidak Diketahui,2025-08-01,0,True,False
Cefixime sirup kering 100 mg/5 ml,Tidak Diketahui,2025-09-01,0,True,False
Cefixime sirup kering 100 mg/5 ml,Tidak Diketahui,2025-10-01,0,True,False
Cefixime sirup kering 100 mg/5 ml,Tidak Diketahui,2025-11-01,0,True,False
Cefixime sirup kering 100 mg/5 ml,Tidak Diketahui,2025-12-01,0,True,False
Cefixime sirup kering 100 mg/5 ml,Tidak Diketahui,2026-01-01,0,False,False
Cefixime sirup kering 100 mg/5 ml,Tidak Diketahui,2026-02-01,0,False,False
Cefixime syrup,Botol,2024-01-01,0,True,False
Cefixime syrup,Botol,2024-02-01,0,True,False
Cefixime syrup,Botol,2024-03-01,0,False,False
Cefixime syrup,Botol,2024-04-01,0,False,False
Cefixime syrup,Botol,2024-05-01,0,False,False
Cefixime syrup,Botol,2024-06-01,0,False,False
Cefixime syrup,Botol,2024-07-01,0,False,False
Cefixime syrup,Botol,2024-08-01,0,False,False
Cefixime syrup,Botol,2024-09-01,0,False,False
Cefixime syrup,Botol,2024-10-01,0,False,False
Cefixime syrup,Botol,2024-11-01,0,False,False
Cefixime syrup,Botol,2024-12-01,0,False,False
Cefixime syrup,Botol,2025-01-01,0,False,False
Cefixime syrup,Botol,2025-02-01,0,False,False
Cefixime syrup,Botol,2025-03-01,0,False,False
Cefixime syrup,Botol,2025-04-01,0,False,True
Cefixime syrup,Botol,2025-05-01,0,False,False
Cefixime syrup,Botol,2025-06-01,0,False,False
Cefixime syrup,Botol,2025-07-01,0,False,False
Cefixime syrup,Botol,2025-08-01,0,False,False
Cefixime syrup,Botol,2025-09-01,0,False,False
Cefixime syrup,Botol,2025-10-01,0,False,False
Cefixime syrup,Botol,2025-11-01,0,False,False
Cefixime syrup,Botol,2025-12-01,0,False,False
Cefixime syrup,Botol,2026-01-01,0,False,False
Cefixime syrup,Botol,2026-02-01,0,False,False
Cefotaxime injeksi 1 g,Tidak Diketahui,2024-01-01,0,False,False
Cefotaxime injeksi 1 g,Tidak Diketahui,2024-02-01,0,False,False
Cefotaxime injeksi 1 g,Tidak Diketahui,2024-03-01,0,False,False
Cefotaxime injeksi 1 g,Tidak Diketahui,2024-04-01,0,False,False
Cefotaxime injeksi 1 g,Tidak Diketahui,2024-05-01,0,False,False
Cefotaxime injeksi 1 g,Tidak Diketahui,2024-06-01,0,False,False
Cefotaxime injeksi 1 g,Tidak Diketahui,2024-07-01,0,False,False
Cefotaxime injeksi 1 g,Tidak Diketahui,2024-08-01,0,False,False
Cefotaxime injeksi 1 g,Tidak Diketahui,2024-09-01,0,False,False
Cefotaxime injeksi 1 g,Tidak Diketahui,2024-10-01,0,False,False
Cefotaxime injeksi 1 g,Tidak Diketahui,2024-11-01,0,False,False
Cefotaxime injeksi 1 g,Tidak Diketahui,2024-12-01,0,False,False
Cefotaxime injeksi 1 g,Tidak Diketahui,2025-01-01,0,True,False
Cefotaxime injeksi 1 g,Tidak Diketahui,2025-02-01,0,True,False
Cefotaxime injeksi 1 g,Tidak Diketahui,2025-03-01,0,True,False
Cefotaxime injeksi 1 g,Tidak Diketahui,2025-04-01,0,False,True
Cefotaxime injeksi 1 g,Tidak Diketahui,2025-05-01,0,True,False
Cefotaxime injeksi 1 g,Tidak Diketahui,2025-06-01,0,True,False
Cefotaxime injeksi 1 g,Tidak Diketahui,2025-07-01,0,True,False
Cefotaxime injeksi 1 g,Tidak Diketahui,2025-08-01,0,True,False
Cefotaxime injeksi 1 g,Tidak Diketahui,2025-09-01,0,True,False
Cefotaxime injeksi 1 g,Tidak Diketahui,2025-10-01,0,True,False
Cefotaxime injeksi 1 g,Tidak Diketahui,2025-11-01,0,True,False
Cefotaxime injeksi 1 g,Tidak Diketahui,2025-12-01,0,True,False
Cefotaxime injeksi 1 g,Tidak Diketahui,2026-01-01,0,False,False
Cefotaxime injeksi 1 g,Tidak Diketahui,2026-02-01,0,False,False
Ceftriaxone injeksi 1 g,Tidak Diketahui,2024-01-01,0,False,False
Ceftriaxone injeksi 1 g,Tidak Diketahui,2024-02-01,0,False,False
Ceftriaxone injeksi 1 g,Tidak Diketahui,2024-03-01,0,False,False
Ceftriaxone injeksi 1 g,Tidak Diketahui,2024-04-01,0,False,False
Ceftriaxone injeksi 1 g,Tidak Diketahui,2024-05-01,0,False,False
Ceftriaxone injeksi 1 g,Tidak Diketahui,2024-06-01,0,False,False
Ceftriaxone injeksi 1 g,Tidak Diketahui,2024-07-01,0,False,False
Ceftriaxone injeksi 1 g,Tidak Diketahui,2024-08-01,0,False,False
Ceftriaxone injeksi 1 g,Tidak Diketahui,2024-09-01,0,False,False
Ceftriaxone injeksi 1 g,Tidak Diketahui,2024-10-01,0,False,False
Ceftriaxone injeksi 1 g,Tidak Diketahui,2024-11-01,0,False,False
Ceftriaxone injeksi 1 g,Tidak Diketahui,2024-12-01,0,False,False
Ceftriaxone injeksi 1 g,Tidak Diketahui,2025-01-01,0,True,False
Ceftriaxone injeksi 1 g,Tidak Diketahui,2025-02-01,0,True,False
Ceftriaxone injeksi 1 g,Tidak Diketahui,2025-03-01,0,True,False
Ceftriaxone injeksi 1 g,Tidak Diketahui,2025-04-01,0,False,True
Ceftriaxone injeksi 1 g,Tidak Diketahui,2025-05-01,0,True,False
Ceftriaxone injeksi 1 g,Tidak Diketahui,2025-06-01,0,True,False
Ceftriaxone injeksi 1 g,Tidak Diketahui,2025-07-01,0,True,False
Ceftriaxone injeksi 1 g,Tidak Diketahui,2025-08-01,0,True,False
Ceftriaxone injeksi 1 g,Tidak Diketahui,2025-09-01,0,True,False
Ceftriaxone injeksi 1 g,Tidak Diketahui,2025-10-01,0,True,False
Ceftriaxone injeksi 1 g,Tidak Diketahui,2025-11-01,0,True,False
Ceftriaxone injeksi 1 g,Tidak Diketahui,2025-12-01,0,True,False
Ceftriaxone injeksi 1 g,Tidak Diketahui,2026-01-01,0,False,False
Ceftriaxone injeksi 1 g,Tidak Diketahui,2026-02-01,0,False,False
Celluloid strip,Pack,2024-01-01,0,False,False
Celluloid strip,Pack,2024-02-01,0,False,False
Celluloid strip,Pack,2024-03-01,0,False,False
Celluloid strip,Pack,2024-04-01,0,False,False
Celluloid strip,Pack,2024-05-01,0,False,False
Celluloid strip,Pack,2024-06-01,0,False,False
Celluloid strip,Pack,2024-07-01,0,False,False
Celluloid strip,Pack,2024-08-01,0,False,False
Celluloid strip,Pack,2024-09-01,0,False,False
Celluloid strip,Pack,2024-10-01,0,False,False
Celluloid strip,Pack,2024-11-01,0,False,False
Celluloid strip,Pack,2024-12-01,0,False,False
Celluloid strip,Pack,2025-01-01,0,False,False
Celluloid strip,Pack,2025-02-01,0,False,False
Celluloid strip,Pack,2025-03-01,0,True,False
Celluloid strip,Pack,2025-04-01,0,False,True
Celluloid strip,Pack,2025-05-01,0,True,False
Celluloid strip,Pack,2025-06-01,0,True,False
Celluloid strip,Pack,2025-07-01,0,True,False
Celluloid strip,Pack,2025-08-01,0,True,False
Celluloid strip,Pack,2025-09-01,0,True,False
Celluloid strip,Pack,2025-10-01,0,True,False
Celluloid strip,Pack,2025-11-01,0,True,False
Celluloid strip,Pack,2025-12-01,0,True,False
Celluloid strip,Pack,2026-01-01,0,False,False
Celluloid strip,Pack,2026-02-01,0,False,False
Cendo Lyteers,Botol,2024-01-01,0,True,False
Cendo Lyteers,Botol,2024-02-01,0,True,False
Cendo Lyteers,Botol,2024-03-01,0,True,False
Cendo Lyteers,Botol,2024-04-01,0,True,False
Cendo Lyteers,Botol,2024-05-01,0,True,False
Cendo Lyteers,Botol,2024-06-01,0,True,False
Cendo Lyteers,Botol,2024-07-01,0,True,False
Cendo Lyteers,Botol,2024-08-01,0,True,False
Cendo Lyteers,Botol,2024-09-01,0,True,False
Cendo Lyteers,Botol,2024-10-01,0,True,False
Cendo Lyteers,Botol,2024-11-01,0,True,False
Cendo Lyteers,Botol,2024-12-01,0,True,False
Cendo Lyteers,Botol,2025-01-01,0,False,False
Cendo Lyteers,Botol,2025-02-01,0,False,False
Cendo Lyteers,Botol,2025-03-01,0,False,False
Cendo Lyteers,Botol,2025-04-01,0,False,True
Cendo Lyteers,Botol,2025-05-01,0,False,False
Cendo Lyteers,Botol,2025-06-01,0,False,False
Cendo Lyteers,Botol,2025-07-01,0,False,False
Cendo Lyteers,Botol,2025-08-01,0,False,False
Cendo Lyteers,Botol,2025-09-01,0,False,False
Cendo Lyteers,Botol,2025-10-01,0,False,False
Cendo Lyteers,Botol,2025-11-01,0,False,False
Cendo Lyteers,Botol,2025-12-01,0,False,False
Cendo Lyteers,Botol,2026-01-01,0,False,False
Cendo Lyteers,Botol,2026-02-01,0,False,False
Cendo Lyteers TM,Botol 15 Ml,2024-01-01,0,False,False
Cendo Lyteers TM,Botol 15 Ml,2024-02-01,0,False,False
Cendo Lyteers TM,Botol 15 Ml,2024-03-01,0,False,False
Cendo Lyteers TM,Botol 15 Ml,2024-04-01,0,False,False
Cendo Lyteers TM,Botol 15 Ml,2024-05-01,0,False,False
Cendo Lyteers TM,Botol 15 Ml,2024-06-01,0,False,False
Cendo Lyteers TM,Botol 15 Ml,2024-07-01,0,False,False
Cendo Lyteers TM,Botol 15 Ml,2024-08-01,0,False,False
Cendo Lyteers TM,Botol 15 Ml,2024-09-01,0,False,False
Cendo Lyteers TM,Botol 15 Ml,2024-10-01,0,False,False
Cendo Lyteers TM,Botol 15 Ml,2024-11-01,0,False,False
Cendo Lyteers TM,Botol 15 Ml,2024-12-01,0,False,False
Cendo Lyteers TM,Botol 15 Ml,2025-01-01,9,True,False
Cendo Lyteers TM,Botol 15 Ml,2025-02-01,5,True,False
Cendo Lyteers TM,Botol 15 Ml,2025-03-01,1,True,False
Cendo Lyteers TM,Botol 15 Ml,2025-04-01,2,False,True
Cendo Lyteers TM,Botol 15 Ml,2025-05-01,3,True,False
Cendo Lyteers TM,Botol 15 Ml,2025-06-01,11,True,False
Cendo Lyteers TM,Botol 15 Ml,2025-07-01,19,True,False
Cendo Lyteers TM,Botol 15 Ml,2025-08-01,0,True,False
Cendo Lyteers TM,Botol 15 Ml,2025-09-01,3,True,False
Cendo Lyteers TM,Botol 15 Ml,2025-10-01,6,True,False
Cendo Lyteers TM,Botol 15 Ml,2025-11-01,11,True,False
Cendo Lyteers TM,Botol 15 Ml,2025-12-01,0,True,False
Cendo Lyteers TM,Botol 15 Ml,2026-01-01,15,True,False
Cendo Lyteers TM,Botol 15 Ml,2026-02-01,8,True,False
Cendo Lyteers minidose,Pcs,2024-01-01,19,True,False
Cendo Lyteers minidose,Pcs,2024-02-01,0,True,False
Cendo Lyteers minidose,Pcs,2024-03-01,2,True,False
Cendo Lyteers minidose,Pcs,2024-04-01,5,True,False
Cendo Lyteers minidose,Pcs,2024-05-01,1,True,False
Cendo Lyteers minidose,Pcs,2024-06-01,14,True,False
Cendo Lyteers minidose,Pcs,2024-07-01,15,True,False
Cendo Lyteers minidose,Pcs,2024-08-01,0,True,False
Cendo Lyteers minidose,Pcs,2024-09-01,13,True,False
Cendo Lyteers minidose,Pcs,2024-10-01,6,True,False
Cendo Lyteers minidose,Pcs,2024-11-01,8,True,False
Cendo Lyteers minidose,Pcs,2024-12-01,13,True,False
Cendo Lyteers minidose,Pcs,2025-01-01,0,True,False
Cendo Lyteers minidose,Pcs,2025-02-01,0,True,False
Cendo Lyteers minidose,Pcs,2025-03-01,0,True,False
Cendo Lyteers minidose,Pcs,2025-04-01,0,False,True
Cendo Lyteers minidose,Pcs,2025-05-01,0,True,False
Cendo Lyteers minidose,Pcs,2025-06-01,0,True,False
Cendo Lyteers minidose,Pcs,2025-07-01,0,True,False
Cendo Lyteers minidose,Pcs,2025-08-01,0,True,False
Cendo Lyteers minidose,Pcs,2025-09-01,0,True,False
Cendo Lyteers minidose,Pcs,2025-10-01,0,True,False
Cendo Lyteers minidose,Pcs,2025-11-01,0,True,False
Cendo Lyteers minidose,Pcs,2025-12-01,0,True,False
Cendo Lyteers minidose,Pcs,2026-01-01,0,False,False
Cendo Lyteers minidose,Pcs,2026-02-01,0,False,False
Ceraspon,Kotak,2024-01-01,0,True,False
Ceraspon,Kotak,2024-02-01,10,True,False
Ceraspon,Kotak,2024-03-01,0,True,False
Ceraspon,Kotak,2024-04-01,0,True,False
Ceraspon,Kotak,2024-05-01,0,True,False
Ceraspon,Kotak,2024-06-01,10,True,False
Ceraspon,Kotak,2024-07-01,0,True,False
Ceraspon,Kotak,2024-08-01,0,True,False
Ceraspon,Kotak,2024-09-01,1,True,False
Ceraspon,Kotak,2024-10-01,0,True,False
Ceraspon,Kotak,2024-11-01,0,True,False
Ceraspon,Kotak,2024-12-01,0,True,False
Ceraspon,Kotak,2025-01-01,0,False,False
Ceraspon,Kotak,2025-02-01,0,False,False
Ceraspon,Kotak,2025-03-01,0,False,False
Ceraspon,Kotak,2025-04-01,0,False,True
Ceraspon,Kotak,2025-05-01,0,False,False
Ceraspon,Kotak,2025-06-01,0,False,False
Ceraspon,Kotak,2025-07-01,0,False,False
Ceraspon,Kotak,2025-08-01,0,False,False
Ceraspon,Kotak,2025-09-01,0,False,False
Ceraspon,Kotak,2025-10-01,0,False,False
Ceraspon,Kotak,2025-11-01,0,False,False
Ceraspon,Kotak,2025-12-01,0,False,False
Ceraspon,Kotak,2026-01-01,0,False,False
Ceraspon,Kotak,2026-02-01,0,False,False
Cerplast,Tidak Diketahui,2024-01-01,0,False,False
Cerplast,Tidak Diketahui,2024-02-01,0,False,False
Cerplast,Tidak Diketahui,2024-03-01,0,False,False
Cerplast,Tidak Diketahui,2024-04-01,0,False,False
Cerplast,Tidak Diketahui,2024-05-01,0,False,False
Cerplast,Tidak Diketahui,2024-06-01,0,False,False
Cerplast,Tidak Diketahui,2024-07-01,0,False,False
Cerplast,Tidak Diketahui,2024-08-01,0,False,False
Cerplast,Tidak Diketahui,2024-09-01,0,False,False
Cerplast,Tidak Diketahui,2024-10-01,0,False,False
Cerplast,Tidak Diketahui,2024-11-01,0,False,False
Cerplast,Tidak Diketahui,2024-12-01,0,False,False
Cerplast,Tidak Diketahui,2025-01-01,0,True,False
Cerplast,Tidak Diketahui,2025-02-01,0,True,False
Cerplast,Tidak Diketahui,2025-03-01,0,True,False
Cerplast,Tidak Diketahui,2025-04-01,0,False,True
Cerplast,Tidak Diketahui,2025-05-01,0,True,False
Cerplast,Tidak Diketahui,2025-06-01,0,True,False
Cerplast,Tidak Diketahui,2025-07-01,0,True,False
Cerplast,Tidak Diketahui,2025-08-01,0,True,False
Cerplast,Tidak Diketahui,2025-09-01,0,True,False
Cerplast,Tidak Diketahui,2025-10-01,0,True,False
Cerplast,Tidak Diketahui,2025-11-01,0,True,False
Cerplast,Tidak Diketahui,2025-12-01,0,True,False
Cerplast,Tidak Diketahui,2026-01-01,0,False,False
Cerplast,Tidak Diketahui,2026-02-01,0,False,False
Ceterizine 10 mg,Tablet,2024-01-01,450,True,False
Ceterizine 10 mg,Tablet,2024-02-01,750,True,False
Ceterizine 10 mg,Tablet,2024-03-01,1000,True,False
Ceterizine 10 mg,Tablet,2024-04-01,400,True,False
Ceterizine 10 mg,Tablet,2024-05-01,800,True,False
Ceterizine 10 mg,Tablet,2024-06-01,460,True,False
Ceterizine 10 mg,Tablet,2024-07-01,840,True,False
Ceterizine 10 mg,Tablet,2024-08-01,580,True,False
Ceterizine 10 mg,Tablet,2024-09-01,190,True,False
Ceterizine 10 mg,Tablet,2024-10-01,795,True,False
Ceterizine 10 mg,Tablet,2024-11-01,735,True,False
Ceterizine 10 mg,Tablet,2024-12-01,25,True,False
Ceterizine 10 mg,Tablet,2025-01-01,740,True,False
Ceterizine 10 mg,Tablet,2025-02-01,785,True,False
Ceterizine 10 mg,Tablet,2025-03-01,470,True,False
Ceterizine 10 mg,Tablet,2025-04-01,408,False,True
Ceterizine 10 mg,Tablet,2025-05-01,345,True,False
Ceterizine 10 mg,Tablet,2025-06-01,655,True,False
Ceterizine 10 mg,Tablet,2025-07-01,935,True,False
Ceterizine 10 mg,Tablet,2025-08-01,855,True,False
Ceterizine 10 mg,Tablet,2025-09-01,725,True,False
Ceterizine 10 mg,Tablet,2025-10-01,680,True,False
Ceterizine 10 mg,Tablet,2025-11-01,680,True,False
Ceterizine 10 mg,Tablet,2025-12-01,455,True,False
Ceterizine 10 mg,Tablet,2026-01-01,816,True,False
Ceterizine 10 mg,Tablet,2026-02-01,884,True,False
Ceterizine sirup 5 mg/5 ml,Botol,2024-01-01,0,False,False
Ceterizine sirup 5 mg/5 ml,Botol,2024-02-01,0,False,False
Ceterizine sirup 5 mg/5 ml,Botol,2024-03-01,0,False,False
Ceterizine sirup 5 mg/5 ml,Botol,2024-04-01,0,False,False
Ceterizine sirup 5 mg/5 ml,Botol,2024-05-01,0,False,False
Ceterizine sirup 5 mg/5 ml,Botol,2024-06-01,0,False,False
Ceterizine sirup 5 mg/5 ml,Botol,2024-07-01,0,False,False
Ceterizine sirup 5 mg/5 ml,Botol,2024-08-01,0,False,False
Ceterizine sirup 5 mg/5 ml,Botol,2024-09-01,0,False,False
Ceterizine sirup 5 mg/5 ml,Botol,2024-10-01,0,False,False
Ceterizine sirup 5 mg/5 ml,Botol,2024-11-01,0,False,False
Ceterizine sirup 5 mg/5 ml,Botol,2024-12-01,0,False,False
Ceterizine sirup 5 mg/5 ml,Botol,2025-01-01,0,True,False
Ceterizine sirup 5 mg/5 ml,Botol,2025-02-01,0,True,False
Ceterizine sirup 5 mg/5 ml,Botol,2025-03-01,0,True,False
Ceterizine sirup 5 mg/5 ml,Botol,2025-04-01,0,False,True
Ceterizine sirup 5 mg/5 ml,Botol,2025-05-01,0,True,False
Ceterizine sirup 5 mg/5 ml,Botol,2025-06-01,0,True,False
Ceterizine sirup 5 mg/5 ml,Botol,2025-07-01,0,True,False
Ceterizine sirup 5 mg/5 ml,Botol,2025-08-01,0,True,False
Ceterizine sirup 5 mg/5 ml,Botol,2025-09-01,0,True,False
Ceterizine sirup 5 mg/5 ml,Botol,2025-10-01,0,True,False
Ceterizine sirup 5 mg/5 ml,Botol,2025-11-01,0,True,False
Ceterizine sirup 5 mg/5 ml,Botol,2025-12-01,0,True,False
Ceterizine sirup 5 mg/5 ml,Botol,2026-01-01,0,True,False
Ceterizine sirup 5 mg/5 ml,Botol,2026-02-01,2,True,False
Ceterizine sirup 5 mg/5 ml,Botol 60 Ml,2024-01-01,1,True,False
Ceterizine sirup 5 mg/5 ml,Botol 60 Ml,2024-02-01,0,True,False
Ceterizine sirup 5 mg/5 ml,Botol 60 Ml,2024-03-01,3,True,False
Ceterizine sirup 5 mg/5 ml,Botol 60 Ml,2024-04-01,1,True,False
Ceterizine sirup 5 mg/5 ml,Botol 60 Ml,2024-05-01,1,True,False
Ceterizine sirup 5 mg/5 ml,Botol 60 Ml,2024-06-01,0,True,False
Ceterizine sirup 5 mg/5 ml,Botol 60 Ml,2024-07-01,0,True,False
Ceterizine sirup 5 mg/5 ml,Botol 60 Ml,2024-08-01,0,True,False
Ceterizine sirup 5 mg/5 ml,Botol 60 Ml,2024-09-01,0,True,False
Ceterizine sirup 5 mg/5 ml,Botol 60 Ml,2024-10-01,0,True,False
Ceterizine sirup 5 mg/5 ml,Botol 60 Ml,2024-11-01,0,True,False
Ceterizine sirup 5 mg/5 ml,Botol 60 Ml,2024-12-01,0,True,False
Ceterizine sirup 5 mg/5 ml,Botol 60 Ml,2025-01-01,0,False,False
Ceterizine sirup 5 mg/5 ml,Botol 60 Ml,2025-02-01,0,False,False
Ceterizine sirup 5 mg/5 ml,Botol 60 Ml,2025-03-01,0,False,False
Ceterizine sirup 5 mg/5 ml,Botol 60 Ml,2025-04-01,0,False,True
Ceterizine sirup 5 mg/5 ml,Botol 60 Ml,2025-05-01,0,False,False
Ceterizine sirup 5 mg/5 ml,Botol 60 Ml,2025-06-01,0,False,False
Ceterizine sirup 5 mg/5 ml,Botol 60 Ml,2025-07-01,0,False,False
Ceterizine sirup 5 mg/5 ml,Botol 60 Ml,2025-08-01,0,False,False
Ceterizine sirup 5 mg/5 ml,Botol 60 Ml,2025-09-01,0,False,False
Ceterizine sirup 5 mg/5 ml,Botol 60 Ml,2025-10-01,0,False,False
Ceterizine sirup 5 mg/5 ml,Botol 60 Ml,2025-11-01,0,False,False
Ceterizine sirup 5 mg/5 ml,Botol 60 Ml,2025-12-01,0,False,False
Ceterizine sirup 5 mg/5 ml,Botol 60 Ml,2026-01-01,0,False,False
Ceterizine sirup 5 mg/5 ml,Botol 60 Ml,2026-02-01,0,False,False
Chlorphenol Kamfer Menthol (CHKM),Botol 20 Ml,2024-01-01,0,True,False
Chlorphenol Kamfer Menthol (CHKM),Botol 20 Ml,2024-02-01,1,True,False
Chlorphenol Kamfer Menthol (CHKM),Botol 20 Ml,2024-03-01,0,True,False
Chlorphenol Kamfer Menthol (CHKM),Botol 20 Ml,2024-04-01,0,True,False
Chlorphenol Kamfer Menthol (CHKM),Botol 20 Ml,2024-05-01,0,True,False
Chlorphenol Kamfer Menthol (CHKM),Botol 20 Ml,2024-06-01,1,True,False
Chlorphenol Kamfer Menthol (CHKM),Botol 20 Ml,2024-07-01,0,True,False
Chlorphenol Kamfer Menthol (CHKM),Botol 20 Ml,2024-08-01,0,True,False
Chlorphenol Kamfer Menthol (CHKM),Botol 20 Ml,2024-09-01,0,True,False
Chlorphenol Kamfer Menthol (CHKM),Botol 20 Ml,2024-10-01,0,True,False
Chlorphenol Kamfer Menthol (CHKM),Botol 20 Ml,2024-11-01,0,True,False
Chlorphenol Kamfer Menthol (CHKM),Botol 20 Ml,2024-12-01,0,True,False
Chlorphenol Kamfer Menthol (CHKM),Botol 20 Ml,2025-01-01,0,False,False
Chlorphenol Kamfer Menthol (CHKM),Botol 20 Ml,2025-02-01,0,False,False
Chlorphenol Kamfer Menthol (CHKM),Botol 20 Ml,2025-03-01,0,False,False
Chlorphenol Kamfer Menthol (CHKM),Botol 20 Ml,2025-04-01,0,False,True
Chlorphenol Kamfer Menthol (CHKM),Botol 20 Ml,2025-05-01,0,False,False
Chlorphenol Kamfer Menthol (CHKM),Botol 20 Ml,2025-06-01,0,False,False
Chlorphenol Kamfer Menthol (CHKM),Botol 20 Ml,2025-07-01,0,False,False
Chlorphenol Kamfer Menthol (CHKM),Botol 20 Ml,2025-08-01,0,False,False
Chlorphenol Kamfer Menthol (CHKM),Botol 20 Ml,2025-09-01,0,False,False
Chlorphenol Kamfer Menthol (CHKM),Botol 20 Ml,2025-10-01,0,False,False
Chlorphenol Kamfer Menthol (CHKM),Botol 20 Ml,2025-11-01,0,False,False
Chlorphenol Kamfer Menthol (CHKM),Botol 20 Ml,2025-12-01,0,False,False
Chlorphenol Kamfer Menthol (CHKM),Botol 20 Ml,2026-01-01,0,False,False
Chlorphenol Kamfer Menthol (CHKM),Botol 20 Ml,2026-02-01,0,False,False
Cholesterol,Kit 4 X 80 Ml,2024-01-01,0,False,False
Cholesterol,Kit 4 X 80 Ml,2024-02-01,0,False,False
Cholesterol,Kit 4 X 80 Ml,2024-03-01,0,False,False
Cholesterol,Kit 4 X 80 Ml,2024-04-01,0,False,False
Cholesterol,Kit 4 X 80 Ml,2024-05-01,0,False,False
Cholesterol,Kit 4 X 80 Ml,2024-06-01,0,False,False
Cholesterol,Kit 4 X 80 Ml,2024-07-01,0,False,False
Cholesterol,Kit 4 X 80 Ml,2024-08-01,0,False,False
Cholesterol,Kit 4 X 80 Ml,2024-09-01,0,False,False
Cholesterol,Kit 4 X 80 Ml,2024-10-01,0,False,False
Cholesterol,Kit 4 X 80 Ml,2024-11-01,0,False,False
Cholesterol,Kit 4 X 80 Ml,2024-12-01,0,False,False
Cholesterol,Kit 4 X 80 Ml,2025-01-01,0,True,False
Cholesterol,Kit 4 X 80 Ml,2025-02-01,0,True,False
Cholesterol,Kit 4 X 80 Ml,2025-03-01,0,True,False
Cholesterol,Kit 4 X 80 Ml,2025-04-01,0,False,True
Cholesterol,Kit 4 X 80 Ml,2025-05-01,0,True,False
Cholesterol,Kit 4 X 80 Ml,2025-06-01,0,True,False
Cholesterol,Kit 4 X 80 Ml,2025-07-01,0,True,False
Cholesterol,Kit 4 X 80 Ml,2025-08-01,0,True,False
Cholesterol,Kit 4 X 80 Ml,2025-09-01,0,True,False
Cholesterol,Kit 4 X 80 Ml,2025-10-01,0,True,False
Cholesterol,Kit 4 X 80 Ml,2025-11-01,0,True,False
Cholesterol,Kit 4 X 80 Ml,2025-12-01,0,True,False
Cholesterol,Kit 4 X 80 Ml,2026-01-01,0,False,False
Cholesterol,Kit 4 X 80 Ml,2026-02-01,0,False,False
Cholesterol FS Besar,Kit,2024-01-01,0,False,False
Cholesterol FS Besar,Kit,2024-02-01,0,False,False
Cholesterol FS Besar,Kit,2024-03-01,0,False,False
Cholesterol FS Besar,Kit,2024-04-01,0,False,False
Cholesterol FS Besar,Kit,2024-05-01,0,False,False
Cholesterol FS Besar,Kit,2024-06-01,0,False,False
Cholesterol FS Besar,Kit,2024-07-01,0,False,False
Cholesterol FS Besar,Kit,2024-08-01,0,False,False
Cholesterol FS Besar,Kit,2024-09-01,0,False,False
Cholesterol FS Besar,Kit,2024-10-01,0,False,False
Cholesterol FS Besar,Kit,2024-11-01,0,False,False
Cholesterol FS Besar,Kit,2024-12-01,0,False,False
Cholesterol FS Besar,Kit,2025-01-01,0,False,False
Cholesterol FS Besar,Kit,2025-02-01,0,True,False
Cholesterol FS Besar,Kit,2025-03-01,1,True,False
Cholesterol FS Besar,Kit,2025-04-01,0,False,True
Cholesterol FS Besar,Kit,2025-05-01,0,True,False
Cholesterol FS Besar,Kit,2025-06-01,0,True,False
Cholesterol FS Besar,Kit,2025-07-01,0,True,False
Cholesterol FS Besar,Kit,2025-08-01,0,True,False
Cholesterol FS Besar,Kit,2025-09-01,0,True,False
Cholesterol FS Besar,Kit,2025-10-01,0,True,False
Cholesterol FS Besar,Kit,2025-11-01,0,True,False
Cholesterol FS Besar,Kit,2025-12-01,0,True,False
Cholesterol FS Besar,Kit,2026-01-01,0,True,False
Cholesterol FS Besar,Kit,2026-02-01,0,True,False
Cholesterol HDL,Kit,2024-01-01,0,False,False
Cholesterol HDL,Kit,2024-02-01,0,False,False
Cholesterol HDL,Kit,2024-03-01,0,False,False
Cholesterol HDL,Kit,2024-04-01,0,False,False
Cholesterol HDL,Kit,2024-05-01,0,False,False
Cholesterol HDL,Kit,2024-06-01,0,False,False
Cholesterol HDL,Kit,2024-07-01,0,False,False
Cholesterol HDL,Kit,2024-08-01,0,False,False
Cholesterol HDL,Kit,2024-09-01,0,False,False
Cholesterol HDL,Kit,2024-10-01,0,False,False
Cholesterol HDL,Kit,2024-11-01,0,False,False
Cholesterol HDL,Kit,2024-12-01,0,False,False
Cholesterol HDL,Kit,2025-01-01,0,True,False
Cholesterol HDL,Kit,2025-02-01,0,True,False
Cholesterol HDL,Kit,2025-03-01,0,True,False
Cholesterol HDL,Kit,2025-04-01,0,False,True
Cholesterol HDL,Kit,2025-05-01,0,True,False
Cholesterol HDL,Kit,2025-06-01,2,True,False
Cholesterol HDL,Kit,2025-07-01,0,True,False
Cholesterol HDL,Kit,2025-08-01,0,True,False
Cholesterol HDL,Kit,2025-09-01,3,True,False
Cholesterol HDL,Kit,2025-10-01,0,True,False
Cholesterol HDL,Kit,2025-11-01,1,True,False
Cholesterol HDL,Kit,2025-12-01,0,True,False
Cholesterol HDL,Kit,2026-01-01,0,True,False
Cholesterol HDL,Kit,2026-02-01,0,True,False
Cholesterol LDL,Tidak Diketahui,2024-01-01,0,False,False
Cholesterol LDL,Tidak Diketahui,2024-02-01,0,False,False
Cholesterol LDL,Tidak Diketahui,2024-03-01,0,False,False
Cholesterol LDL,Tidak Diketahui,2024-04-01,0,False,False
Cholesterol LDL,Tidak Diketahui,2024-05-01,0,False,False
Cholesterol LDL,Tidak Diketahui,2024-06-01,0,False,False
Cholesterol LDL,Tidak Diketahui,2024-07-01,0,False,False
Cholesterol LDL,Tidak Diketahui,2024-08-01,0,False,False
Cholesterol LDL,Tidak Diketahui,2024-09-01,0,False,False
Cholesterol LDL,Tidak Diketahui,2024-10-01,0,False,False
Cholesterol LDL,Tidak Diketahui,2024-11-01,0,False,False
Cholesterol LDL,Tidak Diketahui,2024-12-01,0,False,False
Cholesterol LDL,Tidak Diketahui,2025-01-01,0,True,False
Cholesterol LDL,Tidak Diketahui,2025-02-01,0,True,False
Cholesterol LDL,Tidak Diketahui,2025-03-01,0,True,False
Cholesterol LDL,Tidak Diketahui,2025-04-01,0,False,True
Cholesterol LDL,Tidak Diketahui,2025-05-01,0,True,False
Cholesterol LDL,Tidak Diketahui,2025-06-01,0,True,False
Cholesterol LDL,Tidak Diketahui,2025-07-01,0,True,False
Cholesterol LDL,Tidak Diketahui,2025-08-01,0,True,False
Cholesterol LDL,Tidak Diketahui,2025-09-01,0,True,False
Cholesterol LDL,Tidak Diketahui,2025-10-01,0,True,False
Cholesterol LDL,Tidak Diketahui,2025-11-01,0,True,False
Cholesterol LDL,Tidak Diketahui,2025-12-01,0,True,False
Cholesterol LDL,Tidak Diketahui,2026-01-01,0,False,False
Cholesterol LDL,Tidak Diketahui,2026-02-01,0,False,False
Cimetidin 200 mg,Tablet,2024-01-01,0,True,False
Cimetidin 200 mg,Tablet,2024-02-01,0,True,False
Cimetidin 200 mg,Tablet,2024-03-01,0,True,False
Cimetidin 200 mg,Tablet,2024-04-01,0,True,False
Cimetidin 200 mg,Tablet,2024-05-01,0,True,False
Cimetidin 200 mg,Tablet,2024-06-01,0,True,False
Cimetidin 200 mg,Tablet,2024-07-01,0,True,False
Cimetidin 200 mg,Tablet,2024-08-01,0,True,False
Cimetidin 200 mg,Tablet,2024-09-01,0,True,False
Cimetidin 200 mg,Tablet,2024-10-01,0,True,False
Cimetidin 200 mg,Tablet,2024-11-01,0,True,False
Cimetidin 200 mg,Tablet,2024-12-01,0,True,False
Cimetidin 200 mg,Tablet,2025-01-01,0,True,False
Cimetidin 200 mg,Tablet,2025-02-01,0,True,False
Cimetidin 200 mg,Tablet,2025-03-01,0,True,False
Cimetidin 200 mg,Tablet,2025-04-01,0,False,True
Cimetidin 200 mg,Tablet,2025-05-01,0,True,False
Cimetidin 200 mg,Tablet,2025-06-01,0,True,False
Cimetidin 200 mg,Tablet,2025-07-01,0,True,False
Cimetidin 200 mg,Tablet,2025-08-01,0,True,False
Cimetidin 200 mg,Tablet,2025-09-01,0,True,False
Cimetidin 200 mg,Tablet,2025-10-01,0,True,False
Cimetidin 200 mg,Tablet,2025-11-01,0,True,False
Cimetidin 200 mg,Tablet,2025-12-01,0,True,False
Cimetidin 200 mg,Tablet,2026-01-01,0,False,False
Cimetidin 200 mg,Tablet,2026-02-01,0,False,False
Ciprofloksasin 500 mg,Tablet,2024-01-01,192,True,False
Ciprofloksasin 500 mg,Tablet,2024-02-01,0,True,False
Ciprofloksasin 500 mg,Tablet,2024-03-01,0,True,False
Ciprofloksasin 500 mg,Tablet,2024-04-01,100,True,False
Ciprofloksasin 500 mg,Tablet,2024-05-01,300,True,False
Ciprofloksasin 500 mg,Tablet,2024-06-01,300,True,False
Ciprofloksasin 500 mg,Tablet,2024-07-01,100,True,False
Ciprofloksasin 500 mg,Tablet,2024-08-01,270,True,False
Ciprofloksasin 500 mg,Tablet,2024-09-01,310,True,False
Ciprofloksasin 500 mg,Tablet,2024-10-01,0,True,False
Ciprofloksasin 500 mg,Tablet,2024-11-01,300,True,False
Ciprofloksasin 500 mg,Tablet,2024-12-01,230,True,False
Ciprofloksasin 500 mg,Tablet,2025-01-01,260,True,False
Ciprofloksasin 500 mg,Tablet,2025-02-01,390,True,False
Ciprofloksasin 500 mg,Tablet,2025-03-01,65,True,False
Ciprofloksasin 500 mg,Tablet,2025-04-01,88,False,True
Ciprofloksasin 500 mg,Tablet,2025-05-01,110,True,False
Ciprofloksasin 500 mg,Tablet,2025-06-01,360,True,False
Ciprofloksasin 500 mg,Tablet,2025-07-01,80,True,False
Ciprofloksasin 500 mg,Tablet,2025-08-01,50,True,False
Ciprofloksasin 500 mg,Tablet,2025-09-01,100,True,False
Ciprofloksasin 500 mg,Tablet,2025-10-01,130,True,False
Ciprofloksasin 500 mg,Tablet,2025-11-01,80,True,False
Ciprofloksasin 500 mg,Tablet,2025-12-01,190,True,False
Ciprofloksasin 500 mg,Tablet,2026-01-01,160,True,False
Ciprofloksasin 500 mg,Tablet,2026-02-01,110,True,False
Clobazam,Tablet,2024-01-01,10,True,False
Clobazam,Tablet,2024-02-01,10,True,False
Clobazam,Tablet,2024-03-01,0,True,False
Clobazam,Tablet,2024-04-01,0,True,False
Clobazam,Tablet,2024-05-01,0,True,False
Clobazam,Tablet,2024-06-01,0,True,False
Clobazam,Tablet,2024-07-01,0,True,False
Clobazam,Tablet,2024-08-01,0,True,False
Clobazam,Tablet,2024-09-01,0,True,False
Clobazam,Tablet,2024-10-01,0,True,False
Clobazam,Tablet,2024-11-01,0,True,False
Clobazam,Tablet,2024-12-01,0,True,False
Clobazam,Tablet,2025-01-01,0,True,False
Clobazam,Tablet,2025-02-01,0,True,False
Clobazam,Tablet,2025-03-01,0,True,False
Clobazam,Tablet,2025-04-01,100,False,True
Clobazam,Tablet,2025-05-01,200,True,False
Clobazam,Tablet,2025-06-01,240,True,False
Clobazam,Tablet,2025-07-01,240,True,False
Clobazam,Tablet,2025-08-01,0,True,False
Clobazam,Tablet,2025-09-01,0,True,False
Clobazam,Tablet,2025-10-01,0,True,False
Clobazam,Tablet,2025-11-01,0,True,False
Clobazam,Tablet,2025-12-01,0,True,False
Clobazam,Tablet,2026-01-01,0,False,False
Clobazam,Tablet,2026-02-01,0,False,False
Clofazimine 100 mg,Tablet,2024-01-01,0,False,False
Clofazimine 100 mg,Tablet,2024-02-01,0,False,False
Clofazimine 100 mg,Tablet,2024-03-01,0,False,False
Clofazimine 100 mg,Tablet,2024-04-01,0,False,False
Clofazimine 100 mg,Tablet,2024-05-01,0,False,False
Clofazimine 100 mg,Tablet,2024-06-01,0,False,False
Clofazimine 100 mg,Tablet,2024-07-01,0,False,False
Clofazimine 100 mg,Tablet,2024-08-01,0,False,False
Clofazimine 100 mg,Tablet,2024-09-01,0,False,False
Clofazimine 100 mg,Tablet,2024-10-01,0,False,False
Clofazimine 100 mg,Tablet,2024-11-01,0,False,False
Clofazimine 100 mg,Tablet,2024-12-01,0,False,False
Clofazimine 100 mg,Tablet,2025-01-01,132,True,False
Clofazimine 100 mg,Tablet,2025-02-01,0,True,False
Clofazimine 100 mg,Tablet,2025-03-01,0,True,False
Clofazimine 100 mg,Tablet,2025-04-01,50,False,True
Clofazimine 100 mg,Tablet,2025-05-01,100,True,False
Clofazimine 100 mg,Tablet,2025-06-01,0,True,False
Clofazimine 100 mg,Tablet,2025-07-01,0,True,False
Clofazimine 100 mg,Tablet,2025-08-01,0,True,False
Clofazimine 100 mg,Tablet,2025-09-01,0,True,False
Clofazimine 100 mg,Tablet,2025-10-01,200,True,False
Clofazimine 100 mg,Tablet,2025-11-01,0,True,False
Clofazimine 100 mg,Tablet,2025-12-01,100,True,False
Clofazimine 100 mg,Tablet,2026-01-01,0,True,False
Clofazimine 100 mg,Tablet,2026-02-01,0,True,False
Clopidogrel 75 mg,Tidak Diketahui,2024-01-01,0,False,False
Clopidogrel 75 mg,Tidak Diketahui,2024-02-01,0,False,False
Clopidogrel 75 mg,Tidak Diketahui,2024-03-01,0,False,False
Clopidogrel 75 mg,Tidak Diketahui,2024-04-01,0,False,False
Clopidogrel 75 mg,Tidak Diketahui,2024-05-01,0,False,False
Clopidogrel 75 mg,Tidak Diketahui,2024-06-01,0,False,False
Clopidogrel 75 mg,Tidak Diketahui,2024-07-01,0,False,False
Clopidogrel 75 mg,Tidak Diketahui,2024-08-01,0,False,False
Clopidogrel 75 mg,Tidak Diketahui,2024-09-01,0,False,False
Clopidogrel 75 mg,Tidak Diketahui,2024-10-01,0,False,False
Clopidogrel 75 mg,Tidak Diketahui,2024-11-01,0,False,False
Clopidogrel 75 mg,Tidak Diketahui,2024-12-01,0,False,False
Clopidogrel 75 mg,Tidak Diketahui,2025-01-01,0,True,False
Clopidogrel 75 mg,Tidak Diketahui,2025-02-01,0,True,False
Clopidogrel 75 mg,Tidak Diketahui,2025-03-01,0,True,False
Clopidogrel 75 mg,Tidak Diketahui,2025-04-01,0,False,True
Clopidogrel 75 mg,Tidak Diketahui,2025-05-01,0,True,False
Clopidogrel 75 mg,Tidak Diketahui,2025-06-01,0,True,False
Clopidogrel 75 mg,Tidak Diketahui,2025-07-01,0,True,False
Clopidogrel 75 mg,Tidak Diketahui,2025-08-01,0,True,False
Clopidogrel 75 mg,Tidak Diketahui,2025-09-01,0,True,False
Clopidogrel 75 mg,Tidak Diketahui,2025-10-01,0,True,False
Clopidogrel 75 mg,Tidak Diketahui,2025-11-01,0,True,False
Clopidogrel 75 mg,Tidak Diketahui,2025-12-01,0,True,False
Clopidogrel 75 mg,Tidak Diketahui,2026-01-01,0,False,False
Clopidogrel 75 mg,Tidak Diketahui,2026-02-01,0,False,False
Clozapin 100 mg,Tab,2024-01-01,0,True,False
Clozapin 100 mg,Tab,2024-02-01,0,True,False
Clozapin 100 mg,Tab,2024-03-01,95,True,False
Clozapin 100 mg,Tab,2024-04-01,80,True,False
Clozapin 100 mg,Tab,2024-05-01,525,True,False
Clozapin 100 mg,Tab,2024-06-01,100,True,False
Clozapin 100 mg,Tab,2024-07-01,0,True,False
Clozapin 100 mg,Tab,2024-08-01,0,True,False
Clozapin 100 mg,Tab,2024-09-01,0,True,False
Clozapin 100 mg,Tab,2024-10-01,0,True,False
Clozapin 100 mg,Tab,2024-11-01,4,True,False
Clozapin 100 mg,Tab,2024-12-01,56,True,False
Clozapin 100 mg,Tab,2025-01-01,0,False,False
Clozapin 100 mg,Tab,2025-02-01,0,False,False
Clozapin 100 mg,Tab,2025-03-01,0,False,False
Clozapin 100 mg,Tab,2025-04-01,0,False,True
Clozapin 100 mg,Tab,2025-05-01,0,False,False
Clozapin 100 mg,Tab,2025-06-01,0,False,False
Clozapin 100 mg,Tab,2025-07-01,0,False,False
Clozapin 100 mg,Tab,2025-08-01,0,False,False
Clozapin 100 mg,Tab,2025-09-01,0,False,False
Clozapin 100 mg,Tab,2025-10-01,0,False,False
Clozapin 100 mg,Tab,2025-11-01,0,False,False
Clozapin 100 mg,Tab,2025-12-01,0,False,False
Clozapin 100 mg,Tab,2026-01-01,0,False,False
Clozapin 100 mg,Tab,2026-02-01,0,False,False
Clozapin 100 mg,Tablet,2024-01-01,0,False,False
Clozapin 100 mg,Tablet,2024-02-01,0,False,False
Clozapin 100 mg,Tablet,2024-03-01,0,False,False
Clozapin 100 mg,Tablet,2024-04-01,0,False,False
Clozapin 100 mg,Tablet,2024-05-01,0,False,False
Clozapin 100 mg,Tablet,2024-06-01,0,False,False
Clozapin 100 mg,Tablet,2024-07-01,0,False,False
Clozapin 100 mg,Tablet,2024-08-01,0,False,False
Clozapin 100 mg,Tablet,2024-09-01,0,False,False
Clozapin 100 mg,Tablet,2024-10-01,0,False,False
Clozapin 100 mg,Tablet,2024-11-01,0,False,False
Clozapin 100 mg,Tablet,2024-12-01,0,False,False
Clozapin 100 mg,Tablet,2025-01-01,40,True,False
Clozapin 100 mg,Tablet,2025-02-01,890,True,False
Clozapin 100 mg,Tablet,2025-03-01,1174,True,False
Clozapin 100 mg,Tablet,2025-04-01,587,False,True
Clozapin 100 mg,Tablet,2025-05-01,0,True,False
Clozapin 100 mg,Tablet,2025-06-01,644,True,False
Clozapin 100 mg,Tablet,2025-07-01,936,True,False
Clozapin 100 mg,Tablet,2025-08-01,80,True,False
Clozapin 100 mg,Tablet,2025-09-01,126,True,False
Clozapin 100 mg,Tablet,2025-10-01,36,True,False
Clozapin 100 mg,Tablet,2025-11-01,991,True,False
Clozapin 100 mg,Tablet,2025-12-01,0,True,False
Clozapin 100 mg,Tablet,2026-01-01,252,True,False
Clozapin 100 mg,Tablet,2026-02-01,56,True,False
Clozapine 25 mg,Tablet,2024-01-01,0,True,False
Clozapine 25 mg,Tablet,2024-02-01,0,True,False
Clozapine 25 mg,Tablet,2024-03-01,105,True,False
Clozapine 25 mg,Tablet,2024-04-01,60,True,False
Clozapine 25 mg,Tablet,2024-05-01,385,True,False
Clozapine 25 mg,Tablet,2024-06-01,100,True,False
Clozapine 25 mg,Tablet,2024-07-01,500,True,False
Clozapine 25 mg,Tablet,2024-08-01,0,True,False
Clozapine 25 mg,Tablet,2024-09-01,436,True,False
Clozapine 25 mg,Tablet,2024-10-01,70,True,False
Clozapine 25 mg,Tablet,2024-11-01,188,True,False
Clozapine 25 mg,Tablet,2024-12-01,506,True,False
Clozapine 25 mg,Tablet,2025-01-01,30,True,False
Clozapine 25 mg,Tablet,2025-02-01,390,True,False
Clozapine 25 mg,Tablet,2025-03-01,376,True,False
Clozapine 25 mg,Tablet,2025-04-01,188,False,True
Clozapine 25 mg,Tablet,2025-05-01,0,True,False
Clozapine 25 mg,Tablet,2025-06-01,6265,True,False
Clozapine 25 mg,Tablet,2025-07-01,4450,True,False
Clozapine 25 mg,Tablet,2025-08-01,0,True,False
Clozapine 25 mg,Tablet,2025-09-01,0,True,False
Clozapine 25 mg,Tablet,2025-10-01,0,True,False
Clozapine 25 mg,Tablet,2025-11-01,0,True,False
Clozapine 25 mg,Tablet,2025-12-01,0,True,False
Clozapine 25 mg,Tablet,2026-01-01,0,False,False
Clozapine 25 mg,Tablet,2026-02-01,0,False,False
"Co-Amoksiklav 125/31,25 mg sirup",Tidak Diketahui,2024-01-01,0,False,False
"Co-Amoksiklav 125/31,25 mg sirup",Tidak Diketahui,2024-02-01,0,False,False
"Co-Amoksiklav 125/31,25 mg sirup",Tidak Diketahui,2024-03-01,0,False,False
"Co-Amoksiklav 125/31,25 mg sirup",Tidak Diketahui,2024-04-01,0,False,False
"Co-Amoksiklav 125/31,25 mg sirup",Tidak Diketahui,2024-05-01,0,False,False
"Co-Amoksiklav 125/31,25 mg sirup",Tidak Diketahui,2024-06-01,0,False,False
"Co-Amoksiklav 125/31,25 mg sirup",Tidak Diketahui,2024-07-01,0,False,False
"Co-Amoksiklav 125/31,25 mg sirup",Tidak Diketahui,2024-08-01,0,False,False
"Co-Amoksiklav 125/31,25 mg sirup",Tidak Diketahui,2024-09-01,0,False,False
"Co-Amoksiklav 125/31,25 mg sirup",Tidak Diketahui,2024-10-01,0,False,False
"Co-Amoksiklav 125/31,25 mg sirup",Tidak Diketahui,2024-11-01,0,False,False
"Co-Amoksiklav 125/31,25 mg sirup",Tidak Diketahui,2024-12-01,0,False,False
"Co-Amoksiklav 125/31,25 mg sirup",Tidak Diketahui,2025-01-01,0,True,False
"Co-Amoksiklav 125/31,25 mg sirup",Tidak Diketahui,2025-02-01,0,True,False
"Co-Amoksiklav 125/31,25 mg sirup",Tidak Diketahui,2025-03-01,0,True,False
"Co-Amoksiklav 125/31,25 mg sirup",Tidak Diketahui,2025-04-01,0,False,True
"Co-Amoksiklav 125/31,25 mg sirup",Tidak Diketahui,2025-05-01,0,True,False
"Co-Amoksiklav 125/31,25 mg sirup",Tidak Diketahui,2025-06-01,0,True,False
"Co-Amoksiklav 125/31,25 mg sirup",Tidak Diketahui,2025-07-01,0,True,False
"Co-Amoksiklav 125/31,25 mg sirup",Tidak Diketahui,2025-08-01,0,True,False
"Co-Amoksiklav 125/31,25 mg sirup",Tidak Diketahui,2025-09-01,0,True,False
"Co-Amoksiklav 125/31,25 mg sirup",Tidak Diketahui,2025-10-01,0,True,False
"Co-Amoksiklav 125/31,25 mg sirup",Tidak Diketahui,2025-11-01,0,True,False
"Co-Amoksiklav 125/31,25 mg sirup",Tidak Diketahui,2025-12-01,0,True,False
"Co-Amoksiklav 125/31,25 mg sirup",Tidak Diketahui,2026-01-01,0,False,False
"Co-Amoksiklav 125/31,25 mg sirup",Tidak Diketahui,2026-02-01,0,False,False
Co-Amoksiklav 500/125 mg tablet,Tidak Diketahui,2024-01-01,0,False,False
Co-Amoksiklav 500/125 mg tablet,Tidak Diketahui,2024-02-01,0,False,False
Co-Amoksiklav 500/125 mg tablet,Tidak Diketahui,2024-03-01,0,False,False
Co-Amoksiklav 500/125 mg tablet,Tidak Diketahui,2024-04-01,0,False,False
Co-Amoksiklav 500/125 mg tablet,Tidak Diketahui,2024-05-01,0,False,False
Co-Amoksiklav 500/125 mg tablet,Tidak Diketahui,2024-06-01,0,False,False
Co-Amoksiklav 500/125 mg tablet,Tidak Diketahui,2024-07-01,0,False,False
Co-Amoksiklav 500/125 mg tablet,Tidak Diketahui,2024-08-01,0,False,False
Co-Amoksiklav 500/125 mg tablet,Tidak Diketahui,2024-09-01,0,False,False
Co-Amoksiklav 500/125 mg tablet,Tidak Diketahui,2024-10-01,0,False,False
Co-Amoksiklav 500/125 mg tablet,Tidak Diketahui,2024-11-01,0,False,False
Co-Amoksiklav 500/125 mg tablet,Tidak Diketahui,2024-12-01,0,False,False
Co-Amoksiklav 500/125 mg tablet,Tidak Diketahui,2025-01-01,0,True,False
Co-Amoksiklav 500/125 mg tablet,Tidak Diketahui,2025-02-01,0,True,False
Co-Amoksiklav 500/125 mg tablet,Tidak Diketahui,2025-03-01,0,True,False
Co-Amoksiklav 500/125 mg tablet,Tidak Diketahui,2025-04-01,0,False,True
Co-Amoksiklav 500/125 mg tablet,Tidak Diketahui,2025-05-01,0,True,False
Co-Amoksiklav 500/125 mg tablet,Tidak Diketahui,2025-06-01,0,True,False
Co-Amoksiklav 500/125 mg tablet,Tidak Diketahui,2025-07-01,0,True,False
Co-Amoksiklav 500/125 mg tablet,Tidak Diketahui,2025-08-01,0,True,False
Co-Amoksiklav 500/125 mg tablet,Tidak Diketahui,2025-09-01,0,True,False
Co-Amoksiklav 500/125 mg tablet,Tidak Diketahui,2025-10-01,0,True,False
Co-Amoksiklav 500/125 mg tablet,Tidak Diketahui,2025-11-01,0,True,False
Co-Amoksiklav 500/125 mg tablet,Tidak Diketahui,2025-12-01,0,True,False
Co-Amoksiklav 500/125 mg tablet,Tidak Diketahui,2026-01-01,0,False,False
Co-Amoksiklav 500/125 mg tablet,Tidak Diketahui,2026-02-01,0,False,False
Codein 10 mg,Tablet,2024-01-01,50,True,False
Codein 10 mg,Tablet,2024-02-01,60,True,False
Codein 10 mg,Tablet,2024-03-01,40,True,False
Codein 10 mg,Tablet,2024-04-01,720,True,False
Codein 10 mg,Tablet,2024-05-01,0,True,False
Codein 10 mg,Tablet,2024-06-01,40,True,False
Codein 10 mg,Tablet,2024-07-01,30,True,False
Codein 10 mg,Tablet,2024-08-01,60,True,False
Codein 10 mg,Tablet,2024-09-01,70,True,False
Codein 10 mg,Tablet,2024-10-01,50,True,False
Codein 10 mg,Tablet,2024-11-01,20,True,False
Codein 10 mg,Tablet,2024-12-01,60,True,False
Codein 10 mg,Tablet,2025-01-01,0,False,False
Codein 10 mg,Tablet,2025-02-01,0,False,False
Codein 10 mg,Tablet,2025-03-01,0,False,False
Codein 10 mg,Tablet,2025-04-01,0,False,True
Codein 10 mg,Tablet,2025-05-01,0,False,False
Codein 10 mg,Tablet,2025-06-01,0,False,False
Codein 10 mg,Tablet,2025-07-01,0,False,False
Codein 10 mg,Tablet,2025-08-01,0,False,False
Codein 10 mg,Tablet,2025-09-01,0,False,False
Codein 10 mg,Tablet,2025-10-01,0,False,False
Codein 10 mg,Tablet,2025-11-01,0,False,False
Codein 10 mg,Tablet,2025-12-01,0,False,False
Codein 10 mg,Tablet,2026-01-01,0,False,False
Codein 10 mg,Tablet,2026-02-01,0,False,False
Cotrimoxazole Suspensi,Botol,2024-01-01,0,True,False
Cotrimoxazole Suspensi,Botol,2024-02-01,0,True,False
Cotrimoxazole Suspensi,Botol,2024-03-01,0,True,False
Cotrimoxazole Suspensi,Botol,2024-04-01,0,True,False
Cotrimoxazole Suspensi,Botol,2024-05-01,0,True,False
Cotrimoxazole Suspensi,Botol,2024-06-01,0,True,False
Cotrimoxazole Suspensi,Botol,2024-07-01,0,True,False
Cotrimoxazole Suspensi,Botol,2024-08-01,0,True,False
Cotrimoxazole Suspensi,Botol,2024-09-01,0,True,False
Cotrimoxazole Suspensi,Botol,2024-10-01,0,True,False
Cotrimoxazole Suspensi,Botol,2024-11-01,0,True,False
Cotrimoxazole Suspensi,Botol,2024-12-01,0,True,False
Cotrimoxazole Suspensi,Botol,2025-01-01,0,False,False
Cotrimoxazole Suspensi,Botol,2025-02-01,0,False,False
Cotrimoxazole Suspensi,Botol,2025-03-01,0,False,False
Cotrimoxazole Suspensi,Botol,2025-04-01,0,False,True
Cotrimoxazole Suspensi,Botol,2025-05-01,0,False,False
Cotrimoxazole Suspensi,Botol,2025-06-01,0,False,False
Cotrimoxazole Suspensi,Botol,2025-07-01,0,False,False
Cotrimoxazole Suspensi,Botol,2025-08-01,0,False,False
Cotrimoxazole Suspensi,Botol,2025-09-01,0,False,False
Cotrimoxazole Suspensi,Botol,2025-10-01,0,False,False
Cotrimoxazole Suspensi,Botol,2025-11-01,0,False,False
Cotrimoxazole Suspensi,Botol,2025-12-01,0,False,False
Cotrimoxazole Suspensi,Botol,2026-01-01,0,False,False
Cotrimoxazole Suspensi,Botol,2026-02-01,0,False,False
Creatinine FS Kecil,5X20Ml,2024-01-01,0,False,False
Creatinine FS Kecil,5X20Ml,2024-02-01,0,False,False
Creatinine FS Kecil,5X20Ml,2024-03-01,0,False,False
Creatinine FS Kecil,5X20Ml,2024-04-01,0,False,False
Creatinine FS Kecil,5X20Ml,2024-05-01,0,False,False
Creatinine FS Kecil,5X20Ml,2024-06-01,0,False,False
Creatinine FS Kecil,5X20Ml,2024-07-01,0,False,False
Creatinine FS Kecil,5X20Ml,2024-08-01,0,False,False
Creatinine FS Kecil,5X20Ml,2024-09-01,0,False,False
Creatinine FS Kecil,5X20Ml,2024-10-01,0,False,False
Creatinine FS Kecil,5X20Ml,2024-11-01,0,False,False
Creatinine FS Kecil,5X20Ml,2024-12-01,0,False,False
Creatinine FS Kecil,5X20Ml,2025-01-01,0,False,False
Creatinine FS Kecil,5X20Ml,2025-02-01,0,False,False
Creatinine FS Kecil,5X20Ml,2025-03-01,0,False,False
Creatinine FS Kecil,5X20Ml,2025-04-01,0,False,True
Creatinine FS Kecil,5X20Ml,2025-05-01,1,True,False
Creatinine FS Kecil,5X20Ml,2025-06-01,1,True,False
Creatinine FS Kecil,5X20Ml,2025-07-01,0,True,False
Creatinine FS Kecil,5X20Ml,2025-08-01,1,True,False
Creatinine FS Kecil,5X20Ml,2025-09-01,1,True,False
Creatinine FS Kecil,5X20Ml,2025-10-01,1,True,False
Creatinine FS Kecil,5X20Ml,2025-11-01,1,True,False
Creatinine FS Kecil,5X20Ml,2025-12-01,0,True,False
Creatinine FS Kecil,5X20Ml,2026-01-01,0,True,False
Creatinine FS Kecil,5X20Ml,2026-02-01,2,True,False
Cresophene,"Botol 7,5 G",2024-01-01,0,True,False
Cresophene,"Botol 7,5 G",2024-02-01,0,True,False
Cresophene,"Botol 7,5 G",2024-03-01,0,True,False
Cresophene,"Botol 7,5 G",2024-04-01,0,True,False
Cresophene,"Botol 7,5 G",2024-05-01,0,True,False
Cresophene,"Botol 7,5 G",2024-06-01,0,True,False
Cresophene,"Botol 7,5 G",2024-07-01,0,True,False
Cresophene,"Botol 7,5 G",2024-08-01,0,True,False
Cresophene,"Botol 7,5 G",2024-09-01,0,True,False
Cresophene,"Botol 7,5 G",2024-10-01,0,True,False
Cresophene,"Botol 7,5 G",2024-11-01,0,True,False
Cresophene,"Botol 7,5 G",2024-12-01,0,True,False
Cresophene,"Botol 7,5 G",2025-01-01,0,True,False
Cresophene,"Botol 7,5 G",2025-02-01,0,True,False
Cresophene,"Botol 7,5 G",2025-03-01,0,True,False
Cresophene,"Botol 7,5 G",2025-04-01,0,False,True
Cresophene,"Botol 7,5 G",2025-05-01,0,True,False
Cresophene,"Botol 7,5 G",2025-06-01,0,True,False
Cresophene,"Botol 7,5 G",2025-07-01,0,True,False
Cresophene,"Botol 7,5 G",2025-08-01,0,True,False
Cresophene,"Botol 7,5 G",2025-09-01,0,True,False
Cresophene,"Botol 7,5 G",2025-10-01,0,True,False
Cresophene,"Botol 7,5 G",2025-11-01,0,True,False
Cresophene,"Botol 7,5 G",2025-12-01,0,True,False
Cresophene,"Botol 7,5 G",2026-01-01,0,False,False
Cresophene,"Botol 7,5 G",2026-02-01,0,False,False
Curcuma plus Lysine,Botol,2024-01-01,4,True,False
Curcuma plus Lysine,Botol,2024-02-01,0,True,False
Curcuma plus Lysine,Botol,2024-03-01,0,True,False
Curcuma plus Lysine,Botol,2024-04-01,0,True,False
Curcuma plus Lysine,Botol,2024-05-01,0,True,False
Curcuma plus Lysine,Botol,2024-06-01,0,True,False
Curcuma plus Lysine,Botol,2024-07-01,0,True,False
Curcuma plus Lysine,Botol,2024-08-01,0,True,False
Curcuma plus Lysine,Botol,2024-09-01,0,True,False
Curcuma plus Lysine,Botol,2024-10-01,0,True,False
Curcuma plus Lysine,Botol,2024-11-01,0,True,False
Curcuma plus Lysine,Botol,2024-12-01,0,True,False
Curcuma plus Lysine,Botol,2025-01-01,0,True,False
Curcuma plus Lysine,Botol,2025-02-01,0,True,False
Curcuma plus Lysine,Botol,2025-03-01,0,True,False
Curcuma plus Lysine,Botol,2025-04-01,0,False,True
Curcuma plus Lysine,Botol,2025-05-01,0,True,False
Curcuma plus Lysine,Botol,2025-06-01,0,True,False
Curcuma plus Lysine,Botol,2025-07-01,0,True,False
Curcuma plus Lysine,Botol,2025-08-01,0,True,False
Curcuma plus Lysine,Botol,2025-09-01,0,True,False
Curcuma plus Lysine,Botol,2025-10-01,0,True,False
Curcuma plus Lysine,Botol,2025-11-01,0,True,False
Curcuma plus Lysine,Botol,2025-12-01,0,True,False
Curcuma plus Lysine,Botol,2026-01-01,0,False,False
Curcuma plus Lysine,Botol,2026-02-01,0,False,False
Cyanide free lytis solution,Tidak Diketahui,2024-01-01,0,False,False
Cyanide free lytis solution,Tidak Diketahui,2024-02-01,0,False,False
Cyanide free lytis solution,Tidak Diketahui,2024-03-01,0,False,False
Cyanide free lytis solution,Tidak Diketahui,2024-04-01,0,False,False
Cyanide free lytis solution,Tidak Diketahui,2024-05-01,0,False,False
Cyanide free lytis solution,Tidak Diketahui,2024-06-01,0,False,False
Cyanide free lytis solution,Tidak Diketahui,2024-07-01,0,False,False
Cyanide free lytis solution,Tidak Diketahui,2024-08-01,0,False,False
Cyanide free lytis solution,Tidak Diketahui,2024-09-01,0,False,False
Cyanide free lytis solution,Tidak Diketahui,2024-10-01,0,False,False
Cyanide free lytis solution,Tidak Diketahui,2024-11-01,0,False,False
Cyanide free lytis solution,Tidak Diketahui,2024-12-01,0,False,False
Cyanide free lytis solution,Tidak Diketahui,2025-01-01,0,True,False
Cyanide free lytis solution,Tidak Diketahui,2025-02-01,0,True,False
Cyanide free lytis solution,Tidak Diketahui,2025-03-01,0,True,False
Cyanide free lytis solution,Tidak Diketahui,2025-04-01,0,False,True
Cyanide free lytis solution,Tidak Diketahui,2025-05-01,0,True,False
Cyanide free lytis solution,Tidak Diketahui,2025-06-01,0,True,False
Cyanide free lytis solution,Tidak Diketahui,2025-07-01,0,True,False
Cyanide free lytis solution,Tidak Diketahui,2025-08-01,0,True,False
Cyanide free lytis solution,Tidak Diketahui,2025-09-01,0,True,False
Cyanide free lytis solution,Tidak Diketahui,2025-10-01,0,True,False
Cyanide free lytis solution,Tidak Diketahui,2025-11-01,0,True,False
Cyanide free lytis solution,Tidak Diketahui,2025-12-01,0,True,False
Cyanide free lytis solution,Tidak Diketahui,2026-01-01,0,False,False
Cyanide free lytis solution,Tidak Diketahui,2026-02-01,0,False,False
Cycloserine 250 mg,Tablet,2024-01-01,0,False,False
Cycloserine 250 mg,Tablet,2024-02-01,0,False,False
Cycloserine 250 mg,Tablet,2024-03-01,0,False,False
Cycloserine 250 mg,Tablet,2024-04-01,0,False,False
Cycloserine 250 mg,Tablet,2024-05-01,0,False,False
Cycloserine 250 mg,Tablet,2024-06-01,0,False,False
Cycloserine 250 mg,Tablet,2024-07-01,0,False,False
Cycloserine 250 mg,Tablet,2024-08-01,0,False,False
Cycloserine 250 mg,Tablet,2024-09-01,0,False,False
Cycloserine 250 mg,Tablet,2024-10-01,0,False,False
Cycloserine 250 mg,Tablet,2024-11-01,0,False,False
Cycloserine 250 mg,Tablet,2024-12-01,0,False,False
Cycloserine 250 mg,Tablet,2025-01-01,375,True,False
Cycloserine 250 mg,Tablet,2025-02-01,0,True,False
Cycloserine 250 mg,Tablet,2025-03-01,0,True,False
Cycloserine 250 mg,Tablet,2025-04-01,106,False,True
Cycloserine 250 mg,Tablet,2025-05-01,212,True,False
Cycloserine 250 mg,Tablet,2025-06-01,0,True,False
Cycloserine 250 mg,Tablet,2025-07-01,100,True,False
Cycloserine 250 mg,Tablet,2025-08-01,400,True,False
Cycloserine 250 mg,Tablet,2025-09-01,0,True,False
Cycloserine 250 mg,Tablet,2025-10-01,100,True,False
Cycloserine 250 mg,Tablet,2025-11-01,0,True,False
Cycloserine 250 mg,Tablet,2025-12-01,200,True,False
Cycloserine 250 mg,Tablet,2026-01-01,260,True,False
Cycloserine 250 mg,Tablet,2026-02-01,300,True,False
D5 + 1/2 NS,Tidak Diketahui,2024-01-01,0,False,False
D5 + 1/2 NS,Tidak Diketahui,2024-02-01,0,False,False
D5 + 1/2 NS,Tidak Diketahui,2024-03-01,0,False,False
D5 + 1/2 NS,Tidak Diketahui,2024-04-01,0,False,False
D5 + 1/2 NS,Tidak Diketahui,2024-05-01,0,False,False
D5 + 1/2 NS,Tidak Diketahui,2024-06-01,0,False,False
D5 + 1/2 NS,Tidak Diketahui,2024-07-01,0,False,False
D5 + 1/2 NS,Tidak Diketahui,2024-08-01,0,False,False
D5 + 1/2 NS,Tidak Diketahui,2024-09-01,0,False,False
D5 + 1/2 NS,Tidak Diketahui,2024-10-01,0,False,False
D5 + 1/2 NS,Tidak Diketahui,2024-11-01,0,False,False
D5 + 1/2 NS,Tidak Diketahui,2024-12-01,0,False,False
D5 + 1/2 NS,Tidak Diketahui,2025-01-01,0,True,False
D5 + 1/2 NS,Tidak Diketahui,2025-02-01,0,True,False
D5 + 1/2 NS,Tidak Diketahui,2025-03-01,0,True,False
D5 + 1/2 NS,Tidak Diketahui,2025-04-01,0,False,True
D5 + 1/2 NS,Tidak Diketahui,2025-05-01,0,True,False
D5 + 1/2 NS,Tidak Diketahui,2025-06-01,0,True,False
D5 + 1/2 NS,Tidak Diketahui,2025-07-01,0,True,False
D5 + 1/2 NS,Tidak Diketahui,2025-08-01,0,True,False
D5 + 1/2 NS,Tidak Diketahui,2025-09-01,0,True,False
D5 + 1/2 NS,Tidak Diketahui,2025-10-01,0,True,False
D5 + 1/2 NS,Tidak Diketahui,2025-11-01,0,True,False
D5 + 1/2 NS,Tidak Diketahui,2025-12-01,0,True,False
D5 + 1/2 NS,Tidak Diketahui,2026-01-01,0,False,False
D5 + 1/2 NS,Tidak Diketahui,2026-02-01,0,False,False
D5 + 1/4 NS,Tidak Diketahui,2024-01-01,0,False,False
D5 + 1/4 NS,Tidak Diketahui,2024-02-01,0,False,False
D5 + 1/4 NS,Tidak Diketahui,2024-03-01,0,False,False
D5 + 1/4 NS,Tidak Diketahui,2024-04-01,0,False,False
D5 + 1/4 NS,Tidak Diketahui,2024-05-01,0,False,False
D5 + 1/4 NS,Tidak Diketahui,2024-06-01,0,False,False
D5 + 1/4 NS,Tidak Diketahui,2024-07-01,0,False,False
D5 + 1/4 NS,Tidak Diketahui,2024-08-01,0,False,False
D5 + 1/4 NS,Tidak Diketahui,2024-09-01,0,False,False
D5 + 1/4 NS,Tidak Diketahui,2024-10-01,0,False,False
D5 + 1/4 NS,Tidak Diketahui,2024-11-01,0,False,False
D5 + 1/4 NS,Tidak Diketahui,2024-12-01,0,False,False
D5 + 1/4 NS,Tidak Diketahui,2025-01-01,0,True,False
D5 + 1/4 NS,Tidak Diketahui,2025-02-01,0,True,False
D5 + 1/4 NS,Tidak Diketahui,2025-03-01,0,True,False
D5 + 1/4 NS,Tidak Diketahui,2025-04-01,0,False,True
D5 + 1/4 NS,Tidak Diketahui,2025-05-01,0,True,False
D5 + 1/4 NS,Tidak Diketahui,2025-06-01,0,True,False
D5 + 1/4 NS,Tidak Diketahui,2025-07-01,0,True,False
D5 + 1/4 NS,Tidak Diketahui,2025-08-01,0,True,False
D5 + 1/4 NS,Tidak Diketahui,2025-09-01,0,True,False
D5 + 1/4 NS,Tidak Diketahui,2025-10-01,0,True,False
D5 + 1/4 NS,Tidak Diketahui,2025-11-01,0,True,False
D5 + 1/4 NS,Tidak Diketahui,2025-12-01,0,True,False
D5 + 1/4 NS,Tidak Diketahui,2026-01-01,0,False,False
D5 + 1/4 NS,Tidak Diketahui,2026-02-01,0,False,False
Dehaf,Tidak Diketahui,2024-01-01,0,False,False
Dehaf,Tidak Diketahui,2024-02-01,0,False,False
Dehaf,Tidak Diketahui,2024-03-01,0,False,False
Dehaf,Tidak Diketahui,2024-04-01,0,False,False
Dehaf,Tidak Diketahui,2024-05-01,0,False,False
Dehaf,Tidak Diketahui,2024-06-01,0,False,False
Dehaf,Tidak Diketahui,2024-07-01,0,False,False
Dehaf,Tidak Diketahui,2024-08-01,0,False,False
Dehaf,Tidak Diketahui,2024-09-01,0,False,False
Dehaf,Tidak Diketahui,2024-10-01,0,False,False
Dehaf,Tidak Diketahui,2024-11-01,0,False,False
Dehaf,Tidak Diketahui,2024-12-01,0,False,False
Dehaf,Tidak Diketahui,2025-01-01,0,True,False
Dehaf,Tidak Diketahui,2025-02-01,0,True,False
Dehaf,Tidak Diketahui,2025-03-01,0,True,False
Dehaf,Tidak Diketahui,2025-04-01,0,False,True
Dehaf,Tidak Diketahui,2025-05-01,0,True,False
Dehaf,Tidak Diketahui,2025-06-01,0,True,False
Dehaf,Tidak Diketahui,2025-07-01,0,True,False
Dehaf,Tidak Diketahui,2025-08-01,0,True,False
Dehaf,Tidak Diketahui,2025-09-01,0,True,False
Dehaf,Tidak Diketahui,2025-10-01,0,True,False
Dehaf,Tidak Diketahui,2025-11-01,0,True,False
Dehaf,Tidak Diketahui,2025-12-01,0,True,False
Dehaf,Tidak Diketahui,2026-01-01,0,False,False
Dehaf,Tidak Diketahui,2026-02-01,0,False,False
Deksametason inj 5 mg/ml,Ampul,2024-01-01,4,True,False
Deksametason inj 5 mg/ml,Ampul,2024-02-01,0,True,False
Deksametason inj 5 mg/ml,Ampul,2024-03-01,0,True,False
Deksametason inj 5 mg/ml,Ampul,2024-04-01,0,True,False
Deksametason inj 5 mg/ml,Ampul,2024-05-01,0,True,False
Deksametason inj 5 mg/ml,Ampul,2024-06-01,0,True,False
Deksametason inj 5 mg/ml,Ampul,2024-07-01,0,True,False
Deksametason inj 5 mg/ml,Ampul,2024-08-01,0,True,False
Deksametason inj 5 mg/ml,Ampul,2024-09-01,62,True,False
Deksametason inj 5 mg/ml,Ampul,2024-10-01,0,True,False
Deksametason inj 5 mg/ml,Ampul,2024-11-01,0,True,False
Deksametason inj 5 mg/ml,Ampul,2024-12-01,0,True,False
Deksametason inj 5 mg/ml,Ampul,2025-01-01,0,False,False
Deksametason inj 5 mg/ml,Ampul,2025-02-01,0,False,False
Deksametason inj 5 mg/ml,Ampul,2025-03-01,0,False,False
Deksametason inj 5 mg/ml,Ampul,2025-04-01,0,False,True
Deksametason inj 5 mg/ml,Ampul,2025-05-01,0,False,False
Deksametason inj 5 mg/ml,Ampul,2025-06-01,0,False,False
Deksametason inj 5 mg/ml,Ampul,2025-07-01,0,False,False
Deksametason inj 5 mg/ml,Ampul,2025-08-01,0,False,False
Deksametason inj 5 mg/ml,Ampul,2025-09-01,0,False,False
Deksametason inj 5 mg/ml,Ampul,2025-10-01,0,False,False
Deksametason inj 5 mg/ml,Ampul,2025-11-01,0,False,False
Deksametason inj 5 mg/ml,Ampul,2025-12-01,0,False,False
Deksametason inj 5 mg/ml,Ampul,2026-01-01,0,False,False
Deksametason inj 5 mg/ml,Ampul,2026-02-01,0,False,False
"Deksamethason 0,5 mg",Tablet,2024-01-01,0,True,False
"Deksamethason 0,5 mg",Tablet,2024-02-01,0,True,False
"Deksamethason 0,5 mg",Tablet,2024-03-01,0,True,False
"Deksamethason 0,5 mg",Tablet,2024-04-01,0,True,False
"Deksamethason 0,5 mg",Tablet,2024-05-01,2000,True,False
"Deksamethason 0,5 mg",Tablet,2024-06-01,1175,True,False
"Deksamethason 0,5 mg",Tablet,2024-07-01,1275,True,False
"Deksamethason 0,5 mg",Tablet,2024-08-01,1390,True,False
"Deksamethason 0,5 mg",Tablet,2024-09-01,2648,True,False
"Deksamethason 0,5 mg",Tablet,2024-10-01,1490,True,False
"Deksamethason 0,5 mg",Tablet,2024-11-01,1302,True,False
"Deksamethason 0,5 mg",Tablet,2024-12-01,935,True,False
"Deksamethason 0,5 mg",Tablet,2025-01-01,1745,True,False
"Deksamethason 0,5 mg",Tablet,2025-02-01,1555,True,False
"Deksamethason 0,5 mg",Tablet,2025-03-01,1405,True,False
"Deksamethason 0,5 mg",Tablet,2025-04-01,9050,False,True
"Deksamethason 0,5 mg",Tablet,2025-05-01,16695,True,False
"Deksamethason 0,5 mg",Tablet,2025-06-01,13260,True,False
"Deksamethason 0,5 mg",Tablet,2025-07-01,3080,True,False
"Deksamethason 0,5 mg",Tablet,2025-08-01,1020,True,False
"Deksamethason 0,5 mg",Tablet,2025-09-01,2100,True,False
"Deksamethason 0,5 mg",Tablet,2025-10-01,14980,True,False
"Deksamethason 0,5 mg",Tablet,2025-11-01,3660,True,False
"Deksamethason 0,5 mg",Tablet,2025-12-01,2500,True,False
"Deksamethason 0,5 mg",Tablet,2026-01-01,2520,True,False
"Deksamethason 0,5 mg",Tablet,2026-02-01,2130,True,False
Deksamethason inj 5 mg/ml,Ampul,2024-01-01,0,False,False
Deksamethason inj 5 mg/ml,Ampul,2024-02-01,0,False,False
Deksamethason inj 5 mg/ml,Ampul,2024-03-01,0,False,False
Deksamethason inj 5 mg/ml,Ampul,2024-04-01,0,False,False
Deksamethason inj 5 mg/ml,Ampul,2024-05-01,0,False,False
Deksamethason inj 5 mg/ml,Ampul,2024-06-01,0,False,False
Deksamethason inj 5 mg/ml,Ampul,2024-07-01,0,False,False
Deksamethason inj 5 mg/ml,Ampul,2024-08-01,0,False,False
Deksamethason inj 5 mg/ml,Ampul,2024-09-01,0,False,False
Deksamethason inj 5 mg/ml,Ampul,2024-10-01,0,False,False
Deksamethason inj 5 mg/ml,Ampul,2024-11-01,0,False,False
Deksamethason inj 5 mg/ml,Ampul,2024-12-01,0,False,False
Deksamethason inj 5 mg/ml,Ampul,2025-01-01,0,True,False
Deksamethason inj 5 mg/ml,Ampul,2025-02-01,5,True,False
Deksamethason inj 5 mg/ml,Ampul,2025-03-01,195,True,False
Deksamethason inj 5 mg/ml,Ampul,2025-04-01,148,False,True
Deksamethason inj 5 mg/ml,Ampul,2025-05-01,100,True,False
Deksamethason inj 5 mg/ml,Ampul,2025-06-01,0,True,False
Deksamethason inj 5 mg/ml,Ampul,2025-07-01,0,True,False
Deksamethason inj 5 mg/ml,Ampul,2025-08-01,0,True,False
Deksamethason inj 5 mg/ml,Ampul,2025-09-01,0,True,False
Deksamethason inj 5 mg/ml,Ampul,2025-10-01,0,True,False
Deksamethason inj 5 mg/ml,Ampul,2025-11-01,0,True,False
Deksamethason inj 5 mg/ml,Ampul,2025-12-01,0,True,False
Deksamethason inj 5 mg/ml,Ampul,2026-01-01,0,False,False
Deksamethason inj 5 mg/ml,Ampul,2026-02-01,0,False,False
Deteksi HIV 1.2 Antibody Rapid Tes (R1),Kotak @25,2024-01-01,0,False,False
Deteksi HIV 1.2 Antibody Rapid Tes (R1),Kotak @25,2024-02-01,0,False,False
Deteksi HIV 1.2 Antibody Rapid Tes (R1),Kotak @25,2024-03-01,0,False,False
Deteksi HIV 1.2 Antibody Rapid Tes (R1),Kotak @25,2024-04-01,0,False,False
Deteksi HIV 1.2 Antibody Rapid Tes (R1),Kotak @25,2024-05-01,0,False,False
Deteksi HIV 1.2 Antibody Rapid Tes (R1),Kotak @25,2024-06-01,0,False,False
Deteksi HIV 1.2 Antibody Rapid Tes (R1),Kotak @25,2024-07-01,0,False,False
Deteksi HIV 1.2 Antibody Rapid Tes (R1),Kotak @25,2024-08-01,0,False,False
Deteksi HIV 1.2 Antibody Rapid Tes (R1),Kotak @25,2024-09-01,0,False,False
Deteksi HIV 1.2 Antibody Rapid Tes (R1),Kotak @25,2024-10-01,0,False,False
Deteksi HIV 1.2 Antibody Rapid Tes (R1),Kotak @25,2024-11-01,1,True,False
Deteksi HIV 1.2 Antibody Rapid Tes (R1),Kotak @25,2024-12-01,2,True,False
Deteksi HIV 1.2 Antibody Rapid Tes (R1),Kotak @25,2025-01-01,0,True,False
Deteksi HIV 1.2 Antibody Rapid Tes (R1),Kotak @25,2025-02-01,2,True,False
Deteksi HIV 1.2 Antibody Rapid Tes (R1),Kotak @25,2025-03-01,9,True,False
Deteksi HIV 1.2 Antibody Rapid Tes (R1),Kotak @25,2025-04-01,4,False,True
Deteksi HIV 1.2 Antibody Rapid Tes (R1),Kotak @25,2025-05-01,0,True,False
Deteksi HIV 1.2 Antibody Rapid Tes (R1),Kotak @25,2025-06-01,8,True,False
Deteksi HIV 1.2 Antibody Rapid Tes (R1),Kotak @25,2025-07-01,0,True,False
Deteksi HIV 1.2 Antibody Rapid Tes (R1),Kotak @25,2025-08-01,0,True,False
Deteksi HIV 1.2 Antibody Rapid Tes (R1),Kotak @25,2025-09-01,2,True,False
Deteksi HIV 1.2 Antibody Rapid Tes (R1),Kotak @25,2025-10-01,1,True,False
Deteksi HIV 1.2 Antibody Rapid Tes (R1),Kotak @25,2025-11-01,1,True,False
Deteksi HIV 1.2 Antibody Rapid Tes (R1),Kotak @25,2025-12-01,0,True,False
Deteksi HIV 1.2 Antibody Rapid Tes (R1),Kotak @25,2026-01-01,0,False,False
Deteksi HIV 1.2 Antibody Rapid Tes (R1),Kotak @25,2026-02-01,0,False,False
Devitalisasi / Pulp X,Botol,2024-01-01,0,True,False
Devitalisasi / Pulp X,Botol,2024-02-01,1,True,False
Devitalisasi / Pulp X,Botol,2024-03-01,0,True,False
Devitalisasi / Pulp X,Botol,2024-04-01,0,True,False
Devitalisasi / Pulp X,Botol,2024-05-01,0,True,False
Devitalisasi / Pulp X,Botol,2024-06-01,1,True,False
Devitalisasi / Pulp X,Botol,2024-07-01,0,True,False
Devitalisasi / Pulp X,Botol,2024-08-01,1,True,False
Devitalisasi / Pulp X,Botol,2024-09-01,0,True,False
Devitalisasi / Pulp X,Botol,2024-10-01,0,True,False
Devitalisasi / Pulp X,Botol,2024-11-01,0,True,False
Devitalisasi / Pulp X,Botol,2024-12-01,1,True,False
Devitalisasi / Pulp X,Botol,2025-01-01,0,False,False
Devitalisasi / Pulp X,Botol,2025-02-01,0,False,False
Devitalisasi / Pulp X,Botol,2025-03-01,0,False,False
Devitalisasi / Pulp X,Botol,2025-04-01,0,False,True
Devitalisasi / Pulp X,Botol,2025-05-01,0,False,False
Devitalisasi / Pulp X,Botol,2025-06-01,0,False,False
Devitalisasi / Pulp X,Botol,2025-07-01,0,False,False
Devitalisasi / Pulp X,Botol,2025-08-01,0,False,False
Devitalisasi / Pulp X,Botol,2025-09-01,0,False,False
Devitalisasi / Pulp X,Botol,2025-10-01,0,False,False
Devitalisasi / Pulp X,Botol,2025-11-01,0,False,False
Devitalisasi / Pulp X,Botol,2025-12-01,0,False,False
Devitalisasi / Pulp X,Botol,2026-01-01,0,False,False
Devitalisasi / Pulp X,Botol,2026-02-01,0,False,False
Devitalisasi / Pulp X,Botol 5 G,2024-01-01,0,False,False
Devitalisasi / Pulp X,Botol 5 G,2024-02-01,0,False,False
Devitalisasi / Pulp X,Botol 5 G,2024-03-01,0,False,False
Devitalisasi / Pulp X,Botol 5 G,2024-04-01,0,False,False
Devitalisasi / Pulp X,Botol 5 G,2024-05-01,0,False,False
Devitalisasi / Pulp X,Botol 5 G,2024-06-01,0,False,False
Devitalisasi / Pulp X,Botol 5 G,2024-07-01,0,False,False
Devitalisasi / Pulp X,Botol 5 G,2024-08-01,0,False,False
Devitalisasi / Pulp X,Botol 5 G,2024-09-01,0,False,False
Devitalisasi / Pulp X,Botol 5 G,2024-10-01,0,False,False
Devitalisasi / Pulp X,Botol 5 G,2024-11-01,0,False,False
Devitalisasi / Pulp X,Botol 5 G,2024-12-01,0,False,False
Devitalisasi / Pulp X,Botol 5 G,2025-01-01,0,True,False
Devitalisasi / Pulp X,Botol 5 G,2025-02-01,0,True,False
Devitalisasi / Pulp X,Botol 5 G,2025-03-01,0,True,False
Devitalisasi / Pulp X,Botol 5 G,2025-04-01,0,False,True
Devitalisasi / Pulp X,Botol 5 G,2025-05-01,1,True,False
Devitalisasi / Pulp X,Botol 5 G,2025-06-01,1,True,False
Devitalisasi / Pulp X,Botol 5 G,2025-07-01,2,True,False
Devitalisasi / Pulp X,Botol 5 G,2025-08-01,2,True,False
Devitalisasi / Pulp X,Botol 5 G,2025-09-01,0,True,False
Devitalisasi / Pulp X,Botol 5 G,2025-10-01,0,True,False
Devitalisasi / Pulp X,Botol 5 G,2025-11-01,0,True,False
Devitalisasi / Pulp X,Botol 5 G,2025-12-01,0,True,False
Devitalisasi / Pulp X,Botol 5 G,2026-01-01,2,True,False
Devitalisasi / Pulp X,Botol 5 G,2026-02-01,0,True,False
Dexmolex sirup,Botol,2024-01-01,6,True,False
Dexmolex sirup,Botol,2024-02-01,2,True,False
Dexmolex sirup,Botol,2024-03-01,3,True,False
Dexmolex sirup,Botol,2024-04-01,7,True,False
Dexmolex sirup,Botol,2024-05-01,3,True,False
Dexmolex sirup,Botol,2024-06-01,0,True,False
Dexmolex sirup,Botol,2024-07-01,2,True,False
Dexmolex sirup,Botol,2024-08-01,0,True,False
Dexmolex sirup,Botol,2024-09-01,0,True,False
Dexmolex sirup,Botol,2024-10-01,0,True,False
Dexmolex sirup,Botol,2024-11-01,0,True,False
Dexmolex sirup,Botol,2024-12-01,0,True,False
Dexmolex sirup,Botol,2025-01-01,0,True,False
Dexmolex sirup,Botol,2025-02-01,0,True,False
Dexmolex sirup,Botol,2025-03-01,0,True,False
Dexmolex sirup,Botol,2025-04-01,0,False,True
Dexmolex sirup,Botol,2025-05-01,0,True,False
Dexmolex sirup,Botol,2025-06-01,0,True,False
Dexmolex sirup,Botol,2025-07-01,0,True,False
Dexmolex sirup,Botol,2025-08-01,0,True,False
Dexmolex sirup,Botol,2025-09-01,0,True,False
Dexmolex sirup,Botol,2025-10-01,0,True,False
Dexmolex sirup,Botol,2025-11-01,0,True,False
Dexmolex sirup,Botol,2025-12-01,0,True,False
Dexmolex sirup,Botol,2026-01-01,0,False,False
Dexmolex sirup,Botol,2026-02-01,0,False,False
Diaform,Tablet,2024-01-01,500,True,False
Diaform,Tablet,2024-02-01,1000,True,False
Diaform,Tablet,2024-03-01,720,True,False
Diaform,Tablet,2024-04-01,430,True,False
Diaform,Tablet,2024-05-01,650,True,False
Diaform,Tablet,2024-06-01,200,True,False
Diaform,Tablet,2024-07-01,0,True,False
Diaform,Tablet,2024-08-01,0,True,False
Diaform,Tablet,2024-09-01,0,True,False
Diaform,Tablet,2024-10-01,0,True,False
Diaform,Tablet,2024-11-01,0,True,False
Diaform,Tablet,2024-12-01,0,True,False
Diaform,Tablet,2025-01-01,0,False,False
Diaform,Tablet,2025-02-01,0,False,False
Diaform,Tablet,2025-03-01,0,False,False
Diaform,Tablet,2025-04-01,0,False,True
Diaform,Tablet,2025-05-01,0,False,False
Diaform,Tablet,2025-06-01,0,False,False
Diaform,Tablet,2025-07-01,0,False,False
Diaform,Tablet,2025-08-01,0,False,False
Diaform,Tablet,2025-09-01,0,False,False
Diaform,Tablet,2025-10-01,0,False,False
Diaform,Tablet,2025-11-01,0,False,False
Diaform,Tablet,2025-12-01,0,False,False
Diaform,Tablet,2026-01-01,0,False,False
Diaform,Tablet,2026-02-01,0,False,False
Diazepam 2 mg,Tablet,2024-01-01,25,True,False
Diazepam 2 mg,Tablet,2024-02-01,0,True,False
Diazepam 2 mg,Tablet,2024-03-01,5,True,False
Diazepam 2 mg,Tablet,2024-04-01,0,True,False
Diazepam 2 mg,Tablet,2024-05-01,3,True,False
Diazepam 2 mg,Tablet,2024-06-01,0,True,False
Diazepam 2 mg,Tablet,2024-07-01,62,True,False
Diazepam 2 mg,Tablet,2024-08-01,10,True,False
Diazepam 2 mg,Tablet,2024-09-01,27,True,False
Diazepam 2 mg,Tablet,2024-10-01,35,True,False
Diazepam 2 mg,Tablet,2024-11-01,36,True,False
Diazepam 2 mg,Tablet,2024-12-01,51,True,False
Diazepam 2 mg,Tablet,2025-01-01,191,True,False
Diazepam 2 mg,Tablet,2025-02-01,0,True,False
Diazepam 2 mg,Tablet,2025-03-01,41,True,False
Diazepam 2 mg,Tablet,2025-04-01,36,False,True
Diazepam 2 mg,Tablet,2025-05-01,32,True,False
Diazepam 2 mg,Tablet,2025-06-01,18,True,False
Diazepam 2 mg,Tablet,2025-07-01,114,True,False
Diazepam 2 mg,Tablet,2025-08-01,36,True,False
Diazepam 2 mg,Tablet,2025-09-01,10,True,False
Diazepam 2 mg,Tablet,2025-10-01,12,True,False
Diazepam 2 mg,Tablet,2025-11-01,8,True,False
Diazepam 2 mg,Tablet,2025-12-01,35,True,False
Diazepam 2 mg,Tablet,2026-01-01,1,True,False
Diazepam 2 mg,Tablet,2026-02-01,5,True,False
Diazepam 5 mg,Tablet,2024-01-01,35,True,False
Diazepam 5 mg,Tablet,2024-02-01,70,True,False
Diazepam 5 mg,Tablet,2024-03-01,30,True,False
Diazepam 5 mg,Tablet,2024-04-01,20,True,False
Diazepam 5 mg,Tablet,2024-05-01,25,True,False
Diazepam 5 mg,Tablet,2024-06-01,15,True,False
Diazepam 5 mg,Tablet,2024-07-01,20,True,False
Diazepam 5 mg,Tablet,2024-08-01,0,True,False
Diazepam 5 mg,Tablet,2024-09-01,5,True,False
Diazepam 5 mg,Tablet,2024-10-01,0,True,False
Diazepam 5 mg,Tablet,2024-11-01,0,True,False
Diazepam 5 mg,Tablet,2024-12-01,800,True,False
Diazepam 5 mg,Tablet,2025-01-01,0,True,False
Diazepam 5 mg,Tablet,2025-02-01,0,True,False
Diazepam 5 mg,Tablet,2025-03-01,0,True,False
Diazepam 5 mg,Tablet,2025-04-01,40,False,True
Diazepam 5 mg,Tablet,2025-05-01,80,True,False
Diazepam 5 mg,Tablet,2025-06-01,0,True,False
Diazepam 5 mg,Tablet,2025-07-01,0,True,False
Diazepam 5 mg,Tablet,2025-08-01,0,True,False
Diazepam 5 mg,Tablet,2025-09-01,0,True,False
Diazepam 5 mg,Tablet,2025-10-01,0,True,False
Diazepam 5 mg,Tablet,2025-11-01,0,True,False
Diazepam 5 mg,Tablet,2025-12-01,0,True,False
Diazepam 5 mg,Tablet,2026-01-01,0,True,False
Diazepam 5 mg,Tablet,2026-02-01,0,True,False
Diazepam 5 mg inj.,Ampul,2024-01-01,0,False,False
Diazepam 5 mg inj.,Ampul,2024-02-01,0,False,False
Diazepam 5 mg inj.,Ampul,2024-03-01,0,False,False
Diazepam 5 mg inj.,Ampul,2024-04-01,0,False,False
Diazepam 5 mg inj.,Ampul,2024-05-01,0,False,False
Diazepam 5 mg inj.,Ampul,2024-06-01,0,False,False
Diazepam 5 mg inj.,Ampul,2024-07-01,0,False,False
Diazepam 5 mg inj.,Ampul,2024-08-01,0,False,False
Diazepam 5 mg inj.,Ampul,2024-09-01,0,False,False
Diazepam 5 mg inj.,Ampul,2024-10-01,0,True,False
Diazepam 5 mg inj.,Ampul,2024-11-01,0,True,False
Diazepam 5 mg inj.,Ampul,2024-12-01,0,True,False
Diazepam 5 mg inj.,Ampul,2025-01-01,0,True,False
Diazepam 5 mg inj.,Ampul,2025-02-01,0,True,False
Diazepam 5 mg inj.,Ampul,2025-03-01,0,True,False
Diazepam 5 mg inj.,Ampul,2025-04-01,0,False,True
Diazepam 5 mg inj.,Ampul,2025-05-01,0,True,False
Diazepam 5 mg inj.,Ampul,2025-06-01,20,True,False
Diazepam 5 mg inj.,Ampul,2025-07-01,0,True,False
Diazepam 5 mg inj.,Ampul,2025-08-01,0,True,False
Diazepam 5 mg inj.,Ampul,2025-09-01,0,True,False
Diazepam 5 mg inj.,Ampul,2025-10-01,0,True,False
Diazepam 5 mg inj.,Ampul,2025-11-01,0,True,False
Diazepam 5 mg inj.,Ampul,2025-12-01,0,True,False
Diazepam 5 mg inj.,Ampul,2026-01-01,0,False,False
Diazepam 5 mg inj.,Ampul,2026-02-01,0,False,False
Diazepam Rectal 5 mg,Tube,2024-01-01,0,False,False
Diazepam Rectal 5 mg,Tube,2024-02-01,0,False,False
Diazepam Rectal 5 mg,Tube,2024-03-01,0,False,False
Diazepam Rectal 5 mg,Tube,2024-04-01,0,False,False
Diazepam Rectal 5 mg,Tube,2024-05-01,0,False,False
Diazepam Rectal 5 mg,Tube,2024-06-01,0,False,False
Diazepam Rectal 5 mg,Tube,2024-07-01,0,False,False
Diazepam Rectal 5 mg,Tube,2024-08-01,0,False,False
Diazepam Rectal 5 mg,Tube,2024-09-01,0,False,False
Diazepam Rectal 5 mg,Tube,2024-10-01,0,False,False
Diazepam Rectal 5 mg,Tube,2024-11-01,0,False,False
Diazepam Rectal 5 mg,Tube,2024-12-01,0,False,False
Diazepam Rectal 5 mg,Tube,2025-01-01,2,True,False
Diazepam Rectal 5 mg,Tube,2025-02-01,0,True,False
Diazepam Rectal 5 mg,Tube,2025-03-01,0,True,False
Diazepam Rectal 5 mg,Tube,2025-04-01,0,False,True
Diazepam Rectal 5 mg,Tube,2025-05-01,0,True,False
Diazepam Rectal 5 mg,Tube,2025-06-01,9,True,False
Diazepam Rectal 5 mg,Tube,2025-07-01,0,True,False
Diazepam Rectal 5 mg,Tube,2025-08-01,0,True,False
Diazepam Rectal 5 mg,Tube,2025-09-01,0,True,False
Diazepam Rectal 5 mg,Tube,2025-10-01,4,True,False
Diazepam Rectal 5 mg,Tube,2025-11-01,1,True,False
Diazepam Rectal 5 mg,Tube,2025-12-01,0,False,False
Diazepam Rectal 5 mg,Tube,2026-01-01,0,False,False
Diazepam Rectal 5 mg,Tube,2026-02-01,0,False,False
Diazepam enema 5 mg,Tube,2024-01-01,0,True,False
Diazepam enema 5 mg,Tube,2024-02-01,0,True,False
Diazepam enema 5 mg,Tube,2024-03-01,2,True,False
Diazepam enema 5 mg,Tube,2024-04-01,0,True,False
Diazepam enema 5 mg,Tube,2024-05-01,0,True,False
Diazepam enema 5 mg,Tube,2024-06-01,0,True,False
Diazepam enema 5 mg,Tube,2024-07-01,0,True,False
Diazepam enema 5 mg,Tube,2024-08-01,0,True,False
Diazepam enema 5 mg,Tube,2024-09-01,0,True,False
Diazepam enema 5 mg,Tube,2024-10-01,0,True,False
Diazepam enema 5 mg,Tube,2024-11-01,0,True,False
Diazepam enema 5 mg,Tube,2024-12-01,0,True,False
Diazepam enema 5 mg,Tube,2025-01-01,0,False,False
Diazepam enema 5 mg,Tube,2025-02-01,0,False,False
Diazepam enema 5 mg,Tube,2025-03-01,0,False,False
Diazepam enema 5 mg,Tube,2025-04-01,0,False,True
Diazepam enema 5 mg,Tube,2025-05-01,0,False,False
Diazepam enema 5 mg,Tube,2025-06-01,0,False,False
Diazepam enema 5 mg,Tube,2025-07-01,0,False,False
Diazepam enema 5 mg,Tube,2025-08-01,0,False,False
Diazepam enema 5 mg,Tube,2025-09-01,0,False,False
Diazepam enema 5 mg,Tube,2025-10-01,0,False,False
Diazepam enema 5 mg,Tube,2025-11-01,0,False,False
Diazepam enema 5 mg,Tube,2025-12-01,0,False,False
Diazepam enema 5 mg,Tube,2026-01-01,0,False,False
Diazepam enema 5 mg,Tube,2026-02-01,0,False,False
Diazepam inj 5 mg/2 ml,Ampul,2024-01-01,0,True,False
Diazepam inj 5 mg/2 ml,Ampul,2024-02-01,0,True,False
Diazepam inj 5 mg/2 ml,Ampul,2024-03-01,0,True,False
Diazepam inj 5 mg/2 ml,Ampul,2024-04-01,0,True,False
Diazepam inj 5 mg/2 ml,Ampul,2024-05-01,0,True,False
Diazepam inj 5 mg/2 ml,Ampul,2024-06-01,0,True,False
Diazepam inj 5 mg/2 ml,Ampul,2024-07-01,0,True,False
Diazepam inj 5 mg/2 ml,Ampul,2024-08-01,0,True,False
Diazepam inj 5 mg/2 ml,Ampul,2024-09-01,0,True,False
Diazepam inj 5 mg/2 ml,Ampul,2024-10-01,0,True,False
Diazepam inj 5 mg/2 ml,Ampul,2024-11-01,0,True,False
Diazepam inj 5 mg/2 ml,Ampul,2024-12-01,0,True,False
Diazepam inj 5 mg/2 ml,Ampul,2025-01-01,0,True,False
Diazepam inj 5 mg/2 ml,Ampul,2025-02-01,0,True,False
Diazepam inj 5 mg/2 ml,Ampul,2025-03-01,0,True,False
Diazepam inj 5 mg/2 ml,Ampul,2025-04-01,0,False,True
Diazepam inj 5 mg/2 ml,Ampul,2025-05-01,0,True,False
Diazepam inj 5 mg/2 ml,Ampul,2025-06-01,0,True,False
Diazepam inj 5 mg/2 ml,Ampul,2025-07-01,0,True,False
Diazepam inj 5 mg/2 ml,Ampul,2025-08-01,0,True,False
Diazepam inj 5 mg/2 ml,Ampul,2025-09-01,0,True,False
Diazepam inj 5 mg/2 ml,Ampul,2025-10-01,0,True,False
Diazepam inj 5 mg/2 ml,Ampul,2025-11-01,0,True,False
Diazepam inj 5 mg/2 ml,Ampul,2025-12-01,0,True,False
Diazepam inj 5 mg/2 ml,Ampul,2026-01-01,0,True,False
Diazepam inj 5 mg/2 ml,Ampul,2026-02-01,10,True,False
Difenhidramin HCl inj 10 mg/ml,Ampul,2024-01-01,4,True,False
Difenhidramin HCl inj 10 mg/ml,Ampul,2024-02-01,0,True,False
Difenhidramin HCl inj 10 mg/ml,Ampul,2024-03-01,3,True,False
Difenhidramin HCl inj 10 mg/ml,Ampul,2024-04-01,0,True,False
Difenhidramin HCl inj 10 mg/ml,Ampul,2024-05-01,0,True,False
Difenhidramin HCl inj 10 mg/ml,Ampul,2024-06-01,0,True,False
Difenhidramin HCl inj 10 mg/ml,Ampul,2024-07-01,0,True,False
Difenhidramin HCl inj 10 mg/ml,Ampul,2024-08-01,0,True,False
Difenhidramin HCl inj 10 mg/ml,Ampul,2024-09-01,0,True,False
Difenhidramin HCl inj 10 mg/ml,Ampul,2024-10-01,0,True,False
Difenhidramin HCl inj 10 mg/ml,Ampul,2024-11-01,0,True,False
Difenhidramin HCl inj 10 mg/ml,Ampul,2024-12-01,0,True,False
Difenhidramin HCl inj 10 mg/ml,Ampul,2025-01-01,0,True,False
Difenhidramin HCl inj 10 mg/ml,Ampul,2025-02-01,0,True,False
Difenhidramin HCl inj 10 mg/ml,Ampul,2025-03-01,0,True,False
Difenhidramin HCl inj 10 mg/ml,Ampul,2025-04-01,0,False,True
Difenhidramin HCl inj 10 mg/ml,Ampul,2025-05-01,0,True,False
Difenhidramin HCl inj 10 mg/ml,Ampul,2025-06-01,0,True,False
Difenhidramin HCl inj 10 mg/ml,Ampul,2025-07-01,0,True,False
Difenhidramin HCl inj 10 mg/ml,Ampul,2025-08-01,0,True,False
Difenhidramin HCl inj 10 mg/ml,Ampul,2025-09-01,8,True,False
Difenhidramin HCl inj 10 mg/ml,Ampul,2025-10-01,0,True,False
Difenhidramin HCl inj 10 mg/ml,Ampul,2025-11-01,21,True,False
Difenhidramin HCl inj 10 mg/ml,Ampul,2025-12-01,0,True,False
Difenhidramin HCl inj 10 mg/ml,Ampul,2026-01-01,0,False,False
Difenhidramin HCl inj 10 mg/ml,Ampul,2026-02-01,0,False,False
"Digoksin 0,25 mg",Tablet,2024-01-01,90,True,False
"Digoksin 0,25 mg",Tablet,2024-02-01,1330,True,False
"Digoksin 0,25 mg",Tablet,2024-03-01,0,True,False
"Digoksin 0,25 mg",Tablet,2024-04-01,0,True,False
"Digoksin 0,25 mg",Tablet,2024-05-01,0,True,False
"Digoksin 0,25 mg",Tablet,2024-06-01,0,True,False
"Digoksin 0,25 mg",Tablet,2024-07-01,20,True,False
"Digoksin 0,25 mg",Tablet,2024-08-01,450,True,False
"Digoksin 0,25 mg",Tablet,2024-09-01,0,True,False
"Digoksin 0,25 mg",Tablet,2024-10-01,0,True,False
"Digoksin 0,25 mg",Tablet,2024-11-01,0,True,False
"Digoksin 0,25 mg",Tablet,2024-12-01,70,True,False
"Digoksin 0,25 mg",Tablet,2025-01-01,0,True,False
"Digoksin 0,25 mg",Tablet,2025-02-01,0,True,False
"Digoksin 0,25 mg",Tablet,2025-03-01,0,True,False
"Digoksin 0,25 mg",Tablet,2025-04-01,0,False,True
"Digoksin 0,25 mg",Tablet,2025-05-01,0,True,False
"Digoksin 0,25 mg",Tablet,2025-06-01,0,True,False
"Digoksin 0,25 mg",Tablet,2025-07-01,0,True,False
"Digoksin 0,25 mg",Tablet,2025-08-01,0,True,False
"Digoksin 0,25 mg",Tablet,2025-09-01,0,True,False
"Digoksin 0,25 mg",Tablet,2025-10-01,30,True,False
"Digoksin 0,25 mg",Tablet,2025-11-01,30,True,False
"Digoksin 0,25 mg",Tablet,2025-12-01,230,True,False
"Digoksin 0,25 mg",Tablet,2026-01-01,110,True,False
"Digoksin 0,25 mg",Tablet,2026-02-01,0,False,False
Diklofenak Kalium 50 mg tab,Tablet,2024-01-01,0,False,False
Diklofenak Kalium 50 mg tab,Tablet,2024-02-01,0,False,False
Diklofenak Kalium 50 mg tab,Tablet,2024-03-01,0,False,False
Diklofenak Kalium 50 mg tab,Tablet,2024-04-01,0,False,False
Diklofenak Kalium 50 mg tab,Tablet,2024-05-01,0,False,False
Diklofenak Kalium 50 mg tab,Tablet,2024-06-01,0,False,False
Diklofenak Kalium 50 mg tab,Tablet,2024-07-01,0,False,False
Diklofenak Kalium 50 mg tab,Tablet,2024-08-01,0,False,False
Diklofenak Kalium 50 mg tab,Tablet,2024-09-01,0,False,False
Diklofenak Kalium 50 mg tab,Tablet,2024-10-01,0,False,False
Diklofenak Kalium 50 mg tab,Tablet,2024-11-01,0,False,False
Diklofenak Kalium 50 mg tab,Tablet,2024-12-01,0,False,False
Diklofenak Kalium 50 mg tab,Tablet,2025-01-01,0,True,False
Diklofenak Kalium 50 mg tab,Tablet,2025-02-01,0,True,False
Diklofenak Kalium 50 mg tab,Tablet,2025-03-01,35,True,False
Diklofenak Kalium 50 mg tab,Tablet,2025-04-01,18,False,True
Diklofenak Kalium 50 mg tab,Tablet,2025-05-01,0,True,False
Diklofenak Kalium 50 mg tab,Tablet,2025-06-01,5,True,False
Diklofenak Kalium 50 mg tab,Tablet,2025-07-01,100,True,False
Diklofenak Kalium 50 mg tab,Tablet,2025-08-01,40,True,False
Diklofenak Kalium 50 mg tab,Tablet,2025-09-01,37,True,False
Diklofenak Kalium 50 mg tab,Tablet,2025-10-01,56,True,False
Diklofenak Kalium 50 mg tab,Tablet,2025-11-01,28,True,False
Diklofenak Kalium 50 mg tab,Tablet,2025-12-01,142,True,False
Diklofenak Kalium 50 mg tab,Tablet,2026-01-01,0,True,False
Diklofenak Kalium 50 mg tab,Tablet,2026-02-01,0,True,False
Diklofenak Na. 50 mg tab,Tablet,2024-01-01,0,False,False
Diklofenak Na. 50 mg tab,Tablet,2024-02-01,0,False,False
Diklofenak Na. 50 mg tab,Tablet,2024-03-01,0,False,False
Diklofenak Na. 50 mg tab,Tablet,2024-04-01,0,False,False
Diklofenak Na. 50 mg tab,Tablet,2024-05-01,0,False,False
Diklofenak Na. 50 mg tab,Tablet,2024-06-01,0,False,False
Diklofenak Na. 50 mg tab,Tablet,2024-07-01,0,False,False
Diklofenak Na. 50 mg tab,Tablet,2024-08-01,0,False,False
Diklofenak Na. 50 mg tab,Tablet,2024-09-01,0,False,False
Diklofenak Na. 50 mg tab,Tablet,2024-10-01,0,False,False
Diklofenak Na. 50 mg tab,Tablet,2024-11-01,0,False,False
Diklofenak Na. 50 mg tab,Tablet,2024-12-01,0,False,False
Diklofenak Na. 50 mg tab,Tablet,2025-01-01,3500,True,False
Diklofenak Na. 50 mg tab,Tablet,2025-02-01,2620,True,False
Diklofenak Na. 50 mg tab,Tablet,2025-03-01,0,True,False
Diklofenak Na. 50 mg tab,Tablet,2025-04-01,905,False,True
Diklofenak Na. 50 mg tab,Tablet,2025-05-01,1810,True,False
Diklofenak Na. 50 mg tab,Tablet,2025-06-01,1720,True,False
Diklofenak Na. 50 mg tab,Tablet,2025-07-01,1840,True,False
Diklofenak Na. 50 mg tab,Tablet,2025-08-01,2100,True,False
Diklofenak Na. 50 mg tab,Tablet,2025-09-01,2180,True,False
Diklofenak Na. 50 mg tab,Tablet,2025-10-01,1850,True,False
Diklofenak Na. 50 mg tab,Tablet,2025-11-01,2310,True,False
Diklofenak Na. 50 mg tab,Tablet,2025-12-01,1990,True,False
Diklofenak Na. 50 mg tab,Tablet,2026-01-01,2430,True,False
Diklofenak Na. 50 mg tab,Tablet,2026-02-01,2040,True,False
Diluclair A,Tidak Diketahui,2024-01-01,0,False,False
Diluclair A,Tidak Diketahui,2024-02-01,0,False,False
Diluclair A,Tidak Diketahui,2024-03-01,0,False,False
Diluclair A,Tidak Diketahui,2024-04-01,0,False,False
Diluclair A,Tidak Diketahui,2024-05-01,0,False,False
Diluclair A,Tidak Diketahui,2024-06-01,0,False,False
Diluclair A,Tidak Diketahui,2024-07-01,0,False,False
Diluclair A,Tidak Diketahui,2024-08-01,0,False,False
Diluclair A,Tidak Diketahui,2024-09-01,0,False,False
Diluclair A,Tidak Diketahui,2024-10-01,0,False,False
Diluclair A,Tidak Diketahui,2024-11-01,0,False,False
Diluclair A,Tidak Diketahui,2024-12-01,0,False,False
Diluclair A,Tidak Diketahui,2025-01-01,0,True,False
Diluclair A,Tidak Diketahui,2025-02-01,0,True,False
Diluclair A,Tidak Diketahui,2025-03-01,0,True,False
Diluclair A,Tidak Diketahui,2025-04-01,0,False,True
Diluclair A,Tidak Diketahui,2025-05-01,0,True,False
Diluclair A,Tidak Diketahui,2025-06-01,0,True,False
Diluclair A,Tidak Diketahui,2025-07-01,0,True,False
Diluclair A,Tidak Diketahui,2025-08-01,0,True,False
Diluclair A,Tidak Diketahui,2025-09-01,0,True,False
Diluclair A,Tidak Diketahui,2025-10-01,0,True,False
Diluclair A,Tidak Diketahui,2025-11-01,0,True,False
Diluclair A,Tidak Diketahui,2025-12-01,0,True,False
Diluclair A,Tidak Diketahui,2026-01-01,0,False,False
Diluclair A,Tidak Diketahui,2026-02-01,0,False,False
Diluent,Tidak Diketahui,2024-01-01,0,False,False
Diluent,Tidak Diketahui,2024-02-01,0,False,False
Diluent,Tidak Diketahui,2024-03-01,0,False,False
Diluent,Tidak Diketahui,2024-04-01,0,False,False
Diluent,Tidak Diketahui,2024-05-01,0,False,False
Diluent,Tidak Diketahui,2024-06-01,0,False,False
Diluent,Tidak Diketahui,2024-07-01,0,False,False
Diluent,Tidak Diketahui,2024-08-01,0,False,False
Diluent,Tidak Diketahui,2024-09-01,0,False,False
Diluent,Tidak Diketahui,2024-10-01,0,False,False
Diluent,Tidak Diketahui,2024-11-01,0,False,False
Diluent,Tidak Diketahui,2024-12-01,0,False,False
Diluent,Tidak Diketahui,2025-01-01,0,True,False
Diluent,Tidak Diketahui,2025-02-01,0,True,False
Diluent,Tidak Diketahui,2025-03-01,0,True,False
Diluent,Tidak Diketahui,2025-04-01,0,False,True
Diluent,Tidak Diketahui,2025-05-01,0,True,False
Diluent,Tidak Diketahui,2025-06-01,0,True,False
Diluent,Tidak Diketahui,2025-07-01,0,True,False
Diluent,Tidak Diketahui,2025-08-01,0,True,False
Diluent,Tidak Diketahui,2025-09-01,0,True,False
Diluent,Tidak Diketahui,2025-10-01,0,True,False
Diluent,Tidak Diketahui,2025-11-01,0,True,False
Diluent,Tidak Diketahui,2025-12-01,0,True,False
Diluent,Tidak Diketahui,2026-01-01,0,False,False
Diluent,Tidak Diketahui,2026-02-01,0,False,False
Diluterge,Tidak Diketahui,2024-01-01,0,False,False
Diluterge,Tidak Diketahui,2024-02-01,0,False,False
Diluterge,Tidak Diketahui,2024-03-01,0,False,False
Diluterge,Tidak Diketahui,2024-04-01,0,False,False
Diluterge,Tidak Diketahui,2024-05-01,0,False,False
Diluterge,Tidak Diketahui,2024-06-01,0,False,False
Diluterge,Tidak Diketahui,2024-07-01,0,False,False
Diluterge,Tidak Diketahui,2024-08-01,0,False,False
Diluterge,Tidak Diketahui,2024-09-01,0,False,False
Diluterge,Tidak Diketahui,2024-10-01,0,False,False
Diluterge,Tidak Diketahui,2024-11-01,0,False,False
Diluterge,Tidak Diketahui,2024-12-01,0,False,False
Diluterge,Tidak Diketahui,2025-01-01,0,True,False
Diluterge,Tidak Diketahui,2025-02-01,0,True,False
Diluterge,Tidak Diketahui,2025-03-01,0,True,False
Diluterge,Tidak Diketahui,2025-04-01,0,False,True
Diluterge,Tidak Diketahui,2025-05-01,0,True,False
Diluterge,Tidak Diketahui,2025-06-01,0,True,False
Diluterge,Tidak Diketahui,2025-07-01,0,True,False
Diluterge,Tidak Diketahui,2025-08-01,0,True,False
Diluterge,Tidak Diketahui,2025-09-01,0,True,False
Diluterge,Tidak Diketahui,2025-10-01,0,True,False
Diluterge,Tidak Diketahui,2025-11-01,0,True,False
Diluterge,Tidak Diketahui,2025-12-01,0,True,False
Diluterge,Tidak Diketahui,2026-01-01,0,False,False
Diluterge,Tidak Diketahui,2026-02-01,0,False,False
Diluton LMG,Tidak Diketahui,2024-01-01,0,False,False
Diluton LMG,Tidak Diketahui,2024-02-01,0,False,False
Diluton LMG,Tidak Diketahui,2024-03-01,0,False,False
Diluton LMG,Tidak Diketahui,2024-04-01,0,False,False
Diluton LMG,Tidak Diketahui,2024-05-01,0,False,False
Diluton LMG,Tidak Diketahui,2024-06-01,0,False,False
Diluton LMG,Tidak Diketahui,2024-07-01,0,False,False
Diluton LMG,Tidak Diketahui,2024-08-01,0,False,False
Diluton LMG,Tidak Diketahui,2024-09-01,0,False,False
Diluton LMG,Tidak Diketahui,2024-10-01,0,False,False
Diluton LMG,Tidak Diketahui,2024-11-01,0,False,False
Diluton LMG,Tidak Diketahui,2024-12-01,0,False,False
Diluton LMG,Tidak Diketahui,2025-01-01,0,True,False
Diluton LMG,Tidak Diketahui,2025-02-01,0,True,False
Diluton LMG,Tidak Diketahui,2025-03-01,0,True,False
Diluton LMG,Tidak Diketahui,2025-04-01,0,False,True
Diluton LMG,Tidak Diketahui,2025-05-01,0,True,False
Diluton LMG,Tidak Diketahui,2025-06-01,0,True,False
Diluton LMG,Tidak Diketahui,2025-07-01,0,True,False
Diluton LMG,Tidak Diketahui,2025-08-01,0,True,False
Diluton LMG,Tidak Diketahui,2025-09-01,0,True,False
Diluton LMG,Tidak Diketahui,2025-10-01,0,True,False
Diluton LMG,Tidak Diketahui,2025-11-01,0,True,False
Diluton LMG,Tidak Diketahui,2025-12-01,0,True,False
Diluton LMG,Tidak Diketahui,2026-01-01,0,False,False
Diluton LMG,Tidak Diketahui,2026-02-01,0,False,False
Dimenhidrinat 50 mg,Tablet,2024-01-01,225,True,False
Dimenhidrinat 50 mg,Tablet,2024-02-01,275,True,False
Dimenhidrinat 50 mg,Tablet,2024-03-01,390,True,False
Dimenhidrinat 50 mg,Tablet,2024-04-01,350,True,False
Dimenhidrinat 50 mg,Tablet,2024-05-01,160,True,False
Dimenhidrinat 50 mg,Tablet,2024-06-01,225,True,False
Dimenhidrinat 50 mg,Tablet,2024-07-01,225,True,False
Dimenhidrinat 50 mg,Tablet,2024-08-01,80,True,False
Dimenhidrinat 50 mg,Tablet,2024-09-01,170,True,False
Dimenhidrinat 50 mg,Tablet,2024-10-01,0,True,False
Dimenhidrinat 50 mg,Tablet,2024-11-01,0,True,False
Dimenhidrinat 50 mg,Tablet,2024-12-01,120,True,False
Dimenhidrinat 50 mg,Tablet,2025-01-01,474,True,False
Dimenhidrinat 50 mg,Tablet,2025-02-01,0,True,False
Dimenhidrinat 50 mg,Tablet,2025-03-01,0,True,False
Dimenhidrinat 50 mg,Tablet,2025-04-01,30,False,True
Dimenhidrinat 50 mg,Tablet,2025-05-01,60,True,False
Dimenhidrinat 50 mg,Tablet,2025-06-01,195,True,False
Dimenhidrinat 50 mg,Tablet,2025-07-01,85,True,False
Dimenhidrinat 50 mg,Tablet,2025-08-01,145,True,False
Dimenhidrinat 50 mg,Tablet,2025-09-01,0,True,False
Dimenhidrinat 50 mg,Tablet,2025-10-01,670,True,False
Dimenhidrinat 50 mg,Tablet,2025-11-01,580,True,False
Dimenhidrinat 50 mg,Tablet,2025-12-01,150,True,False
Dimenhidrinat 50 mg,Tablet,2026-01-01,460,True,False
Dimenhidrinat 50 mg,Tablet,2026-02-01,500,True,False
Domperidon 10 mg,Tablet,2024-01-01,400,True,False
Domperidon 10 mg,Tablet,2024-02-01,400,True,False
Domperidon 10 mg,Tablet,2024-03-01,510,True,False
Domperidon 10 mg,Tablet,2024-04-01,770,True,False
Domperidon 10 mg,Tablet,2024-05-01,1020,True,False
Domperidon 10 mg,Tablet,2024-06-01,770,True,False
Domperidon 10 mg,Tablet,2024-07-01,770,True,False
Domperidon 10 mg,Tablet,2024-08-01,290,True,False
Domperidon 10 mg,Tablet,2024-09-01,734,True,False
Domperidon 10 mg,Tablet,2024-10-01,460,True,False
Domperidon 10 mg,Tablet,2024-11-01,456,True,False
Domperidon 10 mg,Tablet,2024-12-01,204,True,False
Domperidon 10 mg,Tablet,2025-01-01,282,True,False
Domperidon 10 mg,Tablet,2025-02-01,822,True,False
Domperidon 10 mg,Tablet,2025-03-01,282,True,False
Domperidon 10 mg,Tablet,2025-04-01,252,False,True
Domperidon 10 mg,Tablet,2025-05-01,222,True,False
Domperidon 10 mg,Tablet,2025-06-01,560,True,False
Domperidon 10 mg,Tablet,2025-07-01,670,True,False
Domperidon 10 mg,Tablet,2025-08-01,352,True,False
Domperidon 10 mg,Tablet,2025-09-01,494,True,False
Domperidon 10 mg,Tablet,2025-10-01,1030,True,False
Domperidon 10 mg,Tablet,2025-11-01,1140,True,False
Domperidon 10 mg,Tablet,2025-12-01,1248,True,False
Domperidon 10 mg,Tablet,2026-01-01,1274,True,False
Domperidon 10 mg,Tablet,2026-02-01,1193,True,False
Domperidon sirup 5 mg/5 ml,Botol,2024-01-01,12,True,False
Domperidon sirup 5 mg/5 ml,Botol,2024-02-01,0,True,False
Domperidon sirup 5 mg/5 ml,Botol,2024-03-01,0,True,False
Domperidon sirup 5 mg/5 ml,Botol,2024-04-01,0,True,False
Domperidon sirup 5 mg/5 ml,Botol,2024-05-01,0,True,False
Domperidon sirup 5 mg/5 ml,Botol,2024-06-01,0,True,False
Domperidon sirup 5 mg/5 ml,Botol,2024-07-01,0,True,False
Domperidon sirup 5 mg/5 ml,Botol,2024-08-01,0,True,False
Domperidon sirup 5 mg/5 ml,Botol,2024-09-01,0,True,False
Domperidon sirup 5 mg/5 ml,Botol,2024-10-01,0,True,False
Domperidon sirup 5 mg/5 ml,Botol,2024-11-01,0,True,False
Domperidon sirup 5 mg/5 ml,Botol,2024-12-01,0,True,False
Domperidon sirup 5 mg/5 ml,Botol,2025-01-01,0,True,False
Domperidon sirup 5 mg/5 ml,Botol,2025-02-01,0,True,False
Domperidon sirup 5 mg/5 ml,Botol,2025-03-01,2,True,False
Domperidon sirup 5 mg/5 ml,Botol,2025-04-01,4,False,True
Domperidon sirup 5 mg/5 ml,Botol,2025-05-01,7,True,False
Domperidon sirup 5 mg/5 ml,Botol,2025-06-01,5,True,False
Domperidon sirup 5 mg/5 ml,Botol,2025-07-01,2,True,False
Domperidon sirup 5 mg/5 ml,Botol,2025-08-01,3,True,False
Domperidon sirup 5 mg/5 ml,Botol,2025-09-01,4,True,False
Domperidon sirup 5 mg/5 ml,Botol,2025-10-01,24,True,False
Domperidon sirup 5 mg/5 ml,Botol,2025-11-01,0,True,False
Domperidon sirup 5 mg/5 ml,Botol,2025-12-01,0,True,False
Domperidon sirup 5 mg/5 ml,Botol,2026-01-01,0,True,False
Domperidon sirup 5 mg/5 ml,Botol,2026-02-01,1,True,False
Dulcolax 10 mg supp,Supp,2024-01-01,18,True,False
Dulcolax 10 mg supp,Supp,2024-02-01,0,True,False
Dulcolax 10 mg supp,Supp,2024-03-01,7,True,False
Dulcolax 10 mg supp,Supp,2024-04-01,11,True,False
Dulcolax 10 mg supp,Supp,2024-05-01,7,True,False
Dulcolax 10 mg supp,Supp,2024-06-01,6,True,False
Dulcolax 10 mg supp,Supp,2024-07-01,10,True,False
Dulcolax 10 mg supp,Supp,2024-08-01,0,True,False
Dulcolax 10 mg supp,Supp,2024-09-01,4,True,False
Dulcolax 10 mg supp,Supp,2024-10-01,5,True,False
Dulcolax 10 mg supp,Supp,2024-11-01,11,True,False
Dulcolax 10 mg supp,Supp,2024-12-01,4,True,False
Dulcolax 10 mg supp,Supp,2025-01-01,0,False,False
Dulcolax 10 mg supp,Supp,2025-02-01,0,False,False
Dulcolax 10 mg supp,Supp,2025-03-01,0,False,False
Dulcolax 10 mg supp,Supp,2025-04-01,0,False,True
Dulcolax 10 mg supp,Supp,2025-05-01,0,False,False
Dulcolax 10 mg supp,Supp,2025-06-01,0,False,False
Dulcolax 10 mg supp,Supp,2025-07-01,0,False,False
Dulcolax 10 mg supp,Supp,2025-08-01,0,False,False
Dulcolax 10 mg supp,Supp,2025-09-01,0,False,False
Dulcolax 10 mg supp,Supp,2025-10-01,0,False,False
Dulcolax 10 mg supp,Supp,2025-11-01,0,False,False
Dulcolax 10 mg supp,Supp,2025-12-01,0,False,False
Dulcolax 10 mg supp,Supp,2026-01-01,0,False,False
Dulcolax 10 mg supp,Supp,2026-02-01,0,False,False
Dulcolax 5 mg supp,Supp,2024-01-01,0,True,False
Dulcolax 5 mg supp,Supp,2024-02-01,0,True,False
Dulcolax 5 mg supp,Supp,2024-03-01,0,True,False
Dulcolax 5 mg supp,Supp,2024-04-01,0,True,False
Dulcolax 5 mg supp,Supp,2024-05-01,0,True,False
Dulcolax 5 mg supp,Supp,2024-06-01,2,True,False
Dulcolax 5 mg supp,Supp,2024-07-01,0,True,False
Dulcolax 5 mg supp,Supp,2024-08-01,0,True,False
Dulcolax 5 mg supp,Supp,2024-09-01,0,True,False
Dulcolax 5 mg supp,Supp,2024-10-01,2,True,False
Dulcolax 5 mg supp,Supp,2024-11-01,0,True,False
Dulcolax 5 mg supp,Supp,2024-12-01,0,True,False
Dulcolax 5 mg supp,Supp,2025-01-01,0,False,False
Dulcolax 5 mg supp,Supp,2025-02-01,0,False,False
Dulcolax 5 mg supp,Supp,2025-03-01,0,False,False
Dulcolax 5 mg supp,Supp,2025-04-01,0,False,True
Dulcolax 5 mg supp,Supp,2025-05-01,0,False,False
Dulcolax 5 mg supp,Supp,2025-06-01,0,False,False
Dulcolax 5 mg supp,Supp,2025-07-01,0,False,False
Dulcolax 5 mg supp,Supp,2025-08-01,0,False,False
Dulcolax 5 mg supp,Supp,2025-09-01,0,False,False
Dulcolax 5 mg supp,Supp,2025-10-01,0,False,False
Dulcolax 5 mg supp,Supp,2025-11-01,0,False,False
Dulcolax 5 mg supp,Supp,2025-12-01,0,False,False
Dulcolax 5 mg supp,Supp,2026-01-01,0,False,False
Dulcolax 5 mg supp,Supp,2026-02-01,0,False,False
EDTA,Tidak Diketahui,2024-01-01,0,False,False
EDTA,Tidak Diketahui,2024-02-01,0,False,False
EDTA,Tidak Diketahui,2024-03-01,0,False,False
EDTA,Tidak Diketahui,2024-04-01,0,False,False
EDTA,Tidak Diketahui,2024-05-01,0,False,False
EDTA,Tidak Diketahui,2024-06-01,0,False,False
EDTA,Tidak Diketahui,2024-07-01,0,False,False
EDTA,Tidak Diketahui,2024-08-01,0,False,False
EDTA,Tidak Diketahui,2024-09-01,0,False,False
EDTA,Tidak Diketahui,2024-10-01,0,False,False
EDTA,Tidak Diketahui,2024-11-01,0,False,False
EDTA,Tidak Diketahui,2024-12-01,0,False,False
EDTA,Tidak Diketahui,2025-01-01,0,True,False
EDTA,Tidak Diketahui,2025-02-01,0,True,False
EDTA,Tidak Diketahui,2025-03-01,0,True,False
EDTA,Tidak Diketahui,2025-04-01,0,False,True
EDTA,Tidak Diketahui,2025-05-01,0,True,False
EDTA,Tidak Diketahui,2025-06-01,0,True,False
EDTA,Tidak Diketahui,2025-07-01,0,True,False
EDTA,Tidak Diketahui,2025-08-01,0,True,False
EDTA,Tidak Diketahui,2025-09-01,0,True,False
EDTA,Tidak Diketahui,2025-10-01,0,True,False
EDTA,Tidak Diketahui,2025-11-01,0,True,False
EDTA,Tidak Diketahui,2025-12-01,0,True,False
EDTA,Tidak Diketahui,2026-01-01,0,False,False
EDTA,Tidak Diketahui,2026-02-01,0,False,False
Efavirenz 600 mg,Tablet,2024-01-01,0,True,False
Efavirenz 600 mg,Tablet,2024-02-01,0,True,False
Efavirenz 600 mg,Tablet,2024-03-01,0,False,False
Efavirenz 600 mg,Tablet,2024-04-01,0,False,False
Efavirenz 600 mg,Tablet,2024-05-01,0,False,False
Efavirenz 600 mg,Tablet,2024-06-01,0,False,False
Efavirenz 600 mg,Tablet,2024-07-01,0,False,False
Efavirenz 600 mg,Tablet,2024-08-01,0,False,False
Efavirenz 600 mg,Tablet,2024-09-01,0,False,False
Efavirenz 600 mg,Tablet,2024-10-01,0,False,False
Efavirenz 600 mg,Tablet,2024-11-01,0,False,False
Efavirenz 600 mg,Tablet,2024-12-01,0,False,False
Efavirenz 600 mg,Tablet,2025-01-01,0,True,False
Efavirenz 600 mg,Tablet,2025-02-01,0,True,False
Efavirenz 600 mg,Tablet,2025-03-01,0,True,False
Efavirenz 600 mg,Tablet,2025-04-01,0,False,True
Efavirenz 600 mg,Tablet,2025-05-01,0,True,False
Efavirenz 600 mg,Tablet,2025-06-01,0,True,False
Efavirenz 600 mg,Tablet,2025-07-01,0,True,False
Efavirenz 600 mg,Tablet,2025-08-01,0,True,False
Efavirenz 600 mg,Tablet,2025-09-01,0,True,False
Efavirenz 600 mg,Tablet,2025-10-01,0,True,False
Efavirenz 600 mg,Tablet,2025-11-01,0,True,False
Efavirenz 600 mg,Tablet,2025-12-01,0,True,False
Efavirenz 600 mg,Tablet,2026-01-01,0,False,False
Efavirenz 600 mg,Tablet,2026-02-01,0,False,False
Efedrin HCl 25 mg,Tidak Diketahui,2024-01-01,0,False,False
Efedrin HCl 25 mg,Tidak Diketahui,2024-02-01,0,False,False
Efedrin HCl 25 mg,Tidak Diketahui,2024-03-01,0,False,False
Efedrin HCl 25 mg,Tidak Diketahui,2024-04-01,0,False,False
Efedrin HCl 25 mg,Tidak Diketahui,2024-05-01,0,False,False
Efedrin HCl 25 mg,Tidak Diketahui,2024-06-01,0,False,False
Efedrin HCl 25 mg,Tidak Diketahui,2024-07-01,0,False,False
Efedrin HCl 25 mg,Tidak Diketahui,2024-08-01,0,False,False
Efedrin HCl 25 mg,Tidak Diketahui,2024-09-01,0,False,False
Efedrin HCl 25 mg,Tidak Diketahui,2024-10-01,0,False,False
Efedrin HCl 25 mg,Tidak Diketahui,2024-11-01,0,False,False
Efedrin HCl 25 mg,Tidak Diketahui,2024-12-01,0,False,False
Efedrin HCl 25 mg,Tidak Diketahui,2025-01-01,0,True,False
Efedrin HCl 25 mg,Tidak Diketahui,2025-02-01,0,True,False
Efedrin HCl 25 mg,Tidak Diketahui,2025-03-01,0,True,False
Efedrin HCl 25 mg,Tidak Diketahui,2025-04-01,0,False,True
Efedrin HCl 25 mg,Tidak Diketahui,2025-05-01,0,True,False
Efedrin HCl 25 mg,Tidak Diketahui,2025-06-01,0,True,False
Efedrin HCl 25 mg,Tidak Diketahui,2025-07-01,0,True,False
Efedrin HCl 25 mg,Tidak Diketahui,2025-08-01,0,True,False
Efedrin HCl 25 mg,Tidak Diketahui,2025-09-01,0,True,False
Efedrin HCl 25 mg,Tidak Diketahui,2025-10-01,0,True,False
Efedrin HCl 25 mg,Tidak Diketahui,2025-11-01,0,True,False
Efedrin HCl 25 mg,Tidak Diketahui,2025-12-01,0,True,False
Efedrin HCl 25 mg,Tidak Diketahui,2026-01-01,0,False,False
Efedrin HCl 25 mg,Tidak Diketahui,2026-02-01,0,False,False
"Eight Check (L,N,H)",Seri 3X1.5 Ml,2024-01-01,0,False,False
"Eight Check (L,N,H)",Seri 3X1.5 Ml,2024-02-01,0,False,False
"Eight Check (L,N,H)",Seri 3X1.5 Ml,2024-03-01,0,False,False
"Eight Check (L,N,H)",Seri 3X1.5 Ml,2024-04-01,0,False,False
"Eight Check (L,N,H)",Seri 3X1.5 Ml,2024-05-01,0,False,False
"Eight Check (L,N,H)",Seri 3X1.5 Ml,2024-06-01,0,False,False
"Eight Check (L,N,H)",Seri 3X1.5 Ml,2024-07-01,0,False,False
"Eight Check (L,N,H)",Seri 3X1.5 Ml,2024-08-01,0,False,False
"Eight Check (L,N,H)",Seri 3X1.5 Ml,2024-09-01,0,False,False
"Eight Check (L,N,H)",Seri 3X1.5 Ml,2024-10-01,0,False,False
"Eight Check (L,N,H)",Seri 3X1.5 Ml,2024-11-01,0,False,False
"Eight Check (L,N,H)",Seri 3X1.5 Ml,2024-12-01,0,False,False
"Eight Check (L,N,H)",Seri 3X1.5 Ml,2025-01-01,0,True,False
"Eight Check (L,N,H)",Seri 3X1.5 Ml,2025-02-01,0,True,False
"Eight Check (L,N,H)",Seri 3X1.5 Ml,2025-03-01,0,True,False
"Eight Check (L,N,H)",Seri 3X1.5 Ml,2025-04-01,0,False,True
"Eight Check (L,N,H)",Seri 3X1.5 Ml,2025-05-01,0,True,False
"Eight Check (L,N,H)",Seri 3X1.5 Ml,2025-06-01,1,True,False
"Eight Check (L,N,H)",Seri 3X1.5 Ml,2025-07-01,0,True,False
"Eight Check (L,N,H)",Seri 3X1.5 Ml,2025-08-01,0,True,False
"Eight Check (L,N,H)",Seri 3X1.5 Ml,2025-09-01,0,True,False
"Eight Check (L,N,H)",Seri 3X1.5 Ml,2025-10-01,0,True,False
"Eight Check (L,N,H)",Seri 3X1.5 Ml,2025-11-01,0,True,False
"Eight Check (L,N,H)",Seri 3X1.5 Ml,2025-12-01,1,True,False
"Eight Check (L,N,H)",Seri 3X1.5 Ml,2026-01-01,0,True,False
"Eight Check (L,N,H)",Seri 3X1.5 Ml,2026-02-01,0,True,False
Elite Semen / Zinc F+,Botol,2024-01-01,0,True,False
Elite Semen / Zinc F+,Botol,2024-02-01,1,True,False
Elite Semen / Zinc F+,Botol,2024-03-01,0,True,False
Elite Semen / Zinc F+,Botol,2024-04-01,0,True,False
Elite Semen / Zinc F+,Botol,2024-05-01,0,True,False
Elite Semen / Zinc F+,Botol,2024-06-01,1,True,False
Elite Semen / Zinc F+,Botol,2024-07-01,0,True,False
Elite Semen / Zinc F+,Botol,2024-08-01,0,True,False
Elite Semen / Zinc F+,Botol,2024-09-01,0,True,False
Elite Semen / Zinc F+,Botol,2024-10-01,0,True,False
Elite Semen / Zinc F+,Botol,2024-11-01,0,True,False
Elite Semen / Zinc F+,Botol,2024-12-01,0,True,False
Elite Semen / Zinc F+,Botol,2025-01-01,0,False,False
Elite Semen / Zinc F+,Botol,2025-02-01,0,False,False
Elite Semen / Zinc F+,Botol,2025-03-01,0,False,False
Elite Semen / Zinc F+,Botol,2025-04-01,0,False,True
Elite Semen / Zinc F+,Botol,2025-05-01,0,False,False
Elite Semen / Zinc F+,Botol,2025-06-01,0,False,False
Elite Semen / Zinc F+,Botol,2025-07-01,0,False,False
Elite Semen / Zinc F+,Botol,2025-08-01,0,False,False
Elite Semen / Zinc F+,Botol,2025-09-01,0,False,False
Elite Semen / Zinc F+,Botol,2025-10-01,0,False,False
Elite Semen / Zinc F+,Botol,2025-11-01,0,False,False
Elite Semen / Zinc F+,Botol,2025-12-01,0,False,False
Elite Semen / Zinc F+,Botol,2026-01-01,0,False,False
Elite Semen / Zinc F+,Botol,2026-02-01,0,False,False
Elite semen / Zinc F+,Botol,2024-01-01,0,False,False
Elite semen / Zinc F+,Botol,2024-02-01,0,False,False
Elite semen / Zinc F+,Botol,2024-03-01,0,False,False
Elite semen / Zinc F+,Botol,2024-04-01,0,False,False
Elite semen / Zinc F+,Botol,2024-05-01,0,False,False
Elite semen / Zinc F+,Botol,2024-06-01,0,False,False
Elite semen / Zinc F+,Botol,2024-07-01,0,False,False
Elite semen / Zinc F+,Botol,2024-08-01,0,False,False
Elite semen / Zinc F+,Botol,2024-09-01,0,False,False
Elite semen / Zinc F+,Botol,2024-10-01,0,False,False
Elite semen / Zinc F+,Botol,2024-11-01,0,False,False
Elite semen / Zinc F+,Botol,2024-12-01,0,False,False
Elite semen / Zinc F+,Botol,2025-01-01,0,True,False
Elite semen / Zinc F+,Botol,2025-02-01,0,True,False
Elite semen / Zinc F+,Botol,2025-03-01,0,True,False
Elite semen / Zinc F+,Botol,2025-04-01,0,False,True
Elite semen / Zinc F+,Botol,2025-05-01,1,True,False
Elite semen / Zinc F+,Botol,2025-06-01,0,True,False
Elite semen / Zinc F+,Botol,2025-07-01,5,True,False
Elite semen / Zinc F+,Botol,2025-08-01,0,True,False
Elite semen / Zinc F+,Botol,2025-09-01,0,True,False
Elite semen / Zinc F+,Botol,2025-10-01,0,True,False
Elite semen / Zinc F+,Botol,2025-11-01,0,True,False
Elite semen / Zinc F+,Botol,2025-12-01,0,True,False
Elite semen / Zinc F+,Botol,2026-01-01,0,True,False
Elite semen / Zinc F+,Botol,2026-02-01,1,True,False
Entrasol 150G,Kotak,2024-01-01,0,False,False
Entrasol 150G,Kotak,2024-02-01,0,False,False
Entrasol 150G,Kotak,2024-03-01,0,False,False
Entrasol 150G,Kotak,2024-04-01,0,False,False
Entrasol 150G,Kotak,2024-05-01,0,False,False
Entrasol 150G,Kotak,2024-06-01,0,False,False
Entrasol 150G,Kotak,2024-07-01,0,False,False
Entrasol 150G,Kotak,2024-08-01,0,False,False
Entrasol 150G,Kotak,2024-09-01,0,True,False
Entrasol 150G,Kotak,2024-10-01,0,True,False
Entrasol 150G,Kotak,2024-11-01,0,True,False
Entrasol 150G,Kotak,2024-12-01,0,True,False
Entrasol 150G,Kotak,2025-01-01,0,True,False
Entrasol 150G,Kotak,2025-02-01,0,True,False
Entrasol 150G,Kotak,2025-03-01,0,True,False
Entrasol 150G,Kotak,2025-04-01,0,False,True
Entrasol 150G,Kotak,2025-05-01,0,True,False
Entrasol 150G,Kotak,2025-06-01,0,True,False
Entrasol 150G,Kotak,2025-07-01,0,True,False
Entrasol 150G,Kotak,2025-08-01,0,True,False
Entrasol 150G,Kotak,2025-09-01,0,True,False
Entrasol 150G,Kotak,2025-10-01,0,True,False
Entrasol 150G,Kotak,2025-11-01,0,True,False
Entrasol 150G,Kotak,2025-12-01,0,True,False
Entrasol 150G,Kotak,2026-01-01,0,False,False
Entrasol 150G,Kotak,2026-02-01,0,False,False
Entrasol 340G,Kotak,2024-01-01,0,False,False
Entrasol 340G,Kotak,2024-02-01,0,False,False
Entrasol 340G,Kotak,2024-03-01,0,False,False
Entrasol 340G,Kotak,2024-04-01,0,False,False
Entrasol 340G,Kotak,2024-05-01,0,False,False
Entrasol 340G,Kotak,2024-06-01,0,False,False
Entrasol 340G,Kotak,2024-07-01,0,False,False
Entrasol 340G,Kotak,2024-08-01,0,False,False
Entrasol 340G,Kotak,2024-09-01,0,True,False
Entrasol 340G,Kotak,2024-10-01,0,True,False
Entrasol 340G,Kotak,2024-11-01,0,True,False
Entrasol 340G,Kotak,2024-12-01,0,True,False
Entrasol 340G,Kotak,2025-01-01,0,True,False
Entrasol 340G,Kotak,2025-02-01,0,True,False
Entrasol 340G,Kotak,2025-03-01,0,True,False
Entrasol 340G,Kotak,2025-04-01,0,False,True
Entrasol 340G,Kotak,2025-05-01,0,True,False
Entrasol 340G,Kotak,2025-06-01,0,True,False
Entrasol 340G,Kotak,2025-07-01,0,True,False
Entrasol 340G,Kotak,2025-08-01,0,True,False
Entrasol 340G,Kotak,2025-09-01,0,True,False
Entrasol 340G,Kotak,2025-10-01,0,True,False
Entrasol 340G,Kotak,2025-11-01,0,True,False
Entrasol 340G,Kotak,2025-12-01,0,True,False
Entrasol 340G,Kotak,2026-01-01,0,False,False
Entrasol 340G,Kotak,2026-02-01,0,False,False
Eperison tab,Tablet,2024-01-01,0,True,False
Eperison tab,Tablet,2024-02-01,20,True,False
Eperison tab,Tablet,2024-03-01,20,True,False
Eperison tab,Tablet,2024-04-01,10,True,False
Eperison tab,Tablet,2024-05-01,0,True,False
Eperison tab,Tablet,2024-06-01,85,True,False
Eperison tab,Tablet,2024-07-01,55,True,False
Eperison tab,Tablet,2024-08-01,85,True,False
Eperison tab,Tablet,2024-09-01,30,True,False
Eperison tab,Tablet,2024-10-01,5,True,False
Eperison tab,Tablet,2024-11-01,0,True,False
Eperison tab,Tablet,2024-12-01,35,True,False
Eperison tab,Tablet,2025-01-01,40,True,False
Eperison tab,Tablet,2025-02-01,35,True,False
Eperison tab,Tablet,2025-03-01,0,True,False
Eperison tab,Tablet,2025-04-01,0,False,True
Eperison tab,Tablet,2025-05-01,0,True,False
Eperison tab,Tablet,2025-06-01,0,True,False
Eperison tab,Tablet,2025-07-01,0,True,False
Eperison tab,Tablet,2025-08-01,50,True,False
Eperison tab,Tablet,2025-09-01,45,True,False
Eperison tab,Tablet,2025-10-01,35,True,False
Eperison tab,Tablet,2025-11-01,10,True,False
Eperison tab,Tablet,2025-12-01,0,True,False
Eperison tab,Tablet,2026-01-01,50,True,False
Eperison tab,Tablet,2026-02-01,0,True,False
Epinefrin (Adrenalin) inj. 1 mg/ml,Ampul,2024-01-01,3,True,False
Epinefrin (Adrenalin) inj. 1 mg/ml,Ampul,2024-02-01,1,True,False
Epinefrin (Adrenalin) inj. 1 mg/ml,Ampul,2024-03-01,0,True,False
Epinefrin (Adrenalin) inj. 1 mg/ml,Ampul,2024-04-01,2,True,False
Epinefrin (Adrenalin) inj. 1 mg/ml,Ampul,2024-05-01,3,True,False
Epinefrin (Adrenalin) inj. 1 mg/ml,Ampul,2024-06-01,0,True,False
Epinefrin (Adrenalin) inj. 1 mg/ml,Ampul,2024-07-01,0,True,False
Epinefrin (Adrenalin) inj. 1 mg/ml,Ampul,2024-08-01,0,True,False
Epinefrin (Adrenalin) inj. 1 mg/ml,Ampul,2024-09-01,18,True,False
Epinefrin (Adrenalin) inj. 1 mg/ml,Ampul,2024-10-01,0,True,False
Epinefrin (Adrenalin) inj. 1 mg/ml,Ampul,2024-11-01,0,True,False
Epinefrin (Adrenalin) inj. 1 mg/ml,Ampul,2024-12-01,0,True,False
Epinefrin (Adrenalin) inj. 1 mg/ml,Ampul,2025-01-01,0,True,False
Epinefrin (Adrenalin) inj. 1 mg/ml,Ampul,2025-02-01,3,True,False
Epinefrin (Adrenalin) inj. 1 mg/ml,Ampul,2025-03-01,0,True,False
Epinefrin (Adrenalin) inj. 1 mg/ml,Ampul,2025-04-01,0,False,True
Epinefrin (Adrenalin) inj. 1 mg/ml,Ampul,2025-05-01,0,True,False
Epinefrin (Adrenalin) inj. 1 mg/ml,Ampul,2025-06-01,0,True,False
Epinefrin (Adrenalin) inj. 1 mg/ml,Ampul,2025-07-01,0,True,False
Epinefrin (Adrenalin) inj. 1 mg/ml,Ampul,2025-08-01,0,True,False
Epinefrin (Adrenalin) inj. 1 mg/ml,Ampul,2025-09-01,0,True,False
Epinefrin (Adrenalin) inj. 1 mg/ml,Ampul,2025-10-01,0,True,False
Epinefrin (Adrenalin) inj. 1 mg/ml,Ampul,2025-11-01,0,True,False
Epinefrin (Adrenalin) inj. 1 mg/ml,Ampul,2025-12-01,0,True,False
Epinefrin (Adrenalin) inj. 1 mg/ml,Ampul,2026-01-01,0,False,False
Epinefrin (Adrenalin) inj. 1 mg/ml,Ampul,2026-02-01,0,False,False
Eritromisin 250 mg,Tablet,2024-01-01,0,False,False
Eritromisin 250 mg,Tablet,2024-02-01,0,False,False
Eritromisin 250 mg,Tablet,2024-03-01,0,False,False
Eritromisin 250 mg,Tablet,2024-04-01,0,False,False
Eritromisin 250 mg,Tablet,2024-05-01,0,False,False
Eritromisin 250 mg,Tablet,2024-06-01,0,False,False
Eritromisin 250 mg,Tablet,2024-07-01,0,False,False
Eritromisin 250 mg,Tablet,2024-08-01,0,False,False
Eritromisin 250 mg,Tablet,2024-09-01,0,False,False
Eritromisin 250 mg,Tablet,2024-10-01,0,False,False
Eritromisin 250 mg,Tablet,2024-11-01,0,False,False
Eritromisin 250 mg,Tablet,2024-12-01,0,False,False
Eritromisin 250 mg,Tablet,2025-01-01,0,False,False
Eritromisin 250 mg,Tablet,2025-02-01,0,False,False
Eritromisin 250 mg,Tablet,2025-03-01,0,False,False
Eritromisin 250 mg,Tablet,2025-04-01,0,False,True
Eritromisin 250 mg,Tablet,2025-05-01,0,True,False
Eritromisin 250 mg,Tablet,2025-06-01,20,True,False
Eritromisin 250 mg,Tablet,2025-07-01,20,True,False
Eritromisin 250 mg,Tablet,2025-08-01,100,True,False
Eritromisin 250 mg,Tablet,2025-09-01,20,True,False
Eritromisin 250 mg,Tablet,2025-10-01,80,True,False
Eritromisin 250 mg,Tablet,2025-11-01,250,True,False
Eritromisin 250 mg,Tablet,2025-12-01,10,True,False
Eritromisin 250 mg,Tablet,2026-01-01,0,True,False
Eritromisin 250 mg,Tablet,2026-02-01,0,True,False
Eritromisin 500 mg,Tablet,2024-01-01,70,True,False
Eritromisin 500 mg,Tablet,2024-02-01,110,True,False
Eritromisin 500 mg,Tablet,2024-03-01,70,True,False
Eritromisin 500 mg,Tablet,2024-04-01,120,True,False
Eritromisin 500 mg,Tablet,2024-05-01,0,True,False
Eritromisin 500 mg,Tablet,2024-06-01,110,True,False
Eritromisin 500 mg,Tablet,2024-07-01,0,True,False
Eritromisin 500 mg,Tablet,2024-08-01,30,True,False
Eritromisin 500 mg,Tablet,2024-09-01,409,True,False
Eritromisin 500 mg,Tablet,2024-10-01,0,True,False
Eritromisin 500 mg,Tablet,2024-11-01,61,True,False
Eritromisin 500 mg,Tablet,2024-12-01,0,True,False
Eritromisin 500 mg,Tablet,2025-01-01,0,True,False
Eritromisin 500 mg,Tablet,2025-02-01,0,True,False
Eritromisin 500 mg,Tablet,2025-03-01,0,True,False
Eritromisin 500 mg,Tablet,2025-04-01,0,False,True
Eritromisin 500 mg,Tablet,2025-05-01,0,True,False
Eritromisin 500 mg,Tablet,2025-06-01,0,True,False
Eritromisin 500 mg,Tablet,2025-07-01,0,True,False
Eritromisin 500 mg,Tablet,2025-08-01,0,True,False
Eritromisin 500 mg,Tablet,2025-09-01,0,True,False
Eritromisin 500 mg,Tablet,2025-10-01,0,True,False
Eritromisin 500 mg,Tablet,2025-11-01,0,True,False
Eritromisin 500 mg,Tablet,2025-12-01,0,True,False
Eritromisin 500 mg,Tablet,2026-01-01,0,False,False
Eritromisin 500 mg,Tablet,2026-02-01,0,False,False
Eritromisin sirup kering 200 mg/5 ml,Botol 60 Ml,2024-01-01,0,True,False
Eritromisin sirup kering 200 mg/5 ml,Botol 60 Ml,2024-02-01,0,True,False
Eritromisin sirup kering 200 mg/5 ml,Botol 60 Ml,2024-03-01,0,False,False
Eritromisin sirup kering 200 mg/5 ml,Botol 60 Ml,2024-04-01,0,False,False
Eritromisin sirup kering 200 mg/5 ml,Botol 60 Ml,2024-05-01,0,False,False
Eritromisin sirup kering 200 mg/5 ml,Botol 60 Ml,2024-06-01,0,False,False
Eritromisin sirup kering 200 mg/5 ml,Botol 60 Ml,2024-07-01,0,False,False
Eritromisin sirup kering 200 mg/5 ml,Botol 60 Ml,2024-08-01,0,False,False
Eritromisin sirup kering 200 mg/5 ml,Botol 60 Ml,2024-09-01,0,False,False
Eritromisin sirup kering 200 mg/5 ml,Botol 60 Ml,2024-10-01,0,False,False
Eritromisin sirup kering 200 mg/5 ml,Botol 60 Ml,2024-11-01,0,False,False
Eritromisin sirup kering 200 mg/5 ml,Botol 60 Ml,2024-12-01,0,False,False
Eritromisin sirup kering 200 mg/5 ml,Botol 60 Ml,2025-01-01,0,True,False
Eritromisin sirup kering 200 mg/5 ml,Botol 60 Ml,2025-02-01,0,True,False
Eritromisin sirup kering 200 mg/5 ml,Botol 60 Ml,2025-03-01,0,True,False
Eritromisin sirup kering 200 mg/5 ml,Botol 60 Ml,2025-04-01,0,False,True
Eritromisin sirup kering 200 mg/5 ml,Botol 60 Ml,2025-05-01,0,True,False
Eritromisin sirup kering 200 mg/5 ml,Botol 60 Ml,2025-06-01,0,True,False
Eritromisin sirup kering 200 mg/5 ml,Botol 60 Ml,2025-07-01,0,True,False
Eritromisin sirup kering 200 mg/5 ml,Botol 60 Ml,2025-08-01,0,True,False
Eritromisin sirup kering 200 mg/5 ml,Botol 60 Ml,2025-09-01,0,True,False
Eritromisin sirup kering 200 mg/5 ml,Botol 60 Ml,2025-10-01,0,True,False
Eritromisin sirup kering 200 mg/5 ml,Botol 60 Ml,2025-11-01,0,True,False
Eritromisin sirup kering 200 mg/5 ml,Botol 60 Ml,2025-12-01,0,True,False
Eritromisin sirup kering 200 mg/5 ml,Botol 60 Ml,2026-01-01,0,False,False
Eritromisin sirup kering 200 mg/5 ml,Botol 60 Ml,2026-02-01,0,False,False
"Etakridina larutan 0,1%",Tidak Diketahui,2024-01-01,0,False,False
"Etakridina larutan 0,1%",Tidak Diketahui,2024-02-01,0,False,False
"Etakridina larutan 0,1%",Tidak Diketahui,2024-03-01,0,False,False
"Etakridina larutan 0,1%",Tidak Diketahui,2024-04-01,0,False,False
"Etakridina larutan 0,1%",Tidak Diketahui,2024-05-01,0,False,False
"Etakridina larutan 0,1%",Tidak Diketahui,2024-06-01,0,False,False
"Etakridina larutan 0,1%",Tidak Diketahui,2024-07-01,0,False,False
"Etakridina larutan 0,1%",Tidak Diketahui,2024-08-01,0,False,False
"Etakridina larutan 0,1%",Tidak Diketahui,2024-09-01,0,False,False
"Etakridina larutan 0,1%",Tidak Diketahui,2024-10-01,0,False,False
"Etakridina larutan 0,1%",Tidak Diketahui,2024-11-01,0,False,False
"Etakridina larutan 0,1%",Tidak Diketahui,2024-12-01,0,False,False
"Etakridina larutan 0,1%",Tidak Diketahui,2025-01-01,0,True,False
"Etakridina larutan 0,1%",Tidak Diketahui,2025-02-01,0,True,False
"Etakridina larutan 0,1%",Tidak Diketahui,2025-03-01,0,True,False
"Etakridina larutan 0,1%",Tidak Diketahui,2025-04-01,0,False,True
"Etakridina larutan 0,1%",Tidak Diketahui,2025-05-01,0,True,False
"Etakridina larutan 0,1%",Tidak Diketahui,2025-06-01,0,True,False
"Etakridina larutan 0,1%",Tidak Diketahui,2025-07-01,0,True,False
"Etakridina larutan 0,1%",Tidak Diketahui,2025-08-01,0,True,False
"Etakridina larutan 0,1%",Tidak Diketahui,2025-09-01,0,True,False
"Etakridina larutan 0,1%",Tidak Diketahui,2025-10-01,0,True,False
"Etakridina larutan 0,1%",Tidak Diketahui,2025-11-01,0,True,False
"Etakridina larutan 0,1%",Tidak Diketahui,2025-12-01,0,True,False
"Etakridina larutan 0,1%",Tidak Diketahui,2026-01-01,0,False,False
"Etakridina larutan 0,1%",Tidak Diketahui,2026-02-01,0,False,False
Ethyl Cloride,Botol,2024-01-01,0,True,False
Ethyl Cloride,Botol,2024-02-01,0,True,False
Ethyl Cloride,Botol,2024-03-01,0,False,False
Ethyl Cloride,Botol,2024-04-01,0,False,False
Ethyl Cloride,Botol,2024-05-01,0,False,False
Ethyl Cloride,Botol,2024-06-01,0,False,False
Ethyl Cloride,Botol,2024-07-01,0,False,False
Ethyl Cloride,Botol,2024-08-01,0,False,False
Ethyl Cloride,Botol,2024-09-01,0,False,False
Ethyl Cloride,Botol,2024-10-01,0,False,False
Ethyl Cloride,Botol,2024-11-01,0,False,False
Ethyl Cloride,Botol,2024-12-01,0,False,False
Ethyl Cloride,Botol,2025-01-01,0,False,False
Ethyl Cloride,Botol,2025-02-01,0,False,False
Ethyl Cloride,Botol,2025-03-01,0,False,False
Ethyl Cloride,Botol,2025-04-01,0,False,True
Ethyl Cloride,Botol,2025-05-01,0,False,False
Ethyl Cloride,Botol,2025-06-01,0,False,False
Ethyl Cloride,Botol,2025-07-01,0,False,False
Ethyl Cloride,Botol,2025-08-01,0,False,False
Ethyl Cloride,Botol,2025-09-01,0,False,False
Ethyl Cloride,Botol,2025-10-01,0,False,False
Ethyl Cloride,Botol,2025-11-01,0,False,False
Ethyl Cloride,Botol,2025-12-01,0,False,False
Ethyl Cloride,Botol,2026-01-01,0,False,False
Ethyl Cloride,Botol,2026-02-01,0,False,False
Ethyl Cloride / endo-fost spray,Botol,2024-01-01,0,True,False
Ethyl Cloride / endo-fost spray,Botol,2024-02-01,0,True,False
Ethyl Cloride / endo-fost spray,Botol,2024-03-01,0,False,False
Ethyl Cloride / endo-fost spray,Botol,2024-04-01,0,False,False
Ethyl Cloride / endo-fost spray,Botol,2024-05-01,0,False,False
Ethyl Cloride / endo-fost spray,Botol,2024-06-01,0,False,False
Ethyl Cloride / endo-fost spray,Botol,2024-07-01,0,False,False
Ethyl Cloride / endo-fost spray,Botol,2024-08-01,0,False,False
Ethyl Cloride / endo-fost spray,Botol,2024-09-01,0,False,False
Ethyl Cloride / endo-fost spray,Botol,2024-10-01,0,False,False
Ethyl Cloride / endo-fost spray,Botol,2024-11-01,0,False,False
Ethyl Cloride / endo-fost spray,Botol,2024-12-01,0,False,False
Ethyl Cloride / endo-fost spray,Botol,2025-01-01,0,False,False
Ethyl Cloride / endo-fost spray,Botol,2025-02-01,0,False,False
Ethyl Cloride / endo-fost spray,Botol,2025-03-01,0,False,False
Ethyl Cloride / endo-fost spray,Botol,2025-04-01,0,False,True
Ethyl Cloride / endo-fost spray,Botol,2025-05-01,0,False,False
Ethyl Cloride / endo-fost spray,Botol,2025-06-01,0,False,False
Ethyl Cloride / endo-fost spray,Botol,2025-07-01,0,False,False
Ethyl Cloride / endo-fost spray,Botol,2025-08-01,0,False,False
Ethyl Cloride / endo-fost spray,Botol,2025-09-01,0,False,False
Ethyl Cloride / endo-fost spray,Botol,2025-10-01,0,False,False
Ethyl Cloride / endo-fost spray,Botol,2025-11-01,0,False,False
Ethyl Cloride / endo-fost spray,Botol,2025-12-01,0,False,False
Ethyl Cloride / endo-fost spray,Botol,2026-01-01,0,False,False
Ethyl Cloride / endo-fost spray,Botol,2026-02-01,0,False,False
Etil Klorida semprot,Botol,2024-01-01,0,False,False
Etil Klorida semprot,Botol,2024-02-01,0,False,False
Etil Klorida semprot,Botol,2024-03-01,0,False,False
Etil Klorida semprot,Botol,2024-04-01,0,False,False
Etil Klorida semprot,Botol,2024-05-01,0,False,False
Etil Klorida semprot,Botol,2024-06-01,0,False,False
Etil Klorida semprot,Botol,2024-07-01,0,False,False
Etil Klorida semprot,Botol,2024-08-01,0,False,False
Etil Klorida semprot,Botol,2024-09-01,0,False,False
Etil Klorida semprot,Botol,2024-10-01,0,False,False
Etil Klorida semprot,Botol,2024-11-01,0,False,False
Etil Klorida semprot,Botol,2024-12-01,0,False,False
Etil Klorida semprot,Botol,2025-01-01,0,True,False
Etil Klorida semprot,Botol,2025-02-01,0,True,False
Etil Klorida semprot,Botol,2025-03-01,1,True,False
Etil Klorida semprot,Botol,2025-04-01,0,False,True
Etil Klorida semprot,Botol,2025-05-01,0,True,False
Etil Klorida semprot,Botol,2025-06-01,2,True,False
Etil Klorida semprot,Botol,2025-07-01,1,True,False
Etil Klorida semprot,Botol,2025-08-01,0,True,False
Etil Klorida semprot,Botol,2025-09-01,3,True,False
Etil Klorida semprot,Botol,2025-10-01,4,True,False
Etil Klorida semprot,Botol,2025-11-01,2,True,False
Etil Klorida semprot,Botol,2025-12-01,0,True,False
Etil Klorida semprot,Botol,2026-01-01,1,True,False
Etil Klorida semprot,Botol,2026-02-01,0,True,False
Etil Klorida semprot,Botol 100 Ml,2024-01-01,0,True,False
Etil Klorida semprot,Botol 100 Ml,2024-02-01,0,True,False
Etil Klorida semprot,Botol 100 Ml,2024-03-01,2,True,False
Etil Klorida semprot,Botol 100 Ml,2024-04-01,1,True,False
Etil Klorida semprot,Botol 100 Ml,2024-05-01,1,True,False
Etil Klorida semprot,Botol 100 Ml,2024-06-01,0,True,False
Etil Klorida semprot,Botol 100 Ml,2024-07-01,1,True,False
Etil Klorida semprot,Botol 100 Ml,2024-08-01,2,True,False
Etil Klorida semprot,Botol 100 Ml,2024-09-01,3,True,False
Etil Klorida semprot,Botol 100 Ml,2024-10-01,0,True,False
Etil Klorida semprot,Botol 100 Ml,2024-11-01,0,True,False
Etil Klorida semprot,Botol 100 Ml,2024-12-01,0,True,False
Etil Klorida semprot,Botol 100 Ml,2025-01-01,0,False,False
Etil Klorida semprot,Botol 100 Ml,2025-02-01,0,False,False
Etil Klorida semprot,Botol 100 Ml,2025-03-01,0,False,False
Etil Klorida semprot,Botol 100 Ml,2025-04-01,0,False,True
Etil Klorida semprot,Botol 100 Ml,2025-05-01,0,False,False
Etil Klorida semprot,Botol 100 Ml,2025-06-01,0,False,False
Etil Klorida semprot,Botol 100 Ml,2025-07-01,0,False,False
Etil Klorida semprot,Botol 100 Ml,2025-08-01,0,False,False
Etil Klorida semprot,Botol 100 Ml,2025-09-01,0,False,False
Etil Klorida semprot,Botol 100 Ml,2025-10-01,0,False,False
Etil Klorida semprot,Botol 100 Ml,2025-11-01,0,False,False
Etil Klorida semprot,Botol 100 Ml,2025-12-01,0,False,False
Etil Klorida semprot,Botol 100 Ml,2026-01-01,0,False,False
Etil Klorida semprot,Botol 100 Ml,2026-02-01,0,False,False
Eugenol,Botol 10 Ml,2024-01-01,0,True,False
Eugenol,Botol 10 Ml,2024-02-01,2,True,False
Eugenol,Botol 10 Ml,2024-03-01,0,True,False
Eugenol,Botol 10 Ml,2024-04-01,0,True,False
Eugenol,Botol 10 Ml,2024-05-01,0,True,False
Eugenol,Botol 10 Ml,2024-06-01,2,True,False
Eugenol,Botol 10 Ml,2024-07-01,0,True,False
Eugenol,Botol 10 Ml,2024-08-01,0,True,False
Eugenol,Botol 10 Ml,2024-09-01,0,True,False
Eugenol,Botol 10 Ml,2024-10-01,0,True,False
Eugenol,Botol 10 Ml,2024-11-01,0,True,False
Eugenol,Botol 10 Ml,2024-12-01,0,True,False
Eugenol,Botol 10 Ml,2025-01-01,0,False,False
Eugenol,Botol 10 Ml,2025-02-01,0,False,False
Eugenol,Botol 10 Ml,2025-03-01,0,False,False
Eugenol,Botol 10 Ml,2025-04-01,0,False,True
Eugenol,Botol 10 Ml,2025-05-01,0,False,False
Eugenol,Botol 10 Ml,2025-06-01,0,False,False
Eugenol,Botol 10 Ml,2025-07-01,0,False,False
Eugenol,Botol 10 Ml,2025-08-01,0,False,False
Eugenol,Botol 10 Ml,2025-09-01,0,False,False
Eugenol,Botol 10 Ml,2025-10-01,0,False,False
Eugenol,Botol 10 Ml,2025-11-01,0,False,False
Eugenol,Botol 10 Ml,2025-12-01,0,False,False
Eugenol,Botol 10 Ml,2026-01-01,0,False,False
Eugenol,Botol 10 Ml,2026-02-01,0,False,False
Eugenol cairan,Botol 10 Ml,2024-01-01,0,False,False
Eugenol cairan,Botol 10 Ml,2024-02-01,0,False,False
Eugenol cairan,Botol 10 Ml,2024-03-01,0,False,False
Eugenol cairan,Botol 10 Ml,2024-04-01,0,False,False
Eugenol cairan,Botol 10 Ml,2024-05-01,0,False,False
Eugenol cairan,Botol 10 Ml,2024-06-01,0,False,False
Eugenol cairan,Botol 10 Ml,2024-07-01,0,False,False
Eugenol cairan,Botol 10 Ml,2024-08-01,0,False,False
Eugenol cairan,Botol 10 Ml,2024-09-01,0,False,False
Eugenol cairan,Botol 10 Ml,2024-10-01,0,False,False
Eugenol cairan,Botol 10 Ml,2024-11-01,0,False,False
Eugenol cairan,Botol 10 Ml,2024-12-01,0,False,False
Eugenol cairan,Botol 10 Ml,2025-01-01,0,True,False
Eugenol cairan,Botol 10 Ml,2025-02-01,0,True,False
Eugenol cairan,Botol 10 Ml,2025-03-01,0,True,False
Eugenol cairan,Botol 10 Ml,2025-04-01,0,False,True
Eugenol cairan,Botol 10 Ml,2025-05-01,0,True,False
Eugenol cairan,Botol 10 Ml,2025-06-01,0,True,False
Eugenol cairan,Botol 10 Ml,2025-07-01,5,True,False
Eugenol cairan,Botol 10 Ml,2025-08-01,3,True,False
Eugenol cairan,Botol 10 Ml,2025-09-01,0,True,False
Eugenol cairan,Botol 10 Ml,2025-10-01,0,True,False
Eugenol cairan,Botol 10 Ml,2025-11-01,0,True,False
Eugenol cairan,Botol 10 Ml,2025-12-01,0,True,False
Eugenol cairan,Botol 10 Ml,2026-01-01,3,True,False
Eugenol cairan,Botol 10 Ml,2026-02-01,0,True,False
Fastclear Q Chikungunya test,Kotak @25,2024-01-01,0,False,False
Fastclear Q Chikungunya test,Kotak @25,2024-02-01,0,False,False
Fastclear Q Chikungunya test,Kotak @25,2024-03-01,0,False,False
Fastclear Q Chikungunya test,Kotak @25,2024-04-01,0,False,False
Fastclear Q Chikungunya test,Kotak @25,2024-05-01,0,False,False
Fastclear Q Chikungunya test,Kotak @25,2024-06-01,0,False,False
Fastclear Q Chikungunya test,Kotak @25,2024-07-01,0,False,False
Fastclear Q Chikungunya test,Kotak @25,2024-08-01,0,False,False
Fastclear Q Chikungunya test,Kotak @25,2024-09-01,0,False,False
Fastclear Q Chikungunya test,Kotak @25,2024-10-01,0,False,False
Fastclear Q Chikungunya test,Kotak @25,2024-11-01,0,False,False
Fastclear Q Chikungunya test,Kotak @25,2024-12-01,0,False,False
Fastclear Q Chikungunya test,Kotak @25,2025-01-01,0,False,False
Fastclear Q Chikungunya test,Kotak @25,2025-02-01,0,False,False
Fastclear Q Chikungunya test,Kotak @25,2025-03-01,0,False,False
Fastclear Q Chikungunya test,Kotak @25,2025-04-01,0,False,True
Fastclear Q Chikungunya test,Kotak @25,2025-05-01,0,False,False
Fastclear Q Chikungunya test,Kotak @25,2025-06-01,0,False,False
Fastclear Q Chikungunya test,Kotak @25,2025-07-01,0,False,False
Fastclear Q Chikungunya test,Kotak @25,2025-08-01,0,False,False
Fastclear Q Chikungunya test,Kotak @25,2025-09-01,0,True,False
Fastclear Q Chikungunya test,Kotak @25,2025-10-01,0,True,False
Fastclear Q Chikungunya test,Kotak @25,2025-11-01,0,True,False
Fastclear Q Chikungunya test,Kotak @25,2025-12-01,0,True,False
Fastclear Q Chikungunya test,Kotak @25,2026-01-01,0,True,False
Fastclear Q Chikungunya test,Kotak @25,2026-02-01,1,True,False
Fastclear Q HIV 1/2 AB 3-Line (R2),Kit @25 Test,2024-01-01,0,False,False
Fastclear Q HIV 1/2 AB 3-Line (R2),Kit @25 Test,2024-02-01,0,False,False
Fastclear Q HIV 1/2 AB 3-Line (R2),Kit @25 Test,2024-03-01,0,False,False
Fastclear Q HIV 1/2 AB 3-Line (R2),Kit @25 Test,2024-04-01,0,False,False
Fastclear Q HIV 1/2 AB 3-Line (R2),Kit @25 Test,2024-05-01,0,False,False
Fastclear Q HIV 1/2 AB 3-Line (R2),Kit @25 Test,2024-06-01,0,False,False
Fastclear Q HIV 1/2 AB 3-Line (R2),Kit @25 Test,2024-07-01,0,False,False
Fastclear Q HIV 1/2 AB 3-Line (R2),Kit @25 Test,2024-08-01,0,False,False
Fastclear Q HIV 1/2 AB 3-Line (R2),Kit @25 Test,2024-09-01,0,False,False
Fastclear Q HIV 1/2 AB 3-Line (R2),Kit @25 Test,2024-10-01,0,False,False
Fastclear Q HIV 1/2 AB 3-Line (R2),Kit @25 Test,2024-11-01,0,False,False
Fastclear Q HIV 1/2 AB 3-Line (R2),Kit @25 Test,2024-12-01,0,False,False
Fastclear Q HIV 1/2 AB 3-Line (R2),Kit @25 Test,2025-01-01,0,False,False
Fastclear Q HIV 1/2 AB 3-Line (R2),Kit @25 Test,2025-02-01,0,False,False
Fastclear Q HIV 1/2 AB 3-Line (R2),Kit @25 Test,2025-03-01,0,False,False
Fastclear Q HIV 1/2 AB 3-Line (R2),Kit @25 Test,2025-04-01,0,False,True
Fastclear Q HIV 1/2 AB 3-Line (R2),Kit @25 Test,2025-05-01,0,False,False
Fastclear Q HIV 1/2 AB 3-Line (R2),Kit @25 Test,2025-06-01,0,False,False
Fastclear Q HIV 1/2 AB 3-Line (R2),Kit @25 Test,2025-07-01,0,False,False
Fastclear Q HIV 1/2 AB 3-Line (R2),Kit @25 Test,2025-08-01,0,False,False
Fastclear Q HIV 1/2 AB 3-Line (R2),Kit @25 Test,2025-09-01,0,False,False
Fastclear Q HIV 1/2 AB 3-Line (R2),Kit @25 Test,2025-10-01,0,False,False
Fastclear Q HIV 1/2 AB 3-Line (R2),Kit @25 Test,2025-11-01,0,True,False
Fastclear Q HIV 1/2 AB 3-Line (R2),Kit @25 Test,2025-12-01,0,True,False
Fastclear Q HIV 1/2 AB 3-Line (R2),Kit @25 Test,2026-01-01,0,True,False
Fastclear Q HIV 1/2 AB 3-Line (R2),Kit @25 Test,2026-02-01,1,True,False
Fenitoin,Tablet,2024-01-01,0,True,False
Fenitoin,Tablet,2024-02-01,0,True,False
Fenitoin,Tablet,2024-03-01,0,True,False
Fenitoin,Tablet,2024-04-01,0,True,False
Fenitoin,Tablet,2024-05-01,0,True,False
Fenitoin,Tablet,2024-06-01,0,True,False
Fenitoin,Tablet,2024-07-01,0,True,False
Fenitoin,Tablet,2024-08-01,100,True,False
Fenitoin,Tablet,2024-09-01,0,True,False
Fenitoin,Tablet,2024-10-01,0,True,False
Fenitoin,Tablet,2024-11-01,0,True,False
Fenitoin,Tablet,2024-12-01,0,True,False
Fenitoin,Tablet,2025-01-01,0,True,False
Fenitoin,Tablet,2025-02-01,0,True,False
Fenitoin,Tablet,2025-03-01,0,True,False
Fenitoin,Tablet,2025-04-01,0,False,True
Fenitoin,Tablet,2025-05-01,0,True,False
Fenitoin,Tablet,2025-06-01,0,True,False
Fenitoin,Tablet,2025-07-01,0,True,False
Fenitoin,Tablet,2025-08-01,0,True,False
Fenitoin,Tablet,2025-09-01,0,True,False
Fenitoin,Tablet,2025-10-01,0,True,False
Fenitoin,Tablet,2025-11-01,0,True,False
Fenitoin,Tablet,2025-12-01,0,True,False
Fenitoin,Tablet,2026-01-01,0,False,False
Fenitoin,Tablet,2026-02-01,0,False,False
Fenobarbital 30 mg,Tablet,2024-01-01,0,True,False
Fenobarbital 30 mg,Tablet,2024-02-01,0,True,False
Fenobarbital 30 mg,Tablet,2024-03-01,0,False,False
Fenobarbital 30 mg,Tablet,2024-04-01,0,False,False
Fenobarbital 30 mg,Tablet,2024-05-01,0,False,False
Fenobarbital 30 mg,Tablet,2024-06-01,0,False,False
Fenobarbital 30 mg,Tablet,2024-07-01,0,False,False
Fenobarbital 30 mg,Tablet,2024-08-01,0,False,False
Fenobarbital 30 mg,Tablet,2024-09-01,0,False,False
Fenobarbital 30 mg,Tablet,2024-10-01,0,False,False
Fenobarbital 30 mg,Tablet,2024-11-01,0,False,False
Fenobarbital 30 mg,Tablet,2024-12-01,0,False,False
Fenobarbital 30 mg,Tablet,2025-01-01,0,False,False
Fenobarbital 30 mg,Tablet,2025-02-01,0,False,False
Fenobarbital 30 mg,Tablet,2025-03-01,0,False,False
Fenobarbital 30 mg,Tablet,2025-04-01,0,False,True
Fenobarbital 30 mg,Tablet,2025-05-01,0,False,False
Fenobarbital 30 mg,Tablet,2025-06-01,0,False,False
Fenobarbital 30 mg,Tablet,2025-07-01,0,False,False
Fenobarbital 30 mg,Tablet,2025-08-01,0,False,False
Fenobarbital 30 mg,Tablet,2025-09-01,0,False,False
Fenobarbital 30 mg,Tablet,2025-10-01,0,False,False
Fenobarbital 30 mg,Tablet,2025-11-01,0,False,False
Fenobarbital 30 mg,Tablet,2025-12-01,0,False,False
Fenobarbital 30 mg,Tablet,2026-01-01,0,False,False
Fenobarbital 30 mg,Tablet,2026-02-01,0,False,False
Fenobarbital inj 50 mg/ml,Ampul,2024-01-01,0,False,False
Fenobarbital inj 50 mg/ml,Ampul,2024-02-01,0,False,False
Fenobarbital inj 50 mg/ml,Ampul,2024-03-01,0,False,False
Fenobarbital inj 50 mg/ml,Ampul,2024-04-01,0,False,False
Fenobarbital inj 50 mg/ml,Ampul,2024-05-01,0,False,False
Fenobarbital inj 50 mg/ml,Ampul,2024-06-01,0,False,False
Fenobarbital inj 50 mg/ml,Ampul,2024-07-01,0,False,False
Fenobarbital inj 50 mg/ml,Ampul,2024-08-01,0,False,False
Fenobarbital inj 50 mg/ml,Ampul,2024-09-01,0,False,False
Fenobarbital inj 50 mg/ml,Ampul,2024-10-01,0,False,False
Fenobarbital inj 50 mg/ml,Ampul,2024-11-01,0,False,False
Fenobarbital inj 50 mg/ml,Ampul,2024-12-01,0,False,False
Fenobarbital inj 50 mg/ml,Ampul,2025-01-01,0,True,False
Fenobarbital inj 50 mg/ml,Ampul,2025-02-01,0,True,False
Fenobarbital inj 50 mg/ml,Ampul,2025-03-01,0,True,False
Fenobarbital inj 50 mg/ml,Ampul,2025-04-01,0,False,True
Fenobarbital inj 50 mg/ml,Ampul,2025-05-01,0,True,False
Fenobarbital inj 50 mg/ml,Ampul,2025-06-01,0,True,False
Fenobarbital inj 50 mg/ml,Ampul,2025-07-01,0,True,False
Fenobarbital inj 50 mg/ml,Ampul,2025-08-01,0,True,False
Fenobarbital inj 50 mg/ml,Ampul,2025-09-01,0,True,False
Fenobarbital inj 50 mg/ml,Ampul,2025-10-01,0,True,False
Fenobarbital inj 50 mg/ml,Ampul,2025-11-01,0,True,False
Fenobarbital inj 50 mg/ml,Ampul,2025-12-01,0,True,False
Fenobarbital inj 50 mg/ml,Ampul,2026-01-01,0,False,False
Fenobarbital inj 50 mg/ml,Ampul,2026-02-01,0,False,False
Fenol gliserol 10% tetes telinga,Botol,2024-01-01,6,True,False
Fenol gliserol 10% tetes telinga,Botol,2024-02-01,18,True,False
Fenol gliserol 10% tetes telinga,Botol,2024-03-01,12,True,False
Fenol gliserol 10% tetes telinga,Botol,2024-04-01,8,True,False
Fenol gliserol 10% tetes telinga,Botol,2024-05-01,76,True,False
Fenol gliserol 10% tetes telinga,Botol,2024-06-01,0,True,False
Fenol gliserol 10% tetes telinga,Botol,2024-07-01,1,True,False
Fenol gliserol 10% tetes telinga,Botol,2024-08-01,23,True,False
Fenol gliserol 10% tetes telinga,Botol,2024-09-01,22,True,False
Fenol gliserol 10% tetes telinga,Botol,2024-10-01,0,True,False
Fenol gliserol 10% tetes telinga,Botol,2024-11-01,68,True,False
Fenol gliserol 10% tetes telinga,Botol,2024-12-01,2,True,False
Fenol gliserol 10% tetes telinga,Botol,2025-01-01,12,True,False
Fenol gliserol 10% tetes telinga,Botol,2025-02-01,33,True,False
Fenol gliserol 10% tetes telinga,Botol,2025-03-01,40,True,False
Fenol gliserol 10% tetes telinga,Botol,2025-04-01,24,False,True
Fenol gliserol 10% tetes telinga,Botol,2025-05-01,7,True,False
Fenol gliserol 10% tetes telinga,Botol,2025-06-01,10,True,False
Fenol gliserol 10% tetes telinga,Botol,2025-07-01,11,True,False
Fenol gliserol 10% tetes telinga,Botol,2025-08-01,17,True,False
Fenol gliserol 10% tetes telinga,Botol,2025-09-01,18,True,False
Fenol gliserol 10% tetes telinga,Botol,2025-10-01,19,True,False
Fenol gliserol 10% tetes telinga,Botol,2025-11-01,15,True,False
Fenol gliserol 10% tetes telinga,Botol,2025-12-01,48,True,False
Fenol gliserol 10% tetes telinga,Botol,2026-01-01,12,True,False
Fenol gliserol 10% tetes telinga,Botol,2026-02-01,11,True,False
Ferryz syr,Botol,2024-01-01,0,True,False
Ferryz syr,Botol,2024-02-01,0,True,False
Ferryz syr,Botol,2024-03-01,0,True,False
Ferryz syr,Botol,2024-04-01,0,True,False
Ferryz syr,Botol,2024-05-01,0,True,False
Ferryz syr,Botol,2024-06-01,0,True,False
Ferryz syr,Botol,2024-07-01,0,True,False
Ferryz syr,Botol,2024-08-01,0,True,False
Ferryz syr,Botol,2024-09-01,0,True,False
Ferryz syr,Botol,2024-10-01,0,True,False
Ferryz syr,Botol,2024-11-01,0,True,False
Ferryz syr,Botol,2024-12-01,0,True,False
Ferryz syr,Botol,2025-01-01,0,False,False
Ferryz syr,Botol,2025-02-01,0,False,False
Ferryz syr,Botol,2025-03-01,0,False,False
Ferryz syr,Botol,2025-04-01,0,False,True
Ferryz syr,Botol,2025-05-01,0,False,False
Ferryz syr,Botol,2025-06-01,0,False,False
Ferryz syr,Botol,2025-07-01,0,False,False
Ferryz syr,Botol,2025-08-01,0,False,False
Ferryz syr,Botol,2025-09-01,0,False,False
Ferryz syr,Botol,2025-10-01,0,False,False
Ferryz syr,Botol,2025-11-01,0,False,False
Ferryz syr,Botol,2025-12-01,0,False,False
Ferryz syr,Botol,2026-01-01,0,False,False
Ferryz syr,Botol,2026-02-01,0,False,False
Fitomenadion 10 mg,Tablet,2024-01-01,0,True,False
Fitomenadion 10 mg,Tablet,2024-02-01,0,True,False
Fitomenadion 10 mg,Tablet,2024-03-01,0,True,False
Fitomenadion 10 mg,Tablet,2024-04-01,0,True,False
Fitomenadion 10 mg,Tablet,2024-05-01,0,True,False
Fitomenadion 10 mg,Tablet,2024-06-01,0,True,False
Fitomenadion 10 mg,Tablet,2024-07-01,0,True,False
Fitomenadion 10 mg,Tablet,2024-08-01,0,True,False
Fitomenadion 10 mg,Tablet,2024-09-01,500,True,False
Fitomenadion 10 mg,Tablet,2024-10-01,0,True,False
Fitomenadion 10 mg,Tablet,2024-11-01,0,True,False
Fitomenadion 10 mg,Tablet,2024-12-01,0,True,False
Fitomenadion 10 mg,Tablet,2025-01-01,0,True,False
Fitomenadion 10 mg,Tablet,2025-02-01,0,True,False
Fitomenadion 10 mg,Tablet,2025-03-01,20,True,False
Fitomenadion 10 mg,Tablet,2025-04-01,565,False,True
Fitomenadion 10 mg,Tablet,2025-05-01,1110,True,False
Fitomenadion 10 mg,Tablet,2025-06-01,30,True,False
Fitomenadion 10 mg,Tablet,2025-07-01,115,True,False
Fitomenadion 10 mg,Tablet,2025-08-01,835,True,False
Fitomenadion 10 mg,Tablet,2025-09-01,130,True,False
Fitomenadion 10 mg,Tablet,2025-10-01,170,True,False
Fitomenadion 10 mg,Tablet,2025-11-01,110,True,False
Fitomenadion 10 mg,Tablet,2025-12-01,0,True,False
Fitomenadion 10 mg,Tablet,2026-01-01,0,False,False
Fitomenadion 10 mg,Tablet,2026-02-01,0,False,False
Fitomenadion 2 mg/inj.,Ampul,2024-01-01,0,False,False
Fitomenadion 2 mg/inj.,Ampul,2024-02-01,0,False,False
Fitomenadion 2 mg/inj.,Ampul,2024-03-01,0,False,False
Fitomenadion 2 mg/inj.,Ampul,2024-04-01,0,False,False
Fitomenadion 2 mg/inj.,Ampul,2024-05-01,0,False,False
Fitomenadion 2 mg/inj.,Ampul,2024-06-01,0,False,False
Fitomenadion 2 mg/inj.,Ampul,2024-07-01,0,False,False
Fitomenadion 2 mg/inj.,Ampul,2024-08-01,0,False,False
Fitomenadion 2 mg/inj.,Ampul,2024-09-01,0,False,False
Fitomenadion 2 mg/inj.,Ampul,2024-10-01,0,True,False
Fitomenadion 2 mg/inj.,Ampul,2024-11-01,0,True,False
Fitomenadion 2 mg/inj.,Ampul,2024-12-01,0,True,False
Fitomenadion 2 mg/inj.,Ampul,2025-01-01,0,True,False
Fitomenadion 2 mg/inj.,Ampul,2025-02-01,0,True,False
Fitomenadion 2 mg/inj.,Ampul,2025-03-01,0,True,False
Fitomenadion 2 mg/inj.,Ampul,2025-04-01,0,False,True
Fitomenadion 2 mg/inj.,Ampul,2025-05-01,0,True,False
Fitomenadion 2 mg/inj.,Ampul,2025-06-01,0,True,False
Fitomenadion 2 mg/inj.,Ampul,2025-07-01,0,True,False
Fitomenadion 2 mg/inj.,Ampul,2025-08-01,20,True,False
Fitomenadion 2 mg/inj.,Ampul,2025-09-01,0,True,False
Fitomenadion 2 mg/inj.,Ampul,2025-10-01,0,True,False
Fitomenadion 2 mg/inj.,Ampul,2025-11-01,0,True,False
Fitomenadion 2 mg/inj.,Ampul,2025-12-01,0,True,False
Fitomenadion 2 mg/inj.,Ampul,2026-01-01,0,False,False
Fitomenadion 2 mg/inj.,Ampul,2026-02-01,0,False,False
Fitomenadion inj (Vit. K),Ampul,2024-01-01,0,False,False
Fitomenadion inj (Vit. K),Ampul,2024-02-01,0,False,False
Fitomenadion inj (Vit. K),Ampul,2024-03-01,0,False,False
Fitomenadion inj (Vit. K),Ampul,2024-04-01,0,False,False
Fitomenadion inj (Vit. K),Ampul,2024-05-01,0,False,False
Fitomenadion inj (Vit. K),Ampul,2024-06-01,0,False,False
Fitomenadion inj (Vit. K),Ampul,2024-07-01,0,False,False
Fitomenadion inj (Vit. K),Ampul,2024-08-01,0,False,False
Fitomenadion inj (Vit. K),Ampul,2024-09-01,0,False,False
Fitomenadion inj (Vit. K),Ampul,2024-10-01,0,False,False
Fitomenadion inj (Vit. K),Ampul,2024-11-01,0,False,False
Fitomenadion inj (Vit. K),Ampul,2024-12-01,0,False,False
Fitomenadion inj (Vit. K),Ampul,2025-01-01,0,True,False
Fitomenadion inj (Vit. K),Ampul,2025-02-01,0,True,False
Fitomenadion inj (Vit. K),Ampul,2025-03-01,0,True,False
Fitomenadion inj (Vit. K),Ampul,2025-04-01,0,False,True
Fitomenadion inj (Vit. K),Ampul,2025-05-01,0,True,False
Fitomenadion inj (Vit. K),Ampul,2025-06-01,28,True,False
Fitomenadion inj (Vit. K),Ampul,2025-07-01,0,True,False
Fitomenadion inj (Vit. K),Ampul,2025-08-01,0,True,False
Fitomenadion inj (Vit. K),Ampul,2025-09-01,0,True,False
Fitomenadion inj (Vit. K),Ampul,2025-10-01,0,True,False
Fitomenadion inj (Vit. K),Ampul,2025-11-01,0,True,False
Fitomenadion inj (Vit. K),Ampul,2025-12-01,0,True,False
Fitomenadion inj (Vit. K),Ampul,2026-01-01,0,False,False
Fitomenadion inj (Vit. K),Ampul,2026-02-01,0,False,False
Fitomenadion inj 10 mg/ml,Ampul,2024-01-01,0,True,False
Fitomenadion inj 10 mg/ml,Ampul,2024-02-01,0,True,False
Fitomenadion inj 10 mg/ml,Ampul,2024-03-01,0,True,False
Fitomenadion inj 10 mg/ml,Ampul,2024-04-01,0,True,False
Fitomenadion inj 10 mg/ml,Ampul,2024-05-01,0,True,False
Fitomenadion inj 10 mg/ml,Ampul,2024-06-01,0,True,False
Fitomenadion inj 10 mg/ml,Ampul,2024-07-01,0,True,False
Fitomenadion inj 10 mg/ml,Ampul,2024-08-01,0,True,False
Fitomenadion inj 10 mg/ml,Ampul,2024-09-01,0,True,False
Fitomenadion inj 10 mg/ml,Ampul,2024-10-01,0,True,False
Fitomenadion inj 10 mg/ml,Ampul,2024-11-01,0,True,False
Fitomenadion inj 10 mg/ml,Ampul,2024-12-01,0,True,False
Fitomenadion inj 10 mg/ml,Ampul,2025-01-01,0,False,False
Fitomenadion inj 10 mg/ml,Ampul,2025-02-01,0,False,False
Fitomenadion inj 10 mg/ml,Ampul,2025-03-01,0,False,False
Fitomenadion inj 10 mg/ml,Ampul,2025-04-01,0,False,True
Fitomenadion inj 10 mg/ml,Ampul,2025-05-01,0,False,False
Fitomenadion inj 10 mg/ml,Ampul,2025-06-01,0,False,False
Fitomenadion inj 10 mg/ml,Ampul,2025-07-01,0,False,False
Fitomenadion inj 10 mg/ml,Ampul,2025-08-01,0,False,False
Fitomenadion inj 10 mg/ml,Ampul,2025-09-01,0,False,False
Fitomenadion inj 10 mg/ml,Ampul,2025-10-01,0,False,False
Fitomenadion inj 10 mg/ml,Ampul,2025-11-01,0,False,False
Fitomenadion inj 10 mg/ml,Ampul,2025-12-01,0,False,False
Fitomenadion inj 10 mg/ml,Ampul,2026-01-01,0,False,False
Fitomenadion inj 10 mg/ml,Ampul,2026-02-01,0,False,False
Flour Varnish,Botol,2024-01-01,0,False,False
Flour Varnish,Botol,2024-02-01,0,False,False
Flour Varnish,Botol,2024-03-01,0,False,False
Flour Varnish,Botol,2024-04-01,0,False,False
Flour Varnish,Botol,2024-05-01,0,False,False
Flour Varnish,Botol,2024-06-01,0,False,False
Flour Varnish,Botol,2024-07-01,0,False,False
Flour Varnish,Botol,2024-08-01,0,False,False
Flour Varnish,Botol,2024-09-01,0,False,False
Flour Varnish,Botol,2024-10-01,0,False,False
Flour Varnish,Botol,2024-11-01,0,False,False
Flour Varnish,Botol,2024-12-01,0,False,False
Flour Varnish,Botol,2025-01-01,0,False,False
Flour Varnish,Botol,2025-02-01,0,False,False
Flour Varnish,Botol,2025-03-01,0,False,False
Flour Varnish,Botol,2025-04-01,0,False,True
Flour Varnish,Botol,2025-05-01,0,False,False
Flour Varnish,Botol,2025-06-01,0,False,False
Flour Varnish,Botol,2025-07-01,0,False,False
Flour Varnish,Botol,2025-08-01,0,False,False
Flour Varnish,Botol,2025-09-01,0,False,False
Flour Varnish,Botol,2025-10-01,0,False,False
Flour Varnish,Botol,2025-11-01,0,False,False
Flour Varnish,Botol,2025-12-01,0,False,False
Flour Varnish,Botol,2026-01-01,0,False,False
Flour Varnish,Botol,2026-02-01,0,True,False
Flukonazole tab. 50 mg,Tidak Diketahui,2024-01-01,0,False,False
Flukonazole tab. 50 mg,Tidak Diketahui,2024-02-01,0,False,False
Flukonazole tab. 50 mg,Tidak Diketahui,2024-03-01,0,False,False
Flukonazole tab. 50 mg,Tidak Diketahui,2024-04-01,0,False,False
Flukonazole tab. 50 mg,Tidak Diketahui,2024-05-01,0,False,False
Flukonazole tab. 50 mg,Tidak Diketahui,2024-06-01,0,False,False
Flukonazole tab. 50 mg,Tidak Diketahui,2024-07-01,0,False,False
Flukonazole tab. 50 mg,Tidak Diketahui,2024-08-01,0,False,False
Flukonazole tab. 50 mg,Tidak Diketahui,2024-09-01,0,False,False
Flukonazole tab. 50 mg,Tidak Diketahui,2024-10-01,0,False,False
Flukonazole tab. 50 mg,Tidak Diketahui,2024-11-01,0,False,False
Flukonazole tab. 50 mg,Tidak Diketahui,2024-12-01,0,False,False
Flukonazole tab. 50 mg,Tidak Diketahui,2025-01-01,0,True,False
Flukonazole tab. 50 mg,Tidak Diketahui,2025-02-01,0,True,False
Flukonazole tab. 50 mg,Tidak Diketahui,2025-03-01,0,True,False
Flukonazole tab. 50 mg,Tidak Diketahui,2025-04-01,0,False,True
Flukonazole tab. 50 mg,Tidak Diketahui,2025-05-01,0,True,False
Flukonazole tab. 50 mg,Tidak Diketahui,2025-06-01,0,True,False
Flukonazole tab. 50 mg,Tidak Diketahui,2025-07-01,0,True,False
Flukonazole tab. 50 mg,Tidak Diketahui,2025-08-01,0,True,False
Flukonazole tab. 50 mg,Tidak Diketahui,2025-09-01,0,True,False
Flukonazole tab. 50 mg,Tidak Diketahui,2025-10-01,0,True,False
Flukonazole tab. 50 mg,Tidak Diketahui,2025-11-01,0,True,False
Flukonazole tab. 50 mg,Tidak Diketahui,2025-12-01,0,True,False
Flukonazole tab. 50 mg,Tidak Diketahui,2026-01-01,0,False,False
Flukonazole tab. 50 mg,Tidak Diketahui,2026-02-01,0,False,False
Forinokresol,Botol 10 Ml,2024-01-01,0,True,False
Forinokresol,Botol 10 Ml,2024-02-01,0,True,False
Forinokresol,Botol 10 Ml,2024-03-01,0,True,False
Forinokresol,Botol 10 Ml,2024-04-01,0,True,False
Forinokresol,Botol 10 Ml,2024-05-01,0,True,False
Forinokresol,Botol 10 Ml,2024-06-01,0,True,False
Forinokresol,Botol 10 Ml,2024-07-01,0,True,False
Forinokresol,Botol 10 Ml,2024-08-01,0,True,False
Forinokresol,Botol 10 Ml,2024-09-01,0,True,False
Forinokresol,Botol 10 Ml,2024-10-01,0,True,False
Forinokresol,Botol 10 Ml,2024-11-01,0,True,False
Forinokresol,Botol 10 Ml,2024-12-01,0,True,False
Forinokresol,Botol 10 Ml,2025-01-01,0,False,False
Forinokresol,Botol 10 Ml,2025-02-01,0,False,False
Forinokresol,Botol 10 Ml,2025-03-01,0,False,False
Forinokresol,Botol 10 Ml,2025-04-01,0,False,True
Forinokresol,Botol 10 Ml,2025-05-01,0,False,False
Forinokresol,Botol 10 Ml,2025-06-01,0,False,False
Forinokresol,Botol 10 Ml,2025-07-01,0,False,False
Forinokresol,Botol 10 Ml,2025-08-01,0,False,False
Forinokresol,Botol 10 Ml,2025-09-01,0,False,False
Forinokresol,Botol 10 Ml,2025-10-01,0,False,False
Forinokresol,Botol 10 Ml,2025-11-01,0,False,False
Forinokresol,Botol 10 Ml,2025-12-01,0,False,False
Forinokresol,Botol 10 Ml,2026-01-01,0,False,False
Forinokresol,Botol 10 Ml,2026-02-01,0,False,False
Forinokresol / Formocresol,Botol 10 Ml,2024-01-01,0,False,False
Forinokresol / Formocresol,Botol 10 Ml,2024-02-01,0,False,False
Forinokresol / Formocresol,Botol 10 Ml,2024-03-01,0,False,False
Forinokresol / Formocresol,Botol 10 Ml,2024-04-01,0,False,False
Forinokresol / Formocresol,Botol 10 Ml,2024-05-01,0,False,False
Forinokresol / Formocresol,Botol 10 Ml,2024-06-01,0,False,False
Forinokresol / Formocresol,Botol 10 Ml,2024-07-01,0,False,False
Forinokresol / Formocresol,Botol 10 Ml,2024-08-01,0,False,False
Forinokresol / Formocresol,Botol 10 Ml,2024-09-01,0,False,False
Forinokresol / Formocresol,Botol 10 Ml,2024-10-01,0,False,False
Forinokresol / Formocresol,Botol 10 Ml,2024-11-01,0,False,False
Forinokresol / Formocresol,Botol 10 Ml,2024-12-01,0,False,False
Forinokresol / Formocresol,Botol 10 Ml,2025-01-01,0,True,False
Forinokresol / Formocresol,Botol 10 Ml,2025-02-01,0,True,False
Forinokresol / Formocresol,Botol 10 Ml,2025-03-01,0,True,False
Forinokresol / Formocresol,Botol 10 Ml,2025-04-01,0,False,True
Forinokresol / Formocresol,Botol 10 Ml,2025-05-01,0,True,False
Forinokresol / Formocresol,Botol 10 Ml,2025-06-01,0,True,False
Forinokresol / Formocresol,Botol 10 Ml,2025-07-01,0,True,False
Forinokresol / Formocresol,Botol 10 Ml,2025-08-01,0,True,False
Forinokresol / Formocresol,Botol 10 Ml,2025-09-01,0,True,False
Forinokresol / Formocresol,Botol 10 Ml,2025-10-01,0,True,False
Forinokresol / Formocresol,Botol 10 Ml,2025-11-01,0,True,False
Forinokresol / Formocresol,Botol 10 Ml,2025-12-01,0,True,False
Forinokresol / Formocresol,Botol 10 Ml,2026-01-01,0,False,False
Forinokresol / Formocresol,Botol 10 Ml,2026-02-01,0,False,False
Framissetin sulfat tulle 1%,Pcs,2024-01-01,0,True,False
Framissetin sulfat tulle 1%,Pcs,2024-02-01,16,True,False
Framissetin sulfat tulle 1%,Pcs,2024-03-01,0,True,False
Framissetin sulfat tulle 1%,Pcs,2024-04-01,0,True,False
Framissetin sulfat tulle 1%,Pcs,2024-05-01,10,True,False
Framissetin sulfat tulle 1%,Pcs,2024-06-01,0,True,False
Framissetin sulfat tulle 1%,Pcs,2024-07-01,0,True,False
Framissetin sulfat tulle 1%,Pcs,2024-08-01,10,True,False
Framissetin sulfat tulle 1%,Pcs,2024-09-01,90,True,False
Framissetin sulfat tulle 1%,Pcs,2024-10-01,20,True,False
Framissetin sulfat tulle 1%,Pcs,2024-11-01,10,True,False
Framissetin sulfat tulle 1%,Pcs,2024-12-01,0,True,False
Framissetin sulfat tulle 1%,Pcs,2025-01-01,0,True,False
Framissetin sulfat tulle 1%,Pcs,2025-02-01,40,True,False
Framissetin sulfat tulle 1%,Pcs,2025-03-01,0,True,False
Framissetin sulfat tulle 1%,Pcs,2025-04-01,0,False,True
Framissetin sulfat tulle 1%,Pcs,2025-05-01,0,True,False
Framissetin sulfat tulle 1%,Pcs,2025-06-01,0,True,False
Framissetin sulfat tulle 1%,Pcs,2025-07-01,0,True,False
Framissetin sulfat tulle 1%,Pcs,2025-08-01,0,True,False
Framissetin sulfat tulle 1%,Pcs,2025-09-01,10,True,False
Framissetin sulfat tulle 1%,Pcs,2025-10-01,1,True,False
Framissetin sulfat tulle 1%,Pcs,2025-11-01,52,True,False
Framissetin sulfat tulle 1%,Pcs,2025-12-01,17,True,False
Framissetin sulfat tulle 1%,Pcs,2026-01-01,0,True,False
Framissetin sulfat tulle 1%,Pcs,2026-02-01,50,True,False
Furosemid 40 mg,Tablet,2024-01-01,0,True,False
Furosemid 40 mg,Tablet,2024-02-01,110,True,False
Furosemid 40 mg,Tablet,2024-03-01,0,True,False
Furosemid 40 mg,Tablet,2024-04-01,160,True,False
Furosemid 40 mg,Tablet,2024-05-01,140,True,False
Furosemid 40 mg,Tablet,2024-06-01,240,True,False
Furosemid 40 mg,Tablet,2024-07-01,130,True,False
Furosemid 40 mg,Tablet,2024-08-01,130,True,False
Furosemid 40 mg,Tablet,2024-09-01,140,True,False
Furosemid 40 mg,Tablet,2024-10-01,190,True,False
Furosemid 40 mg,Tablet,2024-11-01,350,True,False
Furosemid 40 mg,Tablet,2024-12-01,10,True,False
Furosemid 40 mg,Tablet,2025-01-01,210,True,False
Furosemid 40 mg,Tablet,2025-02-01,170,True,False
Furosemid 40 mg,Tablet,2025-03-01,170,True,False
Furosemid 40 mg,Tablet,2025-04-01,140,False,True
Furosemid 40 mg,Tablet,2025-05-01,110,True,False
Furosemid 40 mg,Tablet,2025-06-01,620,True,False
Furosemid 40 mg,Tablet,2025-07-01,200,True,False
Furosemid 40 mg,Tablet,2025-08-01,275,True,False
Furosemid 40 mg,Tablet,2025-09-01,160,True,False
Furosemid 40 mg,Tablet,2025-10-01,60,True,False
Furosemid 40 mg,Tablet,2025-11-01,80,True,False
Furosemid 40 mg,Tablet,2025-12-01,100,True,False
Furosemid 40 mg,Tablet,2026-01-01,100,True,False
Furosemid 40 mg,Tablet,2026-02-01,25,True,False
Furosemid inj. 10 mg/ml,Botol,2024-01-01,0,False,False
Furosemid inj. 10 mg/ml,Botol,2024-02-01,0,False,False
Furosemid inj. 10 mg/ml,Botol,2024-03-01,0,False,False
Furosemid inj. 10 mg/ml,Botol,2024-04-01,0,False,False
Furosemid inj. 10 mg/ml,Botol,2024-05-01,0,False,False
Furosemid inj. 10 mg/ml,Botol,2024-06-01,0,False,False
Furosemid inj. 10 mg/ml,Botol,2024-07-01,0,False,False
Furosemid inj. 10 mg/ml,Botol,2024-08-01,0,False,False
Furosemid inj. 10 mg/ml,Botol,2024-09-01,0,False,False
Furosemid inj. 10 mg/ml,Botol,2024-10-01,0,False,False
Furosemid inj. 10 mg/ml,Botol,2024-11-01,0,False,False
Furosemid inj. 10 mg/ml,Botol,2024-12-01,0,False,False
Furosemid inj. 10 mg/ml,Botol,2025-01-01,0,True,False
Furosemid inj. 10 mg/ml,Botol,2025-02-01,0,True,False
Furosemid inj. 10 mg/ml,Botol,2025-03-01,0,True,False
Furosemid inj. 10 mg/ml,Botol,2025-04-01,0,False,True
Furosemid inj. 10 mg/ml,Botol,2025-05-01,0,True,False
Furosemid inj. 10 mg/ml,Botol,2025-06-01,0,True,False
Furosemid inj. 10 mg/ml,Botol,2025-07-01,0,True,False
Furosemid inj. 10 mg/ml,Botol,2025-08-01,0,True,False
Furosemid inj. 10 mg/ml,Botol,2025-09-01,0,True,False
Furosemid inj. 10 mg/ml,Botol,2025-10-01,0,True,False
Furosemid inj. 10 mg/ml,Botol,2025-11-01,0,True,False
Furosemid inj. 10 mg/ml,Botol,2025-12-01,0,True,False
Furosemid inj. 10 mg/ml,Botol,2026-01-01,0,False,False
Furosemid inj. 10 mg/ml,Botol,2026-02-01,0,False,False
Garam Oralit,Saset,2024-01-01,0,False,False
Garam Oralit,Saset,2024-02-01,0,False,False
Garam Oralit,Saset,2024-03-01,0,False,False
Garam Oralit,Saset,2024-04-01,0,False,False
Garam Oralit,Saset,2024-05-01,0,False,False
Garam Oralit,Saset,2024-06-01,0,False,False
Garam Oralit,Saset,2024-07-01,0,False,False
Garam Oralit,Saset,2024-08-01,0,False,False
Garam Oralit,Saset,2024-09-01,0,False,False
Garam Oralit,Saset,2024-10-01,0,False,False
Garam Oralit,Saset,2024-11-01,0,False,False
Garam Oralit,Saset,2024-12-01,0,False,False
Garam Oralit,Saset,2025-01-01,0,False,False
Garam Oralit,Saset,2025-02-01,0,False,False
Garam Oralit,Saset,2025-03-01,0,False,False
Garam Oralit,Saset,2025-04-01,300,False,True
Garam Oralit,Saset,2025-05-01,600,True,False
Garam Oralit,Saset,2025-06-01,0,True,False
Garam Oralit,Saset,2025-07-01,0,True,False
Garam Oralit,Saset,2025-08-01,0,True,False
Garam Oralit,Saset,2025-09-01,0,True,False
Garam Oralit,Saset,2025-10-01,0,True,False
Garam Oralit,Saset,2025-11-01,73,True,False
Garam Oralit,Saset,2025-12-01,135,True,False
Garam Oralit,Saset,2026-01-01,75,True,False
Garam Oralit,Saset,2026-02-01,258,True,False
Garam oralit,Sachet,2024-01-01,1000,True,False
Garam oralit,Sachet,2024-02-01,300,True,False
Garam oralit,Sachet,2024-03-01,0,True,False
Garam oralit,Sachet,2024-04-01,61,True,False
Garam oralit,Sachet,2024-05-01,39,True,False
Garam oralit,Sachet,2024-06-01,300,True,False
Garam oralit,Sachet,2024-07-01,40,True,False
Garam oralit,Sachet,2024-08-01,130,True,False
Garam oralit,Sachet,2024-09-01,30,True,False
Garam oralit,Sachet,2024-10-01,0,True,False
Garam oralit,Sachet,2024-11-01,0,True,False
Garam oralit,Sachet,2024-12-01,100,True,False
Garam oralit,Sachet,2025-01-01,0,False,False
Garam oralit,Sachet,2025-02-01,0,False,False
Garam oralit,Sachet,2025-03-01,0,False,False
Garam oralit,Sachet,2025-04-01,0,False,True
Garam oralit,Sachet,2025-05-01,0,False,False
Garam oralit,Sachet,2025-06-01,0,False,False
Garam oralit,Sachet,2025-07-01,0,False,False
Garam oralit,Sachet,2025-08-01,0,False,False
Garam oralit,Sachet,2025-09-01,0,False,False
Garam oralit,Sachet,2025-10-01,0,False,False
Garam oralit,Sachet,2025-11-01,0,False,False
Garam oralit,Sachet,2025-12-01,0,False,False
Garam oralit,Sachet,2026-01-01,0,False,False
Garam oralit,Sachet,2026-02-01,0,False,False
Gemfibrosil 300 mg,Tablet,2024-01-01,500,True,False
Gemfibrosil 300 mg,Tablet,2024-02-01,200,True,False
Gemfibrosil 300 mg,Tablet,2024-03-01,375,True,False
Gemfibrosil 300 mg,Tablet,2024-04-01,560,True,False
Gemfibrosil 300 mg,Tablet,2024-05-01,665,True,False
Gemfibrosil 300 mg,Tablet,2024-06-01,220,True,False
Gemfibrosil 300 mg,Tablet,2024-07-01,280,True,False
Gemfibrosil 300 mg,Tablet,2024-08-01,0,True,False
Gemfibrosil 300 mg,Tablet,2024-09-01,0,True,False
Gemfibrosil 300 mg,Tablet,2024-10-01,0,True,False
Gemfibrosil 300 mg,Tablet,2024-11-01,0,True,False
Gemfibrosil 300 mg,Tablet,2024-12-01,0,True,False
Gemfibrosil 300 mg,Tablet,2025-01-01,0,True,False
Gemfibrosil 300 mg,Tablet,2025-02-01,0,True,False
Gemfibrosil 300 mg,Tablet,2025-03-01,0,True,False
Gemfibrosil 300 mg,Tablet,2025-04-01,0,False,True
Gemfibrosil 300 mg,Tablet,2025-05-01,0,True,False
Gemfibrosil 300 mg,Tablet,2025-06-01,0,True,False
Gemfibrosil 300 mg,Tablet,2025-07-01,0,True,False
Gemfibrosil 300 mg,Tablet,2025-08-01,350,True,False
Gemfibrosil 300 mg,Tablet,2025-09-01,660,True,False
Gemfibrosil 300 mg,Tablet,2025-10-01,990,True,False
Gemfibrosil 300 mg,Tablet,2025-11-01,820,True,False
Gemfibrosil 300 mg,Tablet,2025-12-01,610,True,False
Gemfibrosil 300 mg,Tablet,2026-01-01,1090,True,False
Gemfibrosil 300 mg,Tablet,2026-02-01,650,True,False
"Gentamisin salep kulit 0,1%",Tube,2024-01-01,17,True,False
"Gentamisin salep kulit 0,1%",Tube,2024-02-01,48,True,False
"Gentamisin salep kulit 0,1%",Tube,2024-03-01,50,True,False
"Gentamisin salep kulit 0,1%",Tube,2024-04-01,20,True,False
"Gentamisin salep kulit 0,1%",Tube,2024-05-01,25,True,False
"Gentamisin salep kulit 0,1%",Tube,2024-06-01,30,True,False
"Gentamisin salep kulit 0,1%",Tube,2024-07-01,15,True,False
"Gentamisin salep kulit 0,1%",Tube,2024-08-01,35,True,False
"Gentamisin salep kulit 0,1%",Tube,2024-09-01,24,True,False
"Gentamisin salep kulit 0,1%",Tube,2024-10-01,27,True,False
"Gentamisin salep kulit 0,1%",Tube,2024-11-01,17,True,False
"Gentamisin salep kulit 0,1%",Tube,2024-12-01,17,True,False
"Gentamisin salep kulit 0,1%",Tube,2025-01-01,52,True,False
"Gentamisin salep kulit 0,1%",Tube,2025-02-01,14,True,False
"Gentamisin salep kulit 0,1%",Tube,2025-03-01,18,True,False
"Gentamisin salep kulit 0,1%",Tube,2025-04-01,18,False,True
"Gentamisin salep kulit 0,1%",Tube,2025-05-01,19,True,False
"Gentamisin salep kulit 0,1%",Tube,2025-06-01,21,True,False
"Gentamisin salep kulit 0,1%",Tube,2025-07-01,19,True,False
"Gentamisin salep kulit 0,1%",Tube,2025-08-01,26,True,False
"Gentamisin salep kulit 0,1%",Tube,2025-09-01,19,True,False
"Gentamisin salep kulit 0,1%",Tube,2025-10-01,19,True,False
"Gentamisin salep kulit 0,1%",Tube,2025-11-01,32,True,False
"Gentamisin salep kulit 0,1%",Tube,2025-12-01,18,True,False
"Gentamisin salep kulit 0,1%",Tube,2026-01-01,37,True,False
"Gentamisin salep kulit 0,1%",Tube,2026-02-01,19,True,False
"Gentamisin sulfat 0,3% tetes mata",Botol,2024-01-01,25,True,False
"Gentamisin sulfat 0,3% tetes mata",Botol,2024-02-01,23,True,False
"Gentamisin sulfat 0,3% tetes mata",Botol,2024-03-01,42,True,False
"Gentamisin sulfat 0,3% tetes mata",Botol,2024-04-01,15,True,False
"Gentamisin sulfat 0,3% tetes mata",Botol,2024-05-01,59,True,False
"Gentamisin sulfat 0,3% tetes mata",Botol,2024-06-01,28,True,False
"Gentamisin sulfat 0,3% tetes mata",Botol,2024-07-01,21,True,False
"Gentamisin sulfat 0,3% tetes mata",Botol,2024-08-01,27,True,False
"Gentamisin sulfat 0,3% tetes mata",Botol,2024-09-01,26,True,False
"Gentamisin sulfat 0,3% tetes mata",Botol,2024-10-01,40,True,False
"Gentamisin sulfat 0,3% tetes mata",Botol,2024-11-01,22,True,False
"Gentamisin sulfat 0,3% tetes mata",Botol,2024-12-01,18,True,False
"Gentamisin sulfat 0,3% tetes mata",Botol,2025-01-01,54,True,False
"Gentamisin sulfat 0,3% tetes mata",Botol,2025-02-01,30,True,False
"Gentamisin sulfat 0,3% tetes mata",Botol,2025-03-01,24,True,False
"Gentamisin sulfat 0,3% tetes mata",Botol,2025-04-01,61,False,True
"Gentamisin sulfat 0,3% tetes mata",Botol,2025-05-01,98,True,False
"Gentamisin sulfat 0,3% tetes mata",Botol,2025-06-01,47,True,False
"Gentamisin sulfat 0,3% tetes mata",Botol,2025-07-01,52,True,False
"Gentamisin sulfat 0,3% tetes mata",Botol,2025-08-01,1,True,False
"Gentamisin sulfat 0,3% tetes mata",Botol,2025-09-01,26,True,False
"Gentamisin sulfat 0,3% tetes mata",Botol,2025-10-01,22,True,False
"Gentamisin sulfat 0,3% tetes mata",Botol,2025-11-01,24,True,False
"Gentamisin sulfat 0,3% tetes mata",Botol,2025-12-01,0,True,False
"Gentamisin sulfat 0,3% tetes mata",Botol,2026-01-01,0,True,False
"Gentamisin sulfat 0,3% tetes mata",Botol,2026-02-01,13,True,False
Gentian violet 1%,Botol 10 Ml,2024-01-01,0,True,False
Gentian violet 1%,Botol 10 Ml,2024-02-01,0,True,False
Gentian violet 1%,Botol 10 Ml,2024-03-01,0,True,False
Gentian violet 1%,Botol 10 Ml,2024-04-01,0,True,False
Gentian violet 1%,Botol 10 Ml,2024-05-01,0,True,False
Gentian violet 1%,Botol 10 Ml,2024-06-01,0,True,False
Gentian violet 1%,Botol 10 Ml,2024-07-01,0,True,False
Gentian violet 1%,Botol 10 Ml,2024-08-01,0,True,False
Gentian violet 1%,Botol 10 Ml,2024-09-01,4,True,False
Gentian violet 1%,Botol 10 Ml,2024-10-01,5,True,False
Gentian violet 1%,Botol 10 Ml,2024-11-01,19,True,False
Gentian violet 1%,Botol 10 Ml,2024-12-01,1,True,False
Gentian violet 1%,Botol 10 Ml,2025-01-01,13,True,False
Gentian violet 1%,Botol 10 Ml,2025-02-01,3,True,False
Gentian violet 1%,Botol 10 Ml,2025-03-01,6,True,False
Gentian violet 1%,Botol 10 Ml,2025-04-01,8,False,True
Gentian violet 1%,Botol 10 Ml,2025-05-01,9,True,False
Gentian violet 1%,Botol 10 Ml,2025-06-01,12,True,False
Gentian violet 1%,Botol 10 Ml,2025-07-01,4,True,False
Gentian violet 1%,Botol 10 Ml,2025-08-01,2,True,False
Gentian violet 1%,Botol 10 Ml,2025-09-01,131,True,False
Gentian violet 1%,Botol 10 Ml,2025-10-01,15,True,False
Gentian violet 1%,Botol 10 Ml,2025-11-01,6,True,False
Gentian violet 1%,Botol 10 Ml,2025-12-01,31,True,False
Gentian violet 1%,Botol 10 Ml,2026-01-01,0,True,False
Gentian violet 1%,Botol 10 Ml,2026-02-01,7,True,False
Glibenklamid 5 mg,Tablet,2024-01-01,535,True,False
Glibenklamid 5 mg,Tablet,2024-02-01,640,True,False
Glibenklamid 5 mg,Tablet,2024-03-01,150,True,False
Glibenklamid 5 mg,Tablet,2024-04-01,310,True,False
Glibenklamid 5 mg,Tablet,2024-05-01,340,True,False
Glibenklamid 5 mg,Tablet,2024-06-01,700,True,False
Glibenklamid 5 mg,Tablet,2024-07-01,400,True,False
Glibenklamid 5 mg,Tablet,2024-08-01,1170,True,False
Glibenklamid 5 mg,Tablet,2024-09-01,986,True,False
Glibenklamid 5 mg,Tablet,2024-10-01,1544,True,False
Glibenklamid 5 mg,Tablet,2024-11-01,1850,True,False
Glibenklamid 5 mg,Tablet,2024-12-01,260,True,False
Glibenklamid 5 mg,Tablet,2025-01-01,2190,True,False
Glibenklamid 5 mg,Tablet,2025-02-01,1040,True,False
Glibenklamid 5 mg,Tablet,2025-03-01,920,True,False
Glibenklamid 5 mg,Tablet,2025-04-01,1535,False,True
Glibenklamid 5 mg,Tablet,2025-05-01,2150,True,False
Glibenklamid 5 mg,Tablet,2025-06-01,260,True,False
Glibenklamid 5 mg,Tablet,2025-07-01,680,True,False
Glibenklamid 5 mg,Tablet,2025-08-01,550,True,False
Glibenklamid 5 mg,Tablet,2025-09-01,1090,True,False
Glibenklamid 5 mg,Tablet,2025-10-01,1310,True,False
Glibenklamid 5 mg,Tablet,2025-11-01,750,True,False
Glibenklamid 5 mg,Tablet,2025-12-01,750,True,False
Glibenklamid 5 mg,Tablet,2026-01-01,625,True,False
Glibenklamid 5 mg,Tablet,2026-02-01,20,True,False
Glimepiride 2 mg,Tablet,2024-01-01,1010,True,False
Glimepiride 2 mg,Tablet,2024-02-01,1100,True,False
Glimepiride 2 mg,Tablet,2024-03-01,1010,True,False
Glimepiride 2 mg,Tablet,2024-04-01,1050,True,False
Glimepiride 2 mg,Tablet,2024-05-01,1140,True,False
Glimepiride 2 mg,Tablet,2024-06-01,1100,True,False
Glimepiride 2 mg,Tablet,2024-07-01,820,True,False
Glimepiride 2 mg,Tablet,2024-08-01,2840,True,False
Glimepiride 2 mg,Tablet,2024-09-01,780,True,False
Glimepiride 2 mg,Tablet,2024-10-01,2060,True,False
Glimepiride 2 mg,Tablet,2024-11-01,1500,True,False
Glimepiride 2 mg,Tablet,2024-12-01,940,True,False
Glimepiride 2 mg,Tablet,2025-01-01,2460,True,False
Glimepiride 2 mg,Tablet,2025-02-01,2130,True,False
Glimepiride 2 mg,Tablet,2025-03-01,1450,True,False
Glimepiride 2 mg,Tablet,2025-04-01,1575,False,True
Glimepiride 2 mg,Tablet,2025-05-01,1700,True,False
Glimepiride 2 mg,Tablet,2025-06-01,1480,True,False
Glimepiride 2 mg,Tablet,2025-07-01,3380,True,False
Glimepiride 2 mg,Tablet,2025-08-01,1140,True,False
Glimepiride 2 mg,Tablet,2025-09-01,2810,True,False
Glimepiride 2 mg,Tablet,2025-10-01,1370,True,False
Glimepiride 2 mg,Tablet,2025-11-01,2710,True,False
Glimepiride 2 mg,Tablet,2025-12-01,2040,True,False
Glimepiride 2 mg,Tablet,2026-01-01,2445,True,False
Glimepiride 2 mg,Tablet,2026-02-01,1825,True,False
Gliseril Guayakolat 100 mg,Tablet,2024-01-01,0,False,False
Gliseril Guayakolat 100 mg,Tablet,2024-02-01,0,False,False
Gliseril Guayakolat 100 mg,Tablet,2024-03-01,0,False,False
Gliseril Guayakolat 100 mg,Tablet,2024-04-01,0,False,False
Gliseril Guayakolat 100 mg,Tablet,2024-05-01,0,False,False
Gliseril Guayakolat 100 mg,Tablet,2024-06-01,0,False,False
Gliseril Guayakolat 100 mg,Tablet,2024-07-01,0,False,False
Gliseril Guayakolat 100 mg,Tablet,2024-08-01,0,False,False
Gliseril Guayakolat 100 mg,Tablet,2024-09-01,0,False,False
Gliseril Guayakolat 100 mg,Tablet,2024-10-01,0,False,False
Gliseril Guayakolat 100 mg,Tablet,2024-11-01,0,False,False
Gliseril Guayakolat 100 mg,Tablet,2024-12-01,0,False,False
Gliseril Guayakolat 100 mg,Tablet,2025-01-01,1675,True,False
Gliseril Guayakolat 100 mg,Tablet,2025-02-01,4046,True,False
Gliseril Guayakolat 100 mg,Tablet,2025-03-01,1414,True,False
Gliseril Guayakolat 100 mg,Tablet,2025-04-01,1072,False,True
Gliseril Guayakolat 100 mg,Tablet,2025-05-01,730,True,False
Gliseril Guayakolat 100 mg,Tablet,2025-06-01,2436,True,False
Gliseril Guayakolat 100 mg,Tablet,2025-07-01,714,True,False
Gliseril Guayakolat 100 mg,Tablet,2025-08-01,680,True,False
Gliseril Guayakolat 100 mg,Tablet,2025-09-01,730,True,False
Gliseril Guayakolat 100 mg,Tablet,2025-10-01,840,True,False
Gliseril Guayakolat 100 mg,Tablet,2025-11-01,18260,True,False
Gliseril Guayakolat 100 mg,Tablet,2025-12-01,850,True,False
Gliseril Guayakolat 100 mg,Tablet,2026-01-01,707,True,False
Gliseril Guayakolat 100 mg,Tablet,2026-02-01,918,True,False
Glucosamin 250 mg,Tablet,2024-01-01,0,False,False
Glucosamin 250 mg,Tablet,2024-02-01,0,False,False
Glucosamin 250 mg,Tablet,2024-03-01,0,False,False
Glucosamin 250 mg,Tablet,2024-04-01,0,False,False
Glucosamin 250 mg,Tablet,2024-05-01,0,False,False
Glucosamin 250 mg,Tablet,2024-06-01,0,False,False
Glucosamin 250 mg,Tablet,2024-07-01,0,False,False
Glucosamin 250 mg,Tablet,2024-08-01,0,False,False
Glucosamin 250 mg,Tablet,2024-09-01,0,False,False
Glucosamin 250 mg,Tablet,2024-10-01,0,False,False
Glucosamin 250 mg,Tablet,2024-11-01,0,True,False
Glucosamin 250 mg,Tablet,2024-12-01,0,True,False
Glucosamin 250 mg,Tablet,2025-01-01,250,True,False
Glucosamin 250 mg,Tablet,2025-02-01,0,True,False
Glucosamin 250 mg,Tablet,2025-03-01,0,True,False
Glucosamin 250 mg,Tablet,2025-04-01,25,False,True
Glucosamin 250 mg,Tablet,2025-05-01,50,True,False
Glucosamin 250 mg,Tablet,2025-06-01,62,True,False
Glucosamin 250 mg,Tablet,2025-07-01,27,True,False
Glucosamin 250 mg,Tablet,2025-08-01,5,True,False
Glucosamin 250 mg,Tablet,2025-09-01,58,True,False
Glucosamin 250 mg,Tablet,2025-10-01,104,True,False
Glucosamin 250 mg,Tablet,2025-11-01,64,True,False
Glucosamin 250 mg,Tablet,2025-12-01,2,True,False
Glucosamin 250 mg,Tablet,2026-01-01,29,True,False
Glucosamin 250 mg,Tablet,2026-02-01,14,True,False
Glucosamin chondroitin/ Osteo forte,Tablet,2024-01-01,60,True,False
Glucosamin chondroitin/ Osteo forte,Tablet,2024-02-01,90,True,False
Glucosamin chondroitin/ Osteo forte,Tablet,2024-03-01,0,False,False
Glucosamin chondroitin/ Osteo forte,Tablet,2024-04-01,0,False,False
Glucosamin chondroitin/ Osteo forte,Tablet,2024-05-01,0,False,False
Glucosamin chondroitin/ Osteo forte,Tablet,2024-06-01,0,False,False
Glucosamin chondroitin/ Osteo forte,Tablet,2024-07-01,0,False,False
Glucosamin chondroitin/ Osteo forte,Tablet,2024-08-01,0,False,False
Glucosamin chondroitin/ Osteo forte,Tablet,2024-09-01,0,False,False
Glucosamin chondroitin/ Osteo forte,Tablet,2024-10-01,0,False,False
Glucosamin chondroitin/ Osteo forte,Tablet,2024-11-01,0,False,False
Glucosamin chondroitin/ Osteo forte,Tablet,2024-12-01,0,False,False
Glucosamin chondroitin/ Osteo forte,Tablet,2025-01-01,0,False,False
Glucosamin chondroitin/ Osteo forte,Tablet,2025-02-01,0,False,False
Glucosamin chondroitin/ Osteo forte,Tablet,2025-03-01,0,False,False
Glucosamin chondroitin/ Osteo forte,Tablet,2025-04-01,0,False,True
Glucosamin chondroitin/ Osteo forte,Tablet,2025-05-01,0,False,False
Glucosamin chondroitin/ Osteo forte,Tablet,2025-06-01,0,False,False
Glucosamin chondroitin/ Osteo forte,Tablet,2025-07-01,0,False,False
Glucosamin chondroitin/ Osteo forte,Tablet,2025-08-01,0,False,False
Glucosamin chondroitin/ Osteo forte,Tablet,2025-09-01,0,False,False
Glucosamin chondroitin/ Osteo forte,Tablet,2025-10-01,0,False,False
Glucosamin chondroitin/ Osteo forte,Tablet,2025-11-01,0,False,False
Glucosamin chondroitin/ Osteo forte,Tablet,2025-12-01,0,False,False
Glucosamin chondroitin/ Osteo forte,Tablet,2026-01-01,0,False,False
Glucosamin chondroitin/ Osteo forte,Tablet,2026-02-01,0,False,False
Glucose / gula (PTM),Kit @50,2024-01-01,0,False,False
Glucose / gula (PTM),Kit @50,2024-02-01,0,False,False
Glucose / gula (PTM),Kit @50,2024-03-01,0,False,False
Glucose / gula (PTM),Kit @50,2024-04-01,0,False,False
Glucose / gula (PTM),Kit @50,2024-05-01,0,False,False
Glucose / gula (PTM),Kit @50,2024-06-01,0,False,False
Glucose / gula (PTM),Kit @50,2024-07-01,0,True,False
Glucose / gula (PTM),Kit @50,2024-08-01,0,True,False
Glucose / gula (PTM),Kit @50,2024-09-01,0,True,False
Glucose / gula (PTM),Kit @50,2024-10-01,0,True,False
Glucose / gula (PTM),Kit @50,2024-11-01,0,True,False
Glucose / gula (PTM),Kit @50,2024-12-01,0,True,False
Glucose / gula (PTM),Kit @50,2025-01-01,0,False,False
Glucose / gula (PTM),Kit @50,2025-02-01,0,False,False
Glucose / gula (PTM),Kit @50,2025-03-01,0,False,False
Glucose / gula (PTM),Kit @50,2025-04-01,0,False,True
Glucose / gula (PTM),Kit @50,2025-05-01,0,False,False
Glucose / gula (PTM),Kit @50,2025-06-01,0,False,False
Glucose / gula (PTM),Kit @50,2025-07-01,0,False,False
Glucose / gula (PTM),Kit @50,2025-08-01,0,False,False
Glucose / gula (PTM),Kit @50,2025-09-01,0,False,False
Glucose / gula (PTM),Kit @50,2025-10-01,0,False,False
Glucose / gula (PTM),Kit @50,2025-11-01,0,False,False
Glucose / gula (PTM),Kit @50,2025-12-01,0,False,False
Glucose / gula (PTM),Kit @50,2026-01-01,0,False,False
Glucose / gula (PTM),Kit @50,2026-02-01,0,False,False
Glucose strip,Kit @50,2024-01-01,0,False,False
Glucose strip,Kit @50,2024-02-01,0,False,False
Glucose strip,Kit @50,2024-03-01,0,False,False
Glucose strip,Kit @50,2024-04-01,0,False,False
Glucose strip,Kit @50,2024-05-01,0,False,False
Glucose strip,Kit @50,2024-06-01,0,False,False
Glucose strip,Kit @50,2024-07-01,0,False,False
Glucose strip,Kit @50,2024-08-01,0,False,False
Glucose strip,Kit @50,2024-09-01,0,False,False
Glucose strip,Kit @50,2024-10-01,0,False,False
Glucose strip,Kit @50,2024-11-01,0,False,False
Glucose strip,Kit @50,2024-12-01,0,False,False
Glucose strip,Kit @50,2025-01-01,0,True,False
Glucose strip,Kit @50,2025-02-01,50,True,False
Glucose strip,Kit @50,2025-03-01,100,True,False
Glucose strip,Kit @50,2025-04-01,50,False,True
Glucose strip,Kit @50,2025-05-01,0,True,False
Glucose strip,Kit @50,2025-06-01,50,True,False
Glucose strip,Kit @50,2025-07-01,50,True,False
Glucose strip,Kit @50,2025-08-01,0,True,False
Glucose strip,Kit @50,2025-09-01,50,True,False
Glucose strip,Kit @50,2025-10-01,4,True,False
Glucose strip,Kit @50,2025-11-01,790,True,False
Glucose strip,Kit @50,2025-12-01,0,True,False
Glucose strip,Kit @50,2026-01-01,60,True,False
Glucose strip,Kit @50,2026-02-01,50,True,False
Glucose test,Kit,2024-01-01,0,False,False
Glucose test,Kit,2024-02-01,0,False,False
Glucose test,Kit,2024-03-01,0,False,False
Glucose test,Kit,2024-04-01,0,False,False
Glucose test,Kit,2024-05-01,0,False,False
Glucose test,Kit,2024-06-01,0,False,False
Glucose test,Kit,2024-07-01,0,False,False
Glucose test,Kit,2024-08-01,0,False,False
Glucose test,Kit,2024-09-01,0,False,False
Glucose test,Kit,2024-10-01,0,False,False
Glucose test,Kit,2024-11-01,0,False,False
Glucose test,Kit,2024-12-01,0,False,False
Glucose test,Kit,2025-01-01,0,True,False
Glucose test,Kit,2025-02-01,0,True,False
Glucose test,Kit,2025-03-01,1,True,False
Glucose test,Kit,2025-04-01,0,False,True
Glucose test,Kit,2025-05-01,0,True,False
Glucose test,Kit,2025-06-01,0,True,False
Glucose test,Kit,2025-07-01,0,True,False
Glucose test,Kit,2025-08-01,0,True,False
Glucose test,Kit,2025-09-01,0,True,False
Glucose test,Kit,2025-10-01,0,True,False
Glucose test,Kit,2025-11-01,0,True,False
Glucose test,Kit,2025-12-01,0,True,False
Glucose test,Kit,2026-01-01,0,True,False
Glucose test,Kit,2026-02-01,1,True,False
Glukosa,Tidak Diketahui,2024-01-01,0,False,False
Glukosa,Tidak Diketahui,2024-02-01,0,False,False
Glukosa,Tidak Diketahui,2024-03-01,0,False,False
Glukosa,Tidak Diketahui,2024-04-01,0,False,False
Glukosa,Tidak Diketahui,2024-05-01,0,False,False
Glukosa,Tidak Diketahui,2024-06-01,0,False,False
Glukosa,Tidak Diketahui,2024-07-01,0,False,False
Glukosa,Tidak Diketahui,2024-08-01,0,False,False
Glukosa,Tidak Diketahui,2024-09-01,0,False,False
Glukosa,Tidak Diketahui,2024-10-01,0,False,False
Glukosa,Tidak Diketahui,2024-11-01,0,False,False
Glukosa,Tidak Diketahui,2024-12-01,0,False,False
Glukosa,Tidak Diketahui,2025-01-01,0,True,False
Glukosa,Tidak Diketahui,2025-02-01,0,True,False
Glukosa,Tidak Diketahui,2025-03-01,0,True,False
Glukosa,Tidak Diketahui,2025-04-01,0,False,True
Glukosa,Tidak Diketahui,2025-05-01,0,True,False
Glukosa,Tidak Diketahui,2025-06-01,0,True,False
Glukosa,Tidak Diketahui,2025-07-01,0,True,False
Glukosa,Tidak Diketahui,2025-08-01,0,True,False
Glukosa,Tidak Diketahui,2025-09-01,0,True,False
Glukosa,Tidak Diketahui,2025-10-01,0,True,False
Glukosa,Tidak Diketahui,2025-11-01,0,True,False
Glukosa,Tidak Diketahui,2025-12-01,0,True,False
Glukosa,Tidak Diketahui,2026-01-01,0,False,False
Glukosa,Tidak Diketahui,2026-02-01,0,False,False
Glukose 40%,Vial,2024-01-01,0,True,False
Glukose 40%,Vial,2024-02-01,0,True,False
Glukose 40%,Vial,2024-03-01,0,True,False
Glukose 40%,Vial,2024-04-01,0,True,False
Glukose 40%,Vial,2024-05-01,0,True,False
Glukose 40%,Vial,2024-06-01,0,True,False
Glukose 40%,Vial,2024-07-01,0,True,False
Glukose 40%,Vial,2024-08-01,0,True,False
Glukose 40%,Vial,2024-09-01,0,True,False
Glukose 40%,Vial,2024-10-01,0,True,False
Glukose 40%,Vial,2024-11-01,0,True,False
Glukose 40%,Vial,2024-12-01,0,True,False
Glukose 40%,Vial,2025-01-01,0,True,False
Glukose 40%,Vial,2025-02-01,0,True,False
Glukose 40%,Vial,2025-03-01,0,True,False
Glukose 40%,Vial,2025-04-01,0,False,True
Glukose 40%,Vial,2025-05-01,0,True,False
Glukose 40%,Vial,2025-06-01,0,True,False
Glukose 40%,Vial,2025-07-01,0,True,False
Glukose 40%,Vial,2025-08-01,0,True,False
Glukose 40%,Vial,2025-09-01,2,True,False
Glukose 40%,Vial,2025-10-01,0,True,False
Glukose 40%,Vial,2025-11-01,0,True,False
Glukose 40%,Vial,2025-12-01,0,True,False
Glukose 40%,Vial,2026-01-01,0,True,False
Glukose 40%,Vial,2026-02-01,0,True,False
Glukose 5%,Vial,2024-01-01,0,True,False
Glukose 5%,Vial,2024-02-01,0,True,False
Glukose 5%,Vial,2024-03-01,0,True,False
Glukose 5%,Vial,2024-04-01,0,True,False
Glukose 5%,Vial,2024-05-01,0,True,False
Glukose 5%,Vial,2024-06-01,0,True,False
Glukose 5%,Vial,2024-07-01,0,True,False
Glukose 5%,Vial,2024-08-01,5,True,False
Glukose 5%,Vial,2024-09-01,0,True,False
Glukose 5%,Vial,2024-10-01,0,True,False
Glukose 5%,Vial,2024-11-01,0,True,False
Glukose 5%,Vial,2024-12-01,0,True,False
Glukose 5%,Vial,2025-01-01,0,False,False
Glukose 5%,Vial,2025-02-01,0,False,False
Glukose 5%,Vial,2025-03-01,0,False,False
Glukose 5%,Vial,2025-04-01,0,False,True
Glukose 5%,Vial,2025-05-01,0,False,False
Glukose 5%,Vial,2025-06-01,0,False,False
Glukose 5%,Vial,2025-07-01,0,False,False
Glukose 5%,Vial,2025-08-01,0,False,False
Glukose 5%,Vial,2025-09-01,0,False,False
Glukose 5%,Vial,2025-10-01,0,False,False
Glukose 5%,Vial,2025-11-01,0,False,False
Glukose 5%,Vial,2025-12-01,0,False,False
Glukose 5%,Vial,2026-01-01,0,False,False
Glukose 5%,Vial,2026-02-01,0,False,False
Griseofulvin 125 mg,Tidak Diketahui,2024-01-01,0,False,False
Griseofulvin 125 mg,Tidak Diketahui,2024-02-01,0,False,False
Griseofulvin 125 mg,Tidak Diketahui,2024-03-01,0,False,False
Griseofulvin 125 mg,Tidak Diketahui,2024-04-01,0,False,False
Griseofulvin 125 mg,Tidak Diketahui,2024-05-01,0,False,False
Griseofulvin 125 mg,Tidak Diketahui,2024-06-01,0,False,False
Griseofulvin 125 mg,Tidak Diketahui,2024-07-01,0,False,False
Griseofulvin 125 mg,Tidak Diketahui,2024-08-01,0,False,False
Griseofulvin 125 mg,Tidak Diketahui,2024-09-01,0,False,False
Griseofulvin 125 mg,Tidak Diketahui,2024-10-01,0,False,False
Griseofulvin 125 mg,Tidak Diketahui,2024-11-01,0,False,False
Griseofulvin 125 mg,Tidak Diketahui,2024-12-01,0,False,False
Griseofulvin 125 mg,Tidak Diketahui,2025-01-01,0,True,False
Griseofulvin 125 mg,Tidak Diketahui,2025-02-01,0,True,False
Griseofulvin 125 mg,Tidak Diketahui,2025-03-01,0,True,False
Griseofulvin 125 mg,Tidak Diketahui,2025-04-01,0,False,True
Griseofulvin 125 mg,Tidak Diketahui,2025-05-01,0,True,False
Griseofulvin 125 mg,Tidak Diketahui,2025-06-01,0,True,False
Griseofulvin 125 mg,Tidak Diketahui,2025-07-01,0,True,False
Griseofulvin 125 mg,Tidak Diketahui,2025-08-01,0,True,False
Griseofulvin 125 mg,Tidak Diketahui,2025-09-01,0,True,False
Griseofulvin 125 mg,Tidak Diketahui,2025-10-01,0,True,False
Griseofulvin 125 mg,Tidak Diketahui,2025-11-01,0,True,False
Griseofulvin 125 mg,Tidak Diketahui,2025-12-01,0,True,False
Griseofulvin 125 mg,Tidak Diketahui,2026-01-01,0,False,False
Griseofulvin 125 mg,Tidak Diketahui,2026-02-01,0,False,False
Guaifenesin tab,Tablet,2024-01-01,500,True,False
Guaifenesin tab,Tablet,2024-02-01,400,True,False
Guaifenesin tab,Tablet,2024-03-01,1040,True,False
Guaifenesin tab,Tablet,2024-04-01,500,True,False
Guaifenesin tab,Tablet,2024-05-01,360,True,False
Guaifenesin tab,Tablet,2024-06-01,300,True,False
Guaifenesin tab,Tablet,2024-07-01,300,True,False
Guaifenesin tab,Tablet,2024-08-01,1180,True,False
Guaifenesin tab,Tablet,2024-09-01,3320,True,False
Guaifenesin tab,Tablet,2024-10-01,2460,True,False
Guaifenesin tab,Tablet,2024-11-01,4790,True,False
Guaifenesin tab,Tablet,2024-12-01,1385,True,False
Guaifenesin tab,Tablet,2025-01-01,0,False,False
Guaifenesin tab,Tablet,2025-02-01,0,False,False
Guaifenesin tab,Tablet,2025-03-01,0,False,False
Guaifenesin tab,Tablet,2025-04-01,0,False,True
Guaifenesin tab,Tablet,2025-05-01,0,False,False
Guaifenesin tab,Tablet,2025-06-01,0,False,False
Guaifenesin tab,Tablet,2025-07-01,0,False,False
Guaifenesin tab,Tablet,2025-08-01,0,False,False
Guaifenesin tab,Tablet,2025-09-01,0,False,False
Guaifenesin tab,Tablet,2025-10-01,0,False,False
Guaifenesin tab,Tablet,2025-11-01,0,False,False
Guaifenesin tab,Tablet,2025-12-01,0,False,False
Guaifenesin tab,Tablet,2026-01-01,0,False,False
Guaifenesin tab,Tablet,2026-02-01,0,False,False
H2O2 3%,Botol 800 Ml,2024-01-01,0,False,False
H2O2 3%,Botol 800 Ml,2024-02-01,0,False,False
H2O2 3%,Botol 800 Ml,2024-03-01,0,False,False
H2O2 3%,Botol 800 Ml,2024-04-01,0,False,False
H2O2 3%,Botol 800 Ml,2024-05-01,0,False,False
H2O2 3%,Botol 800 Ml,2024-06-01,0,False,False
H2O2 3%,Botol 800 Ml,2024-07-01,0,False,False
H2O2 3%,Botol 800 Ml,2024-08-01,0,False,False
H2O2 3%,Botol 800 Ml,2024-09-01,0,False,False
H2O2 3%,Botol 800 Ml,2024-10-01,0,False,False
H2O2 3%,Botol 800 Ml,2024-11-01,0,False,False
H2O2 3%,Botol 800 Ml,2024-12-01,0,False,False
H2O2 3%,Botol 800 Ml,2025-01-01,0,True,False
H2O2 3%,Botol 800 Ml,2025-02-01,0,True,False
H2O2 3%,Botol 800 Ml,2025-03-01,1,True,False
H2O2 3%,Botol 800 Ml,2025-04-01,0,False,True
H2O2 3%,Botol 800 Ml,2025-05-01,0,True,False
H2O2 3%,Botol 800 Ml,2025-06-01,0,True,False
H2O2 3%,Botol 800 Ml,2025-07-01,0,True,False
H2O2 3%,Botol 800 Ml,2025-08-01,0,True,False
H2O2 3%,Botol 800 Ml,2025-09-01,0,True,False
H2O2 3%,Botol 800 Ml,2025-10-01,2,True,False
H2O2 3%,Botol 800 Ml,2025-11-01,0,True,False
H2O2 3%,Botol 800 Ml,2025-12-01,0,True,False
H2O2 3%,Botol 800 Ml,2026-01-01,0,True,False
H2O2 3%,Botol 800 Ml,2026-02-01,0,True,False
HDL - Cholesterol,Tidak Diketahui,2024-01-01,0,False,False
HDL - Cholesterol,Tidak Diketahui,2024-02-01,0,False,False
HDL - Cholesterol,Tidak Diketahui,2024-03-01,0,False,False
HDL - Cholesterol,Tidak Diketahui,2024-04-01,0,False,False
HDL - Cholesterol,Tidak Diketahui,2024-05-01,0,False,False
HDL - Cholesterol,Tidak Diketahui,2024-06-01,0,False,False
HDL - Cholesterol,Tidak Diketahui,2024-07-01,0,False,False
HDL - Cholesterol,Tidak Diketahui,2024-08-01,0,False,False
HDL - Cholesterol,Tidak Diketahui,2024-09-01,0,False,False
HDL - Cholesterol,Tidak Diketahui,2024-10-01,0,False,False
HDL - Cholesterol,Tidak Diketahui,2024-11-01,0,False,False
HDL - Cholesterol,Tidak Diketahui,2024-12-01,0,False,False
HDL - Cholesterol,Tidak Diketahui,2025-01-01,0,True,False
HDL - Cholesterol,Tidak Diketahui,2025-02-01,0,True,False
HDL - Cholesterol,Tidak Diketahui,2025-03-01,0,True,False
HDL - Cholesterol,Tidak Diketahui,2025-04-01,0,False,True
HDL - Cholesterol,Tidak Diketahui,2025-05-01,0,True,False
HDL - Cholesterol,Tidak Diketahui,2025-06-01,0,True,False
HDL - Cholesterol,Tidak Diketahui,2025-07-01,0,True,False
HDL - Cholesterol,Tidak Diketahui,2025-08-01,0,True,False
HDL - Cholesterol,Tidak Diketahui,2025-09-01,0,True,False
HDL - Cholesterol,Tidak Diketahui,2025-10-01,0,True,False
HDL - Cholesterol,Tidak Diketahui,2025-11-01,0,True,False
HDL - Cholesterol,Tidak Diketahui,2025-12-01,0,True,False
HDL - Cholesterol,Tidak Diketahui,2026-01-01,0,False,False
HDL - Cholesterol,Tidak Diketahui,2026-02-01,0,False,False
"Haloperidol 0,5 mg",Tablet,2024-01-01,0,True,False
"Haloperidol 0,5 mg",Tablet,2024-02-01,0,True,False
"Haloperidol 0,5 mg",Tablet,2024-03-01,1050,True,False
"Haloperidol 0,5 mg",Tablet,2024-04-01,30,True,False
"Haloperidol 0,5 mg",Tablet,2024-05-01,4920,True,False
"Haloperidol 0,5 mg",Tablet,2024-06-01,0,True,False
"Haloperidol 0,5 mg",Tablet,2024-07-01,0,True,False
"Haloperidol 0,5 mg",Tablet,2024-08-01,0,True,False
"Haloperidol 0,5 mg",Tablet,2024-09-01,0,True,False
"Haloperidol 0,5 mg",Tablet,2024-10-01,0,True,False
"Haloperidol 0,5 mg",Tablet,2024-11-01,0,True,False
"Haloperidol 0,5 mg",Tablet,2024-12-01,0,True,False
"Haloperidol 0,5 mg",Tablet,2025-01-01,0,True,False
"Haloperidol 0,5 mg",Tablet,2025-02-01,0,True,False
"Haloperidol 0,5 mg",Tablet,2025-03-01,0,True,False
"Haloperidol 0,5 mg",Tablet,2025-04-01,0,False,True
"Haloperidol 0,5 mg",Tablet,2025-05-01,0,True,False
"Haloperidol 0,5 mg",Tablet,2025-06-01,0,True,False
"Haloperidol 0,5 mg",Tablet,2025-07-01,0,True,False
"Haloperidol 0,5 mg",Tablet,2025-08-01,0,True,False
"Haloperidol 0,5 mg",Tablet,2025-09-01,0,True,False
"Haloperidol 0,5 mg",Tablet,2025-10-01,0,True,False
"Haloperidol 0,5 mg",Tablet,2025-11-01,0,True,False
"Haloperidol 0,5 mg",Tablet,2025-12-01,0,True,False
"Haloperidol 0,5 mg",Tablet,2026-01-01,0,False,False
"Haloperidol 0,5 mg",Tablet,2026-02-01,0,False,False
"Haloperidol 1,5 mg",Tablet,2024-01-01,0,True,False
"Haloperidol 1,5 mg",Tablet,2024-02-01,50,True,False
"Haloperidol 1,5 mg",Tablet,2024-03-01,0,True,False
"Haloperidol 1,5 mg",Tablet,2024-04-01,10,True,False
"Haloperidol 1,5 mg",Tablet,2024-05-01,0,True,False
"Haloperidol 1,5 mg",Tablet,2024-06-01,50,True,False
"Haloperidol 1,5 mg",Tablet,2024-07-01,0,True,False
"Haloperidol 1,5 mg",Tablet,2024-08-01,0,True,False
"Haloperidol 1,5 mg",Tablet,2024-09-01,0,True,False
"Haloperidol 1,5 mg",Tablet,2024-10-01,0,True,False
"Haloperidol 1,5 mg",Tablet,2024-11-01,0,True,False
"Haloperidol 1,5 mg",Tablet,2024-12-01,0,True,False
"Haloperidol 1,5 mg",Tablet,2025-01-01,240,True,False
"Haloperidol 1,5 mg",Tablet,2025-02-01,250,True,False
"Haloperidol 1,5 mg",Tablet,2025-03-01,230,True,False
"Haloperidol 1,5 mg",Tablet,2025-04-01,320,False,True
"Haloperidol 1,5 mg",Tablet,2025-05-01,410,True,False
"Haloperidol 1,5 mg",Tablet,2025-06-01,420,True,False
"Haloperidol 1,5 mg",Tablet,2025-07-01,330,True,False
"Haloperidol 1,5 mg",Tablet,2025-08-01,390,True,False
"Haloperidol 1,5 mg",Tablet,2025-09-01,214,True,False
"Haloperidol 1,5 mg",Tablet,2025-10-01,490,True,False
"Haloperidol 1,5 mg",Tablet,2025-11-01,306,True,False
"Haloperidol 1,5 mg",Tablet,2025-12-01,882,True,False
"Haloperidol 1,5 mg",Tablet,2026-01-01,362,True,False
"Haloperidol 1,5 mg",Tablet,2026-02-01,180,True,False
Haloperidol 5 mg,Tab,2024-01-01,0,True,False
Haloperidol 5 mg,Tab,2024-02-01,500,True,False
Haloperidol 5 mg,Tab,2024-03-01,0,False,False
Haloperidol 5 mg,Tab,2024-04-01,0,False,False
Haloperidol 5 mg,Tab,2024-05-01,0,False,False
Haloperidol 5 mg,Tab,2024-06-01,0,False,False
Haloperidol 5 mg,Tab,2024-07-01,0,False,False
Haloperidol 5 mg,Tab,2024-08-01,0,False,False
Haloperidol 5 mg,Tab,2024-09-01,0,False,False
Haloperidol 5 mg,Tab,2024-10-01,0,False,False
Haloperidol 5 mg,Tab,2024-11-01,0,False,False
Haloperidol 5 mg,Tab,2024-12-01,0,False,False
Haloperidol 5 mg,Tab,2025-01-01,39,True,False
Haloperidol 5 mg,Tab,2025-02-01,250,True,False
Haloperidol 5 mg,Tab,2025-03-01,131,True,False
Haloperidol 5 mg,Tab,2025-04-01,80,False,True
Haloperidol 5 mg,Tab,2025-05-01,30,True,False
Haloperidol 5 mg,Tab,2025-06-01,215,True,False
Haloperidol 5 mg,Tab,2025-07-01,120,True,False
Haloperidol 5 mg,Tab,2025-08-01,130,True,False
Haloperidol 5 mg,Tab,2025-09-01,110,True,False
Haloperidol 5 mg,Tab,2025-10-01,120,True,False
Haloperidol 5 mg,Tab,2025-11-01,125,True,False
Haloperidol 5 mg,Tab,2025-12-01,60,True,False
Haloperidol 5 mg,Tab,2026-01-01,0,False,False
Haloperidol 5 mg,Tab,2026-02-01,0,False,False
Haloperidol 5 mg,Tablet,2024-01-01,0,False,False
Haloperidol 5 mg,Tablet,2024-02-01,0,False,False
Haloperidol 5 mg,Tablet,2024-03-01,0,False,False
Haloperidol 5 mg,Tablet,2024-04-01,0,False,False
Haloperidol 5 mg,Tablet,2024-05-01,0,False,False
Haloperidol 5 mg,Tablet,2024-06-01,0,False,False
Haloperidol 5 mg,Tablet,2024-07-01,0,False,False
Haloperidol 5 mg,Tablet,2024-08-01,0,False,False
Haloperidol 5 mg,Tablet,2024-09-01,0,False,False
Haloperidol 5 mg,Tablet,2024-10-01,0,False,False
Haloperidol 5 mg,Tablet,2024-11-01,0,True,False
Haloperidol 5 mg,Tablet,2024-12-01,51,True,False
Haloperidol 5 mg,Tablet,2025-01-01,0,False,False
Haloperidol 5 mg,Tablet,2025-02-01,0,False,False
Haloperidol 5 mg,Tablet,2025-03-01,0,False,False
Haloperidol 5 mg,Tablet,2025-04-01,0,False,True
Haloperidol 5 mg,Tablet,2025-05-01,0,False,False
Haloperidol 5 mg,Tablet,2025-06-01,0,False,False
Haloperidol 5 mg,Tablet,2025-07-01,0,False,False
Haloperidol 5 mg,Tablet,2025-08-01,0,False,False
Haloperidol 5 mg,Tablet,2025-09-01,0,False,False
Haloperidol 5 mg,Tablet,2025-10-01,0,False,False
Haloperidol 5 mg,Tablet,2025-11-01,0,False,False
Haloperidol 5 mg,Tablet,2025-12-01,0,False,False
Haloperidol 5 mg,Tablet,2026-01-01,120,True,False
Haloperidol 5 mg,Tablet,2026-02-01,60,True,False
Haloperidol 5 mg,Tidak Diketahui,2024-01-01,0,False,False
Haloperidol 5 mg,Tidak Diketahui,2024-02-01,0,False,False
Haloperidol 5 mg,Tidak Diketahui,2024-03-01,0,True,False
Haloperidol 5 mg,Tidak Diketahui,2024-04-01,0,True,False
Haloperidol 5 mg,Tidak Diketahui,2024-05-01,0,True,False
Haloperidol 5 mg,Tidak Diketahui,2024-06-01,0,True,False
Haloperidol 5 mg,Tidak Diketahui,2024-07-01,0,True,False
Haloperidol 5 mg,Tidak Diketahui,2024-08-01,0,True,False
Haloperidol 5 mg,Tidak Diketahui,2024-09-01,0,True,False
Haloperidol 5 mg,Tidak Diketahui,2024-10-01,0,True,False
Haloperidol 5 mg,Tidak Diketahui,2024-11-01,0,False,False
Haloperidol 5 mg,Tidak Diketahui,2024-12-01,0,False,False
Haloperidol 5 mg,Tidak Diketahui,2025-01-01,0,False,False
Haloperidol 5 mg,Tidak Diketahui,2025-02-01,0,False,False
Haloperidol 5 mg,Tidak Diketahui,2025-03-01,0,False,False
Haloperidol 5 mg,Tidak Diketahui,2025-04-01,0,False,True
Haloperidol 5 mg,Tidak Diketahui,2025-05-01,0,False,False
Haloperidol 5 mg,Tidak Diketahui,2025-06-01,0,False,False
Haloperidol 5 mg,Tidak Diketahui,2025-07-01,0,False,False
Haloperidol 5 mg,Tidak Diketahui,2025-08-01,0,False,False
Haloperidol 5 mg,Tidak Diketahui,2025-09-01,0,False,False
Haloperidol 5 mg,Tidak Diketahui,2025-10-01,0,False,False
Haloperidol 5 mg,Tidak Diketahui,2025-11-01,0,False,False
Haloperidol 5 mg,Tidak Diketahui,2025-12-01,0,False,False
Haloperidol 5 mg,Tidak Diketahui,2026-01-01,0,False,False
Haloperidol 5 mg,Tidak Diketahui,2026-02-01,0,False,False
Hemafort,Tablet,2024-01-01,0,True,False
Hemafort,Tablet,2024-02-01,0,True,False
Hemafort,Tablet,2024-03-01,0,True,False
Hemafort,Tablet,2024-04-01,0,True,False
Hemafort,Tablet,2024-05-01,100,True,False
Hemafort,Tablet,2024-06-01,1100,True,False
Hemafort,Tablet,2024-07-01,0,True,False
Hemafort,Tablet,2024-08-01,0,True,False
Hemafort,Tablet,2024-09-01,0,True,False
Hemafort,Tablet,2024-10-01,0,True,False
Hemafort,Tablet,2024-11-01,0,True,False
Hemafort,Tablet,2024-12-01,0,True,False
Hemafort,Tablet,2025-01-01,0,False,False
Hemafort,Tablet,2025-02-01,0,False,False
Hemafort,Tablet,2025-03-01,0,False,False
Hemafort,Tablet,2025-04-01,0,False,True
Hemafort,Tablet,2025-05-01,0,False,False
Hemafort,Tablet,2025-06-01,0,False,False
Hemafort,Tablet,2025-07-01,0,False,False
Hemafort,Tablet,2025-08-01,0,False,False
Hemafort,Tablet,2025-09-01,0,False,False
Hemafort,Tablet,2025-10-01,0,False,False
Hemafort,Tablet,2025-11-01,0,False,False
Hemafort,Tablet,2025-12-01,0,False,False
Hemafort,Tablet,2026-01-01,0,False,False
Hemafort,Tablet,2026-02-01,0,False,False
Hemoglobin (drabkin),Botol 500 Ml,2024-01-01,0,False,False
Hemoglobin (drabkin),Botol 500 Ml,2024-02-01,0,False,False
Hemoglobin (drabkin),Botol 500 Ml,2024-03-01,0,False,False
Hemoglobin (drabkin),Botol 500 Ml,2024-04-01,0,False,False
Hemoglobin (drabkin),Botol 500 Ml,2024-05-01,0,False,False
Hemoglobin (drabkin),Botol 500 Ml,2024-06-01,0,False,False
Hemoglobin (drabkin),Botol 500 Ml,2024-07-01,0,False,False
Hemoglobin (drabkin),Botol 500 Ml,2024-08-01,0,False,False
Hemoglobin (drabkin),Botol 500 Ml,2024-09-01,0,False,False
Hemoglobin (drabkin),Botol 500 Ml,2024-10-01,0,True,False
Hemoglobin (drabkin),Botol 500 Ml,2024-11-01,1,True,False
Hemoglobin (drabkin),Botol 500 Ml,2024-12-01,1,True,False
Hemoglobin (drabkin),Botol 500 Ml,2025-01-01,0,False,False
Hemoglobin (drabkin),Botol 500 Ml,2025-02-01,0,False,False
Hemoglobin (drabkin),Botol 500 Ml,2025-03-01,0,False,False
Hemoglobin (drabkin),Botol 500 Ml,2025-04-01,0,False,True
Hemoglobin (drabkin),Botol 500 Ml,2025-05-01,0,False,False
Hemoglobin (drabkin),Botol 500 Ml,2025-06-01,0,False,False
Hemoglobin (drabkin),Botol 500 Ml,2025-07-01,0,False,False
Hemoglobin (drabkin),Botol 500 Ml,2025-08-01,0,False,False
Hemoglobin (drabkin),Botol 500 Ml,2025-09-01,0,False,False
Hemoglobin (drabkin),Botol 500 Ml,2025-10-01,0,False,False
Hemoglobin (drabkin),Botol 500 Ml,2025-11-01,0,False,False
Hemoglobin (drabkin),Botol 500 Ml,2025-12-01,0,False,False
Hemoglobin (drabkin),Botol 500 Ml,2026-01-01,0,False,False
Hemoglobin (drabkin),Botol 500 Ml,2026-02-01,0,False,False
Hemorogard tab,Tablet,2024-01-01,0,True,False
Hemorogard tab,Tablet,2024-02-01,0,True,False
Hemorogard tab,Tablet,2024-03-01,0,True,False
Hemorogard tab,Tablet,2024-04-01,0,True,False
Hemorogard tab,Tablet,2024-05-01,0,True,False
Hemorogard tab,Tablet,2024-06-01,0,True,False
Hemorogard tab,Tablet,2024-07-01,0,True,False
Hemorogard tab,Tablet,2024-08-01,0,True,False
Hemorogard tab,Tablet,2024-09-01,0,True,False
Hemorogard tab,Tablet,2024-10-01,0,True,False
Hemorogard tab,Tablet,2024-11-01,0,True,False
Hemorogard tab,Tablet,2024-12-01,0,True,False
Hemorogard tab,Tablet,2025-01-01,0,True,False
Hemorogard tab,Tablet,2025-02-01,0,True,False
Hemorogard tab,Tablet,2025-03-01,0,True,False
Hemorogard tab,Tablet,2025-04-01,0,False,True
Hemorogard tab,Tablet,2025-05-01,0,True,False
Hemorogard tab,Tablet,2025-06-01,0,True,False
Hemorogard tab,Tablet,2025-07-01,0,True,False
Hemorogard tab,Tablet,2025-08-01,0,True,False
Hemorogard tab,Tablet,2025-09-01,0,True,False
Hemorogard tab,Tablet,2025-10-01,0,True,False
Hemorogard tab,Tablet,2025-11-01,0,True,False
Hemorogard tab,Tablet,2025-12-01,0,True,False
Hemorogard tab,Tablet,2026-01-01,0,False,False
Hemorogard tab,Tablet,2026-02-01,0,False,False
Hepagard,Tablet,2024-01-01,60,True,False
Hepagard,Tablet,2024-02-01,20,True,False
Hepagard,Tablet,2024-03-01,5,True,False
Hepagard,Tablet,2024-04-01,5,True,False
Hepagard,Tablet,2024-05-01,0,True,False
Hepagard,Tablet,2024-06-01,50,True,False
Hepagard,Tablet,2024-07-01,45,True,False
Hepagard,Tablet,2024-08-01,15,True,False
Hepagard,Tablet,2024-09-01,15,True,False
Hepagard,Tablet,2024-10-01,0,True,False
Hepagard,Tablet,2024-11-01,25,True,False
Hepagard,Tablet,2024-12-01,0,True,False
Hepagard,Tablet,2025-01-01,0,True,False
Hepagard,Tablet,2025-02-01,0,True,False
Hepagard,Tablet,2025-03-01,0,True,False
Hepagard,Tablet,2025-04-01,0,False,True
Hepagard,Tablet,2025-05-01,0,True,False
Hepagard,Tablet,2025-06-01,0,True,False
Hepagard,Tablet,2025-07-01,0,True,False
Hepagard,Tablet,2025-08-01,0,True,False
Hepagard,Tablet,2025-09-01,0,True,False
Hepagard,Tablet,2025-10-01,0,True,False
Hepagard,Tablet,2025-11-01,0,True,False
Hepagard,Tablet,2025-12-01,10,True,False
Hepagard,Tablet,2026-01-01,0,True,False
Hepagard,Tablet,2026-02-01,20,True,False
Herbakof OBH Dws,Botol,2024-01-01,0,True,False
Herbakof OBH Dws,Botol,2024-02-01,0,True,False
Herbakof OBH Dws,Botol,2024-03-01,0,True,False
Herbakof OBH Dws,Botol,2024-04-01,0,True,False
Herbakof OBH Dws,Botol,2024-05-01,0,True,False
Herbakof OBH Dws,Botol,2024-06-01,0,True,False
Herbakof OBH Dws,Botol,2024-07-01,0,True,False
Herbakof OBH Dws,Botol,2024-08-01,0,True,False
Herbakof OBH Dws,Botol,2024-09-01,0,True,False
Herbakof OBH Dws,Botol,2024-10-01,0,True,False
Herbakof OBH Dws,Botol,2024-11-01,0,True,False
Herbakof OBH Dws,Botol,2024-12-01,0,True,False
Herbakof OBH Dws,Botol,2025-01-01,0,False,False
Herbakof OBH Dws,Botol,2025-02-01,0,False,False
Herbakof OBH Dws,Botol,2025-03-01,0,False,False
Herbakof OBH Dws,Botol,2025-04-01,0,False,True
Herbakof OBH Dws,Botol,2025-05-01,0,False,False
Herbakof OBH Dws,Botol,2025-06-01,0,False,False
Herbakof OBH Dws,Botol,2025-07-01,0,False,False
Herbakof OBH Dws,Botol,2025-08-01,0,False,False
Herbakof OBH Dws,Botol,2025-09-01,0,False,False
Herbakof OBH Dws,Botol,2025-10-01,0,False,False
Herbakof OBH Dws,Botol,2025-11-01,0,False,False
Herbakof OBH Dws,Botol,2025-12-01,0,False,False
Herbakof OBH Dws,Botol,2026-01-01,0,False,False
Herbakof OBH Dws,Botol,2026-02-01,0,False,False
Hidroklorotiazid (HCT) 25 mg,Tablet,2024-01-01,0,True,False
Hidroklorotiazid (HCT) 25 mg,Tablet,2024-02-01,0,True,False
Hidroklorotiazid (HCT) 25 mg,Tablet,2024-03-01,0,True,False
Hidroklorotiazid (HCT) 25 mg,Tablet,2024-04-01,0,True,False
Hidroklorotiazid (HCT) 25 mg,Tablet,2024-05-01,0,True,False
Hidroklorotiazid (HCT) 25 mg,Tablet,2024-06-01,0,True,False
Hidroklorotiazid (HCT) 25 mg,Tablet,2024-07-01,0,True,False
Hidroklorotiazid (HCT) 25 mg,Tablet,2024-08-01,0,True,False
Hidroklorotiazid (HCT) 25 mg,Tablet,2024-09-01,0,True,False
Hidroklorotiazid (HCT) 25 mg,Tablet,2024-10-01,0,True,False
Hidroklorotiazid (HCT) 25 mg,Tablet,2024-11-01,0,True,False
Hidroklorotiazid (HCT) 25 mg,Tablet,2024-12-01,0,True,False
Hidroklorotiazid (HCT) 25 mg,Tablet,2025-01-01,0,True,False
Hidroklorotiazid (HCT) 25 mg,Tablet,2025-02-01,0,True,False
Hidroklorotiazid (HCT) 25 mg,Tablet,2025-03-01,0,True,False
Hidroklorotiazid (HCT) 25 mg,Tablet,2025-04-01,0,False,True
Hidroklorotiazid (HCT) 25 mg,Tablet,2025-05-01,0,True,False
Hidroklorotiazid (HCT) 25 mg,Tablet,2025-06-01,0,True,False
Hidroklorotiazid (HCT) 25 mg,Tablet,2025-07-01,20,True,False
Hidroklorotiazid (HCT) 25 mg,Tablet,2025-08-01,20,True,False
Hidroklorotiazid (HCT) 25 mg,Tablet,2025-09-01,0,True,False
Hidroklorotiazid (HCT) 25 mg,Tablet,2025-10-01,40,True,False
Hidroklorotiazid (HCT) 25 mg,Tablet,2025-11-01,40,True,False
Hidroklorotiazid (HCT) 25 mg,Tablet,2025-12-01,50,True,False
Hidroklorotiazid (HCT) 25 mg,Tablet,2026-01-01,40,True,False
Hidroklorotiazid (HCT) 25 mg,Tablet,2026-02-01,90,True,False
"Hidrokortison 2,5 % krim",Tube,2024-01-01,75,True,False
"Hidrokortison 2,5 % krim",Tube,2024-02-01,20,True,False
"Hidrokortison 2,5 % krim",Tube,2024-03-01,75,True,False
"Hidrokortison 2,5 % krim",Tube,2024-04-01,17,True,False
"Hidrokortison 2,5 % krim",Tube,2024-05-01,42,True,False
"Hidrokortison 2,5 % krim",Tube,2024-06-01,10,True,False
"Hidrokortison 2,5 % krim",Tube,2024-07-01,44,True,False
"Hidrokortison 2,5 % krim",Tube,2024-08-01,33,True,False
"Hidrokortison 2,5 % krim",Tube,2024-09-01,55,True,False
"Hidrokortison 2,5 % krim",Tube,2024-10-01,42,True,False
"Hidrokortison 2,5 % krim",Tube,2024-11-01,66,True,False
"Hidrokortison 2,5 % krim",Tube,2024-12-01,17,True,False
"Hidrokortison 2,5 % krim",Tube,2025-01-01,44,True,False
"Hidrokortison 2,5 % krim",Tube,2025-02-01,0,True,False
"Hidrokortison 2,5 % krim",Tube,2025-03-01,0,True,False
"Hidrokortison 2,5 % krim",Tube,2025-04-01,8,False,True
"Hidrokortison 2,5 % krim",Tube,2025-05-01,15,True,False
"Hidrokortison 2,5 % krim",Tube,2025-06-01,0,True,False
"Hidrokortison 2,5 % krim",Tube,2025-07-01,28,True,False
"Hidrokortison 2,5 % krim",Tube,2025-08-01,3,True,False
"Hidrokortison 2,5 % krim",Tube,2025-09-01,45,True,False
"Hidrokortison 2,5 % krim",Tube,2025-10-01,40,True,False
"Hidrokortison 2,5 % krim",Tube,2025-11-01,13,True,False
"Hidrokortison 2,5 % krim",Tube,2025-12-01,25,True,False
"Hidrokortison 2,5 % krim",Tube,2026-01-01,35,True,False
"Hidrokortison 2,5 % krim",Tube,2026-02-01,17,True,False
Hustab sirup / Lexavon,Botol,2024-01-01,0,False,False
Hustab sirup / Lexavon,Botol,2024-02-01,0,False,False
Hustab sirup / Lexavon,Botol,2024-03-01,0,False,False
Hustab sirup / Lexavon,Botol,2024-04-01,0,False,False
Hustab sirup / Lexavon,Botol,2024-05-01,0,False,False
Hustab sirup / Lexavon,Botol,2024-06-01,0,False,False
Hustab sirup / Lexavon,Botol,2024-07-01,0,False,False
Hustab sirup / Lexavon,Botol,2024-08-01,0,False,False
Hustab sirup / Lexavon,Botol,2024-09-01,0,False,False
Hustab sirup / Lexavon,Botol,2024-10-01,0,False,False
Hustab sirup / Lexavon,Botol,2024-11-01,0,False,False
Hustab sirup / Lexavon,Botol,2024-12-01,0,False,False
Hustab sirup / Lexavon,Botol,2025-01-01,0,True,False
Hustab sirup / Lexavon,Botol,2025-02-01,0,True,False
Hustab sirup / Lexavon,Botol,2025-03-01,0,True,False
Hustab sirup / Lexavon,Botol,2025-04-01,0,False,True
Hustab sirup / Lexavon,Botol,2025-05-01,0,True,False
Hustab sirup / Lexavon,Botol,2025-06-01,0,True,False
Hustab sirup / Lexavon,Botol,2025-07-01,0,True,False
Hustab sirup / Lexavon,Botol,2025-08-01,0,True,False
Hustab sirup / Lexavon,Botol,2025-09-01,0,True,False
Hustab sirup / Lexavon,Botol,2025-10-01,0,True,False
Hustab sirup / Lexavon,Botol,2025-11-01,0,True,False
Hustab sirup / Lexavon,Botol,2025-12-01,0,True,False
Hustab sirup / Lexavon,Botol,2026-01-01,0,False,False
Hustab sirup / Lexavon,Botol,2026-02-01,0,False,False
Hustab tab,Tablet,2024-01-01,300,True,False
Hustab tab,Tablet,2024-02-01,1200,True,False
Hustab tab,Tablet,2024-03-01,738,True,False
Hustab tab,Tablet,2024-04-01,162,True,False
Hustab tab,Tablet,2024-05-01,0,True,False
Hustab tab,Tablet,2024-06-01,0,True,False
Hustab tab,Tablet,2024-07-01,0,True,False
Hustab tab,Tablet,2024-08-01,0,True,False
Hustab tab,Tablet,2024-09-01,0,True,False
Hustab tab,Tablet,2024-10-01,0,True,False
Hustab tab,Tablet,2024-11-01,0,True,False
Hustab tab,Tablet,2024-12-01,0,True,False
Hustab tab,Tablet,2025-01-01,0,True,False
Hustab tab,Tablet,2025-02-01,0,True,False
Hustab tab,Tablet,2025-03-01,0,True,False
Hustab tab,Tablet,2025-04-01,0,False,True
Hustab tab,Tablet,2025-05-01,0,True,False
Hustab tab,Tablet,2025-06-01,12,True,False
Hustab tab,Tablet,2025-07-01,450,True,False
Hustab tab,Tablet,2025-08-01,238,True,False
Hustab tab,Tablet,2025-09-01,1310,True,False
Hustab tab,Tablet,2025-10-01,1390,True,False
Hustab tab,Tablet,2025-11-01,550,True,False
Hustab tab,Tablet,2025-12-01,2568,True,False
Hustab tab,Tablet,2026-01-01,1676,True,False
Hustab tab,Tablet,2026-02-01,1736,True,False
Hyoscine butilbromide inj 20 mg/ml,Ampul,2024-01-01,0,False,False
Hyoscine butilbromide inj 20 mg/ml,Ampul,2024-02-01,0,False,False
Hyoscine butilbromide inj 20 mg/ml,Ampul,2024-03-01,0,False,False
Hyoscine butilbromide inj 20 mg/ml,Ampul,2024-04-01,0,False,False
Hyoscine butilbromide inj 20 mg/ml,Ampul,2024-05-01,0,False,False
Hyoscine butilbromide inj 20 mg/ml,Ampul,2024-06-01,0,False,False
Hyoscine butilbromide inj 20 mg/ml,Ampul,2024-07-01,0,False,False
Hyoscine butilbromide inj 20 mg/ml,Ampul,2024-08-01,0,False,False
Hyoscine butilbromide inj 20 mg/ml,Ampul,2024-09-01,0,False,False
Hyoscine butilbromide inj 20 mg/ml,Ampul,2024-10-01,0,False,False
Hyoscine butilbromide inj 20 mg/ml,Ampul,2024-11-01,0,False,False
Hyoscine butilbromide inj 20 mg/ml,Ampul,2024-12-01,0,False,False
Hyoscine butilbromide inj 20 mg/ml,Ampul,2025-01-01,0,True,False
Hyoscine butilbromide inj 20 mg/ml,Ampul,2025-02-01,0,True,False
Hyoscine butilbromide inj 20 mg/ml,Ampul,2025-03-01,10,True,False
Hyoscine butilbromide inj 20 mg/ml,Ampul,2025-04-01,5,False,True
Hyoscine butilbromide inj 20 mg/ml,Ampul,2025-05-01,0,True,False
Hyoscine butilbromide inj 20 mg/ml,Ampul,2025-06-01,0,True,False
Hyoscine butilbromide inj 20 mg/ml,Ampul,2025-07-01,0,True,False
Hyoscine butilbromide inj 20 mg/ml,Ampul,2025-08-01,0,True,False
Hyoscine butilbromide inj 20 mg/ml,Ampul,2025-09-01,0,True,False
Hyoscine butilbromide inj 20 mg/ml,Ampul,2025-10-01,0,True,False
Hyoscine butilbromide inj 20 mg/ml,Ampul,2025-11-01,0,True,False
Hyoscine butilbromide inj 20 mg/ml,Ampul,2025-12-01,0,True,False
Hyoscine butilbromide inj 20 mg/ml,Ampul,2026-01-01,0,False,False
Hyoscine butilbromide inj 20 mg/ml,Ampul,2026-02-01,0,False,False
Hyoscine butilbromide tab 10 mg,Tablet,2024-01-01,0,False,False
Hyoscine butilbromide tab 10 mg,Tablet,2024-02-01,0,False,False
Hyoscine butilbromide tab 10 mg,Tablet,2024-03-01,0,False,False
Hyoscine butilbromide tab 10 mg,Tablet,2024-04-01,0,False,False
Hyoscine butilbromide tab 10 mg,Tablet,2024-05-01,0,False,False
Hyoscine butilbromide tab 10 mg,Tablet,2024-06-01,0,False,False
Hyoscine butilbromide tab 10 mg,Tablet,2024-07-01,0,False,False
Hyoscine butilbromide tab 10 mg,Tablet,2024-08-01,0,False,False
Hyoscine butilbromide tab 10 mg,Tablet,2024-09-01,0,False,False
Hyoscine butilbromide tab 10 mg,Tablet,2024-10-01,0,False,False
Hyoscine butilbromide tab 10 mg,Tablet,2024-11-01,0,False,False
Hyoscine butilbromide tab 10 mg,Tablet,2024-12-01,0,False,False
Hyoscine butilbromide tab 10 mg,Tablet,2025-01-01,125,True,False
Hyoscine butilbromide tab 10 mg,Tablet,2025-02-01,170,True,False
Hyoscine butilbromide tab 10 mg,Tablet,2025-03-01,170,True,False
Hyoscine butilbromide tab 10 mg,Tablet,2025-04-01,190,False,True
Hyoscine butilbromide tab 10 mg,Tablet,2025-05-01,210,True,False
Hyoscine butilbromide tab 10 mg,Tablet,2025-06-01,70,True,False
Hyoscine butilbromide tab 10 mg,Tablet,2025-07-01,185,True,False
Hyoscine butilbromide tab 10 mg,Tablet,2025-08-01,705,True,False
Hyoscine butilbromide tab 10 mg,Tablet,2025-09-01,0,True,False
Hyoscine butilbromide tab 10 mg,Tablet,2025-10-01,255,True,False
Hyoscine butilbromide tab 10 mg,Tablet,2025-11-01,130,True,False
Hyoscine butilbromide tab 10 mg,Tablet,2025-12-01,348,True,False
Hyoscine butilbromide tab 10 mg,Tablet,2026-01-01,298,True,False
Hyoscine butilbromide tab 10 mg,Tablet,2026-02-01,149,True,False
Hyoscine plus paracetamol tab,Tidak Diketahui,2024-01-01,0,False,False
Hyoscine plus paracetamol tab,Tidak Diketahui,2024-02-01,0,False,False
Hyoscine plus paracetamol tab,Tidak Diketahui,2024-03-01,0,False,False
Hyoscine plus paracetamol tab,Tidak Diketahui,2024-04-01,0,False,False
Hyoscine plus paracetamol tab,Tidak Diketahui,2024-05-01,0,False,False
Hyoscine plus paracetamol tab,Tidak Diketahui,2024-06-01,0,False,False
Hyoscine plus paracetamol tab,Tidak Diketahui,2024-07-01,0,False,False
Hyoscine plus paracetamol tab,Tidak Diketahui,2024-08-01,0,False,False
Hyoscine plus paracetamol tab,Tidak Diketahui,2024-09-01,0,False,False
Hyoscine plus paracetamol tab,Tidak Diketahui,2024-10-01,0,False,False
Hyoscine plus paracetamol tab,Tidak Diketahui,2024-11-01,0,False,False
Hyoscine plus paracetamol tab,Tidak Diketahui,2024-12-01,0,False,False
Hyoscine plus paracetamol tab,Tidak Diketahui,2025-01-01,0,True,False
Hyoscine plus paracetamol tab,Tidak Diketahui,2025-02-01,0,True,False
Hyoscine plus paracetamol tab,Tidak Diketahui,2025-03-01,0,True,False
Hyoscine plus paracetamol tab,Tidak Diketahui,2025-04-01,0,False,True
Hyoscine plus paracetamol tab,Tidak Diketahui,2025-05-01,0,True,False
Hyoscine plus paracetamol tab,Tidak Diketahui,2025-06-01,0,True,False
Hyoscine plus paracetamol tab,Tidak Diketahui,2025-07-01,0,True,False
Hyoscine plus paracetamol tab,Tidak Diketahui,2025-08-01,0,True,False
Hyoscine plus paracetamol tab,Tidak Diketahui,2025-09-01,0,True,False
Hyoscine plus paracetamol tab,Tidak Diketahui,2025-10-01,0,True,False
Hyoscine plus paracetamol tab,Tidak Diketahui,2025-11-01,0,True,False
Hyoscine plus paracetamol tab,Tidak Diketahui,2025-12-01,0,True,False
Hyoscine plus paracetamol tab,Tidak Diketahui,2026-01-01,0,True,False
Hyoscine plus paracetamol tab,Tidak Diketahui,2026-02-01,0,True,False
Hyosin N- butyl bromide,Tablet,2024-01-01,276,True,False
Hyosin N- butyl bromide,Tablet,2024-02-01,260,True,False
Hyosin N- butyl bromide,Tablet,2024-03-01,70,True,False
Hyosin N- butyl bromide,Tablet,2024-04-01,30,True,False
Hyosin N- butyl bromide,Tablet,2024-05-01,0,True,False
Hyosin N- butyl bromide,Tablet,2024-06-01,0,True,False
Hyosin N- butyl bromide,Tablet,2024-07-01,0,True,False
Hyosin N- butyl bromide,Tablet,2024-08-01,0,False,False
Hyosin N- butyl bromide,Tablet,2024-09-01,0,False,False
Hyosin N- butyl bromide,Tablet,2024-10-01,0,False,False
Hyosin N- butyl bromide,Tablet,2024-11-01,0,False,False
Hyosin N- butyl bromide,Tablet,2024-12-01,0,False,False
Hyosin N- butyl bromide,Tablet,2025-01-01,0,False,False
Hyosin N- butyl bromide,Tablet,2025-02-01,0,False,False
Hyosin N- butyl bromide,Tablet,2025-03-01,0,False,False
Hyosin N- butyl bromide,Tablet,2025-04-01,0,False,True
Hyosin N- butyl bromide,Tablet,2025-05-01,0,False,False
Hyosin N- butyl bromide,Tablet,2025-06-01,0,False,False
Hyosin N- butyl bromide,Tablet,2025-07-01,0,False,False
Hyosin N- butyl bromide,Tablet,2025-08-01,0,False,False
Hyosin N- butyl bromide,Tablet,2025-09-01,0,False,False
Hyosin N- butyl bromide,Tablet,2025-10-01,0,False,False
Hyosin N- butyl bromide,Tablet,2025-11-01,0,False,False
Hyosin N- butyl bromide,Tablet,2025-12-01,0,False,False
Hyosin N- butyl bromide,Tablet,2026-01-01,0,False,False
Hyosin N- butyl bromide,Tablet,2026-02-01,0,False,False
Hyosin N- butyl bromide / Scopma,Tablet,2024-01-01,0,False,False
Hyosin N- butyl bromide / Scopma,Tablet,2024-02-01,0,False,False
Hyosin N- butyl bromide / Scopma,Tablet,2024-03-01,0,False,False
Hyosin N- butyl bromide / Scopma,Tablet,2024-04-01,0,False,False
Hyosin N- butyl bromide / Scopma,Tablet,2024-05-01,0,False,False
Hyosin N- butyl bromide / Scopma,Tablet,2024-06-01,0,False,False
Hyosin N- butyl bromide / Scopma,Tablet,2024-07-01,0,False,False
Hyosin N- butyl bromide / Scopma,Tablet,2024-08-01,160,True,False
Hyosin N- butyl bromide / Scopma,Tablet,2024-09-01,0,True,False
Hyosin N- butyl bromide / Scopma,Tablet,2024-10-01,215,True,False
Hyosin N- butyl bromide / Scopma,Tablet,2024-11-01,275,True,False
Hyosin N- butyl bromide / Scopma,Tablet,2024-12-01,0,True,False
Hyosin N- butyl bromide / Scopma,Tablet,2025-01-01,0,False,False
Hyosin N- butyl bromide / Scopma,Tablet,2025-02-01,0,False,False
Hyosin N- butyl bromide / Scopma,Tablet,2025-03-01,0,False,False
Hyosin N- butyl bromide / Scopma,Tablet,2025-04-01,0,False,True
Hyosin N- butyl bromide / Scopma,Tablet,2025-05-01,0,False,False
Hyosin N- butyl bromide / Scopma,Tablet,2025-06-01,0,False,False
Hyosin N- butyl bromide / Scopma,Tablet,2025-07-01,0,False,False
Hyosin N- butyl bromide / Scopma,Tablet,2025-08-01,0,False,False
Hyosin N- butyl bromide / Scopma,Tablet,2025-09-01,0,False,False
Hyosin N- butyl bromide / Scopma,Tablet,2025-10-01,0,False,False
Hyosin N- butyl bromide / Scopma,Tablet,2025-11-01,0,False,False
Hyosin N- butyl bromide / Scopma,Tablet,2025-12-01,0,False,False
Hyosin N- butyl bromide / Scopma,Tablet,2026-01-01,0,False,False
Hyosin N- butyl bromide / Scopma,Tablet,2026-02-01,0,False,False
Hyosin N- butyl bromide inj,Ampul,2024-01-01,0,False,False
Hyosin N- butyl bromide inj,Ampul,2024-02-01,0,False,False
Hyosin N- butyl bromide inj,Ampul,2024-03-01,0,False,False
Hyosin N- butyl bromide inj,Ampul,2024-04-01,0,False,False
Hyosin N- butyl bromide inj,Ampul,2024-05-01,0,False,False
Hyosin N- butyl bromide inj,Ampul,2024-06-01,0,False,False
Hyosin N- butyl bromide inj,Ampul,2024-07-01,0,False,False
Hyosin N- butyl bromide inj,Ampul,2024-08-01,0,True,False
Hyosin N- butyl bromide inj,Ampul,2024-09-01,0,True,False
Hyosin N- butyl bromide inj,Ampul,2024-10-01,0,True,False
Hyosin N- butyl bromide inj,Ampul,2024-11-01,0,True,False
Hyosin N- butyl bromide inj,Ampul,2024-12-01,0,True,False
Hyosin N- butyl bromide inj,Ampul,2025-01-01,0,False,False
Hyosin N- butyl bromide inj,Ampul,2025-02-01,0,False,False
Hyosin N- butyl bromide inj,Ampul,2025-03-01,0,False,False
Hyosin N- butyl bromide inj,Ampul,2025-04-01,0,False,True
Hyosin N- butyl bromide inj,Ampul,2025-05-01,0,False,False
Hyosin N- butyl bromide inj,Ampul,2025-06-01,0,False,False
Hyosin N- butyl bromide inj,Ampul,2025-07-01,0,False,False
Hyosin N- butyl bromide inj,Ampul,2025-08-01,0,False,False
Hyosin N- butyl bromide inj,Ampul,2025-09-01,0,False,False
Hyosin N- butyl bromide inj,Ampul,2025-10-01,0,False,False
Hyosin N- butyl bromide inj,Ampul,2025-11-01,0,False,False
Hyosin N- butyl bromide inj,Ampul,2025-12-01,0,False,False
Hyosin N- butyl bromide inj,Ampul,2026-01-01,0,False,False
Hyosin N- butyl bromide inj,Ampul,2026-02-01,0,False,False
ISE deproteinizer,Tidak Diketahui,2024-01-01,0,False,False
ISE deproteinizer,Tidak Diketahui,2024-02-01,0,False,False
ISE deproteinizer,Tidak Diketahui,2024-03-01,0,False,False
ISE deproteinizer,Tidak Diketahui,2024-04-01,0,False,False
ISE deproteinizer,Tidak Diketahui,2024-05-01,0,False,False
ISE deproteinizer,Tidak Diketahui,2024-06-01,0,False,False
ISE deproteinizer,Tidak Diketahui,2024-07-01,0,False,False
ISE deproteinizer,Tidak Diketahui,2024-08-01,0,False,False
ISE deproteinizer,Tidak Diketahui,2024-09-01,0,False,False
ISE deproteinizer,Tidak Diketahui,2024-10-01,0,False,False
ISE deproteinizer,Tidak Diketahui,2024-11-01,0,False,False
ISE deproteinizer,Tidak Diketahui,2024-12-01,0,False,False
ISE deproteinizer,Tidak Diketahui,2025-01-01,0,True,False
ISE deproteinizer,Tidak Diketahui,2025-02-01,0,True,False
ISE deproteinizer,Tidak Diketahui,2025-03-01,0,True,False
ISE deproteinizer,Tidak Diketahui,2025-04-01,0,False,True
ISE deproteinizer,Tidak Diketahui,2025-05-01,0,True,False
ISE deproteinizer,Tidak Diketahui,2025-06-01,0,True,False
ISE deproteinizer,Tidak Diketahui,2025-07-01,0,True,False
ISE deproteinizer,Tidak Diketahui,2025-08-01,0,True,False
ISE deproteinizer,Tidak Diketahui,2025-09-01,0,True,False
ISE deproteinizer,Tidak Diketahui,2025-10-01,0,True,False
ISE deproteinizer,Tidak Diketahui,2025-11-01,0,True,False
ISE deproteinizer,Tidak Diketahui,2025-12-01,0,True,False
ISE deproteinizer,Tidak Diketahui,2026-01-01,0,False,False
ISE deproteinizer,Tidak Diketahui,2026-02-01,0,False,False
Ibuprofen 100 mg/5 ml sirup,Tidak Diketahui,2024-01-01,0,False,False
Ibuprofen 100 mg/5 ml sirup,Tidak Diketahui,2024-02-01,0,False,False
Ibuprofen 100 mg/5 ml sirup,Tidak Diketahui,2024-03-01,0,False,False
Ibuprofen 100 mg/5 ml sirup,Tidak Diketahui,2024-04-01,0,False,False
Ibuprofen 100 mg/5 ml sirup,Tidak Diketahui,2024-05-01,0,False,False
Ibuprofen 100 mg/5 ml sirup,Tidak Diketahui,2024-06-01,0,False,False
Ibuprofen 100 mg/5 ml sirup,Tidak Diketahui,2024-07-01,0,False,False
Ibuprofen 100 mg/5 ml sirup,Tidak Diketahui,2024-08-01,0,False,False
Ibuprofen 100 mg/5 ml sirup,Tidak Diketahui,2024-09-01,0,False,False
Ibuprofen 100 mg/5 ml sirup,Tidak Diketahui,2024-10-01,0,False,False
Ibuprofen 100 mg/5 ml sirup,Tidak Diketahui,2024-11-01,0,False,False
Ibuprofen 100 mg/5 ml sirup,Tidak Diketahui,2024-12-01,0,False,False
Ibuprofen 100 mg/5 ml sirup,Tidak Diketahui,2025-01-01,0,True,False
Ibuprofen 100 mg/5 ml sirup,Tidak Diketahui,2025-02-01,0,True,False
Ibuprofen 100 mg/5 ml sirup,Tidak Diketahui,2025-03-01,0,True,False
Ibuprofen 100 mg/5 ml sirup,Tidak Diketahui,2025-04-01,0,False,True
Ibuprofen 100 mg/5 ml sirup,Tidak Diketahui,2025-05-01,0,True,False
Ibuprofen 100 mg/5 ml sirup,Tidak Diketahui,2025-06-01,0,True,False
Ibuprofen 100 mg/5 ml sirup,Tidak Diketahui,2025-07-01,0,True,False
Ibuprofen 100 mg/5 ml sirup,Tidak Diketahui,2025-08-01,0,True,False
Ibuprofen 100 mg/5 ml sirup,Tidak Diketahui,2025-09-01,0,True,False
Ibuprofen 100 mg/5 ml sirup,Tidak Diketahui,2025-10-01,0,True,False
Ibuprofen 100 mg/5 ml sirup,Tidak Diketahui,2025-11-01,0,True,False
Ibuprofen 100 mg/5 ml sirup,Tidak Diketahui,2025-12-01,0,True,False
Ibuprofen 100 mg/5 ml sirup,Tidak Diketahui,2026-01-01,0,False,False
Ibuprofen 100 mg/5 ml sirup,Tidak Diketahui,2026-02-01,0,False,False
Ibuprofen 200 mg,Tablet,2024-01-01,100,True,False
Ibuprofen 200 mg,Tablet,2024-02-01,0,True,False
Ibuprofen 200 mg,Tablet,2024-03-01,0,True,False
Ibuprofen 200 mg,Tablet,2024-04-01,0,True,False
Ibuprofen 200 mg,Tablet,2024-05-01,0,True,False
Ibuprofen 200 mg,Tablet,2024-06-01,0,True,False
Ibuprofen 200 mg,Tablet,2024-07-01,0,True,False
Ibuprofen 200 mg,Tablet,2024-08-01,0,True,False
Ibuprofen 200 mg,Tablet,2024-09-01,0,True,False
Ibuprofen 200 mg,Tablet,2024-10-01,0,True,False
Ibuprofen 200 mg,Tablet,2024-11-01,0,True,False
Ibuprofen 200 mg,Tablet,2024-12-01,0,True,False
Ibuprofen 200 mg,Tablet,2025-01-01,0,True,False
Ibuprofen 200 mg,Tablet,2025-02-01,0,True,False
Ibuprofen 200 mg,Tablet,2025-03-01,0,True,False
Ibuprofen 200 mg,Tablet,2025-04-01,0,False,True
Ibuprofen 200 mg,Tablet,2025-05-01,0,True,False
Ibuprofen 200 mg,Tablet,2025-06-01,0,True,False
Ibuprofen 200 mg,Tablet,2025-07-01,0,True,False
Ibuprofen 200 mg,Tablet,2025-08-01,0,True,False
Ibuprofen 200 mg,Tablet,2025-09-01,0,True,False
Ibuprofen 200 mg,Tablet,2025-10-01,0,True,False
Ibuprofen 200 mg,Tablet,2025-11-01,0,True,False
Ibuprofen 200 mg,Tablet,2025-12-01,0,True,False
Ibuprofen 200 mg,Tablet,2026-01-01,0,False,False
Ibuprofen 200 mg,Tablet,2026-02-01,0,False,False
Ibuprofen 400 mg,Tablet,2024-01-01,110,True,False
Ibuprofen 400 mg,Tablet,2024-02-01,390,True,False
Ibuprofen 400 mg,Tablet,2024-03-01,0,True,False
Ibuprofen 400 mg,Tablet,2024-04-01,0,True,False
Ibuprofen 400 mg,Tablet,2024-05-01,0,True,False
Ibuprofen 400 mg,Tablet,2024-06-01,0,True,False
Ibuprofen 400 mg,Tablet,2024-07-01,0,True,False
Ibuprofen 400 mg,Tablet,2024-08-01,0,True,False
Ibuprofen 400 mg,Tablet,2024-09-01,0,True,False
Ibuprofen 400 mg,Tablet,2024-10-01,0,True,False
Ibuprofen 400 mg,Tablet,2024-11-01,0,True,False
Ibuprofen 400 mg,Tablet,2024-12-01,0,True,False
Ibuprofen 400 mg,Tablet,2025-01-01,0,True,False
Ibuprofen 400 mg,Tablet,2025-02-01,0,True,False
Ibuprofen 400 mg,Tablet,2025-03-01,20,True,False
Ibuprofen 400 mg,Tablet,2025-04-01,48,False,True
Ibuprofen 400 mg,Tablet,2025-05-01,76,True,False
Ibuprofen 400 mg,Tablet,2025-06-01,1134,True,False
Ibuprofen 400 mg,Tablet,2025-07-01,684,True,False
Ibuprofen 400 mg,Tablet,2025-08-01,726,True,False
Ibuprofen 400 mg,Tablet,2025-09-01,670,True,False
Ibuprofen 400 mg,Tablet,2025-10-01,760,True,False
Ibuprofen 400 mg,Tablet,2025-11-01,800,True,False
Ibuprofen 400 mg,Tablet,2025-12-01,1030,True,False
Ibuprofen 400 mg,Tablet,2026-01-01,3091,True,False
Ibuprofen 400 mg,Tablet,2026-02-01,751,True,False
Ichtyol salep,Pot 15 G,2024-01-01,0,True,False
Ichtyol salep,Pot 15 G,2024-02-01,2,True,False
Ichtyol salep,Pot 15 G,2024-03-01,0,True,False
Ichtyol salep,Pot 15 G,2024-04-01,0,True,False
Ichtyol salep,Pot 15 G,2024-05-01,30,True,False
Ichtyol salep,Pot 15 G,2024-06-01,0,False,False
Ichtyol salep,Pot 15 G,2024-07-01,0,False,False
Ichtyol salep,Pot 15 G,2024-08-01,0,False,False
Ichtyol salep,Pot 15 G,2024-09-01,0,False,False
Ichtyol salep,Pot 15 G,2024-10-01,0,False,False
Ichtyol salep,Pot 15 G,2024-11-01,0,False,False
Ichtyol salep,Pot 15 G,2024-12-01,0,False,False
Ichtyol salep,Pot 15 G,2025-01-01,0,False,False
Ichtyol salep,Pot 15 G,2025-02-01,0,False,False
Ichtyol salep,Pot 15 G,2025-03-01,0,False,False
Ichtyol salep,Pot 15 G,2025-04-01,0,False,True
Ichtyol salep,Pot 15 G,2025-05-01,0,False,False
Ichtyol salep,Pot 15 G,2025-06-01,0,False,False
Ichtyol salep,Pot 15 G,2025-07-01,0,False,False
Ichtyol salep,Pot 15 G,2025-08-01,0,False,False
Ichtyol salep,Pot 15 G,2025-09-01,0,False,False
Ichtyol salep,Pot 15 G,2025-10-01,0,False,False
Ichtyol salep,Pot 15 G,2025-11-01,0,False,False
Ichtyol salep,Pot 15 G,2025-12-01,0,False,False
Ichtyol salep,Pot 15 G,2026-01-01,0,False,False
Ichtyol salep,Pot 15 G,2026-02-01,0,False,False
Ifibion,Tablet,2024-01-01,0,True,False
Ifibion,Tablet,2024-02-01,0,True,False
Ifibion,Tablet,2024-03-01,0,False,False
Ifibion,Tablet,2024-04-01,0,False,False
Ifibion,Tablet,2024-05-01,0,False,False
Ifibion,Tablet,2024-06-01,0,False,False
Ifibion,Tablet,2024-07-01,0,False,False
Ifibion,Tablet,2024-08-01,0,False,False
Ifibion,Tablet,2024-09-01,0,False,False
Ifibion,Tablet,2024-10-01,0,False,False
Ifibion,Tablet,2024-11-01,0,False,False
Ifibion,Tablet,2024-12-01,0,False,False
Ifibion,Tablet,2025-01-01,0,False,False
Ifibion,Tablet,2025-02-01,0,False,False
Ifibion,Tablet,2025-03-01,0,False,False
Ifibion,Tablet,2025-04-01,0,False,True
Ifibion,Tablet,2025-05-01,0,False,False
Ifibion,Tablet,2025-06-01,0,False,False
Ifibion,Tablet,2025-07-01,0,False,False
Ifibion,Tablet,2025-08-01,0,False,False
Ifibion,Tablet,2025-09-01,0,False,False
Ifibion,Tablet,2025-10-01,0,False,False
Ifibion,Tablet,2025-11-01,0,False,False
Ifibion,Tablet,2025-12-01,0,False,False
Ifibion,Tablet,2026-01-01,0,False,False
Ifibion,Tablet,2026-02-01,0,False,False
Ikhtamol salep 15 g,Pot 15 G,2024-01-01,0,False,False
Ikhtamol salep 15 g,Pot 15 G,2024-02-01,0,False,False
Ikhtamol salep 15 g,Pot 15 G,2024-03-01,0,False,False
Ikhtamol salep 15 g,Pot 15 G,2024-04-01,0,False,False
Ikhtamol salep 15 g,Pot 15 G,2024-05-01,0,False,False
Ikhtamol salep 15 g,Pot 15 G,2024-06-01,0,False,False
Ikhtamol salep 15 g,Pot 15 G,2024-07-01,0,False,False
Ikhtamol salep 15 g,Pot 15 G,2024-08-01,0,False,False
Ikhtamol salep 15 g,Pot 15 G,2024-09-01,0,False,False
Ikhtamol salep 15 g,Pot 15 G,2024-10-01,0,False,False
Ikhtamol salep 15 g,Pot 15 G,2024-11-01,0,False,False
Ikhtamol salep 15 g,Pot 15 G,2024-12-01,0,False,False
Ikhtamol salep 15 g,Pot 15 G,2025-01-01,0,True,False
Ikhtamol salep 15 g,Pot 15 G,2025-02-01,0,True,False
Ikhtamol salep 15 g,Pot 15 G,2025-03-01,0,True,False
Ikhtamol salep 15 g,Pot 15 G,2025-04-01,0,False,True
Ikhtamol salep 15 g,Pot 15 G,2025-05-01,0,True,False
Ikhtamol salep 15 g,Pot 15 G,2025-06-01,0,True,False
Ikhtamol salep 15 g,Pot 15 G,2025-07-01,0,True,False
Ikhtamol salep 15 g,Pot 15 G,2025-08-01,0,True,False
Ikhtamol salep 15 g,Pot 15 G,2025-09-01,0,True,False
Ikhtamol salep 15 g,Pot 15 G,2025-10-01,0,True,False
Ikhtamol salep 15 g,Pot 15 G,2025-11-01,0,True,False
Ikhtamol salep 15 g,Pot 15 G,2025-12-01,0,True,False
Ikhtamol salep 15 g,Pot 15 G,2026-01-01,0,False,False
Ikhtamol salep 15 g,Pot 15 G,2026-02-01,0,False,False
Indec HIV 1/2 dan Syphilis Combo,Kit 10 Test,2024-01-01,0,False,False
Indec HIV 1/2 dan Syphilis Combo,Kit 10 Test,2024-02-01,0,False,False
Indec HIV 1/2 dan Syphilis Combo,Kit 10 Test,2024-03-01,0,False,False
Indec HIV 1/2 dan Syphilis Combo,Kit 10 Test,2024-04-01,0,False,False
Indec HIV 1/2 dan Syphilis Combo,Kit 10 Test,2024-05-01,0,False,False
Indec HIV 1/2 dan Syphilis Combo,Kit 10 Test,2024-06-01,0,False,False
Indec HIV 1/2 dan Syphilis Combo,Kit 10 Test,2024-07-01,0,False,False
Indec HIV 1/2 dan Syphilis Combo,Kit 10 Test,2024-08-01,0,False,False
Indec HIV 1/2 dan Syphilis Combo,Kit 10 Test,2024-09-01,0,False,False
Indec HIV 1/2 dan Syphilis Combo,Kit 10 Test,2024-10-01,0,False,False
Indec HIV 1/2 dan Syphilis Combo,Kit 10 Test,2024-11-01,0,False,False
Indec HIV 1/2 dan Syphilis Combo,Kit 10 Test,2024-12-01,0,False,False
Indec HIV 1/2 dan Syphilis Combo,Kit 10 Test,2025-01-01,0,False,False
Indec HIV 1/2 dan Syphilis Combo,Kit 10 Test,2025-02-01,0,False,False
Indec HIV 1/2 dan Syphilis Combo,Kit 10 Test,2025-03-01,0,False,False
Indec HIV 1/2 dan Syphilis Combo,Kit 10 Test,2025-04-01,0,False,True
Indec HIV 1/2 dan Syphilis Combo,Kit 10 Test,2025-05-01,0,False,False
Indec HIV 1/2 dan Syphilis Combo,Kit 10 Test,2025-06-01,0,False,False
Indec HIV 1/2 dan Syphilis Combo,Kit 10 Test,2025-07-01,0,False,False
Indec HIV 1/2 dan Syphilis Combo,Kit 10 Test,2025-08-01,1,True,False
Indec HIV 1/2 dan Syphilis Combo,Kit 10 Test,2025-09-01,0,True,False
Indec HIV 1/2 dan Syphilis Combo,Kit 10 Test,2025-10-01,4,True,False
Indec HIV 1/2 dan Syphilis Combo,Kit 10 Test,2025-11-01,6,True,False
Indec HIV 1/2 dan Syphilis Combo,Kit 10 Test,2025-12-01,7,True,False
Indec HIV 1/2 dan Syphilis Combo,Kit 10 Test,2026-01-01,0,False,False
Indec HIV 1/2 dan Syphilis Combo,Kit 10 Test,2026-02-01,0,False,False
Indec HIV 1/2 dan Syphilis Combo,Kit @25 Test,2024-01-01,0,False,False
Indec HIV 1/2 dan Syphilis Combo,Kit @25 Test,2024-02-01,0,False,False
Indec HIV 1/2 dan Syphilis Combo,Kit @25 Test,2024-03-01,0,False,False
Indec HIV 1/2 dan Syphilis Combo,Kit @25 Test,2024-04-01,0,False,False
Indec HIV 1/2 dan Syphilis Combo,Kit @25 Test,2024-05-01,0,False,False
Indec HIV 1/2 dan Syphilis Combo,Kit @25 Test,2024-06-01,0,False,False
Indec HIV 1/2 dan Syphilis Combo,Kit @25 Test,2024-07-01,0,False,False
Indec HIV 1/2 dan Syphilis Combo,Kit @25 Test,2024-08-01,0,False,False
Indec HIV 1/2 dan Syphilis Combo,Kit @25 Test,2024-09-01,0,False,False
Indec HIV 1/2 dan Syphilis Combo,Kit @25 Test,2024-10-01,0,False,False
Indec HIV 1/2 dan Syphilis Combo,Kit @25 Test,2024-11-01,0,False,False
Indec HIV 1/2 dan Syphilis Combo,Kit @25 Test,2024-12-01,0,False,False
Indec HIV 1/2 dan Syphilis Combo,Kit @25 Test,2025-01-01,0,False,False
Indec HIV 1/2 dan Syphilis Combo,Kit @25 Test,2025-02-01,0,False,False
Indec HIV 1/2 dan Syphilis Combo,Kit @25 Test,2025-03-01,0,False,False
Indec HIV 1/2 dan Syphilis Combo,Kit @25 Test,2025-04-01,0,False,True
Indec HIV 1/2 dan Syphilis Combo,Kit @25 Test,2025-05-01,0,False,False
Indec HIV 1/2 dan Syphilis Combo,Kit @25 Test,2025-06-01,0,False,False
Indec HIV 1/2 dan Syphilis Combo,Kit @25 Test,2025-07-01,0,False,False
Indec HIV 1/2 dan Syphilis Combo,Kit @25 Test,2025-08-01,0,False,False
Indec HIV 1/2 dan Syphilis Combo,Kit @25 Test,2025-09-01,0,False,False
Indec HIV 1/2 dan Syphilis Combo,Kit @25 Test,2025-10-01,0,False,False
Indec HIV 1/2 dan Syphilis Combo,Kit @25 Test,2025-11-01,0,False,False
Indec HIV 1/2 dan Syphilis Combo,Kit @25 Test,2025-12-01,0,False,False
Indec HIV 1/2 dan Syphilis Combo,Kit @25 Test,2026-01-01,0,True,False
Indec HIV 1/2 dan Syphilis Combo,Kit @25 Test,2026-02-01,1,True,False
"Ipratopium Br. 0,025% Inhalasi (Combivent)",Tidak Diketahui,2024-01-01,0,False,False
"Ipratopium Br. 0,025% Inhalasi (Combivent)",Tidak Diketahui,2024-02-01,0,False,False
"Ipratopium Br. 0,025% Inhalasi (Combivent)",Tidak Diketahui,2024-03-01,0,False,False
"Ipratopium Br. 0,025% Inhalasi (Combivent)",Tidak Diketahui,2024-04-01,0,False,False
"Ipratopium Br. 0,025% Inhalasi (Combivent)",Tidak Diketahui,2024-05-01,0,False,False
"Ipratopium Br. 0,025% Inhalasi (Combivent)",Tidak Diketahui,2024-06-01,0,False,False
"Ipratopium Br. 0,025% Inhalasi (Combivent)",Tidak Diketahui,2024-07-01,0,False,False
"Ipratopium Br. 0,025% Inhalasi (Combivent)",Tidak Diketahui,2024-08-01,0,False,False
"Ipratopium Br. 0,025% Inhalasi (Combivent)",Tidak Diketahui,2024-09-01,0,False,False
"Ipratopium Br. 0,025% Inhalasi (Combivent)",Tidak Diketahui,2024-10-01,0,False,False
"Ipratopium Br. 0,025% Inhalasi (Combivent)",Tidak Diketahui,2024-11-01,0,False,False
"Ipratopium Br. 0,025% Inhalasi (Combivent)",Tidak Diketahui,2024-12-01,0,False,False
"Ipratopium Br. 0,025% Inhalasi (Combivent)",Tidak Diketahui,2025-01-01,0,True,False
"Ipratopium Br. 0,025% Inhalasi (Combivent)",Tidak Diketahui,2025-02-01,0,True,False
"Ipratopium Br. 0,025% Inhalasi (Combivent)",Tidak Diketahui,2025-03-01,0,True,False
"Ipratopium Br. 0,025% Inhalasi (Combivent)",Tidak Diketahui,2025-04-01,0,False,True
"Ipratopium Br. 0,025% Inhalasi (Combivent)",Tidak Diketahui,2025-05-01,0,True,False
"Ipratopium Br. 0,025% Inhalasi (Combivent)",Tidak Diketahui,2025-06-01,0,True,False
"Ipratopium Br. 0,025% Inhalasi (Combivent)",Tidak Diketahui,2025-07-01,0,True,False
"Ipratopium Br. 0,025% Inhalasi (Combivent)",Tidak Diketahui,2025-08-01,0,True,False
"Ipratopium Br. 0,025% Inhalasi (Combivent)",Tidak Diketahui,2025-09-01,0,True,False
"Ipratopium Br. 0,025% Inhalasi (Combivent)",Tidak Diketahui,2025-10-01,0,True,False
"Ipratopium Br. 0,025% Inhalasi (Combivent)",Tidak Diketahui,2025-11-01,0,True,False
"Ipratopium Br. 0,025% Inhalasi (Combivent)",Tidak Diketahui,2025-12-01,0,True,False
"Ipratopium Br. 0,025% Inhalasi (Combivent)",Tidak Diketahui,2026-01-01,0,False,False
"Ipratopium Br. 0,025% Inhalasi (Combivent)",Tidak Diketahui,2026-02-01,0,False,False
Isoniazid (INH) 300 mg (@36),Tablet,2024-01-01,0,False,False
Isoniazid (INH) 300 mg (@36),Tablet,2024-02-01,0,False,False
Isoniazid (INH) 300 mg (@36),Tablet,2024-03-01,0,False,False
Isoniazid (INH) 300 mg (@36),Tablet,2024-04-01,0,False,False
Isoniazid (INH) 300 mg (@36),Tablet,2024-05-01,0,False,False
Isoniazid (INH) 300 mg (@36),Tablet,2024-06-01,0,False,False
Isoniazid (INH) 300 mg (@36),Tablet,2024-07-01,0,False,False
Isoniazid (INH) 300 mg (@36),Tablet,2024-08-01,0,False,False
Isoniazid (INH) 300 mg (@36),Tablet,2024-09-01,0,False,False
Isoniazid (INH) 300 mg (@36),Tablet,2024-10-01,0,False,False
Isoniazid (INH) 300 mg (@36),Tablet,2024-11-01,0,False,False
Isoniazid (INH) 300 mg (@36),Tablet,2024-12-01,0,False,False
Isoniazid (INH) 300 mg (@36),Tablet,2025-01-01,0,True,False
Isoniazid (INH) 300 mg (@36),Tablet,2025-02-01,90,True,False
Isoniazid (INH) 300 mg (@36),Tablet,2025-03-01,0,True,False
Isoniazid (INH) 300 mg (@36),Tablet,2025-04-01,30,False,True
Isoniazid (INH) 300 mg (@36),Tablet,2025-05-01,60,True,False
Isoniazid (INH) 300 mg (@36),Tablet,2025-06-01,60,True,False
Isoniazid (INH) 300 mg (@36),Tablet,2025-07-01,60,True,False
Isoniazid (INH) 300 mg (@36),Tablet,2025-08-01,0,True,False
Isoniazid (INH) 300 mg (@36),Tablet,2025-09-01,0,True,False
Isoniazid (INH) 300 mg (@36),Tablet,2025-10-01,0,True,False
Isoniazid (INH) 300 mg (@36),Tablet,2025-11-01,0,True,False
Isoniazid (INH) 300 mg (@36),Tablet,2025-12-01,90,True,False
Isoniazid (INH) 300 mg (@36),Tablet,2026-01-01,60,True,False
Isoniazid (INH) 300 mg (@36),Tablet,2026-02-01,540,True,False
Isosorbid Dinitrat (ISDN) 5 mg,Tablet,2024-01-01,0,True,False
Isosorbid Dinitrat (ISDN) 5 mg,Tablet,2024-02-01,0,True,False
Isosorbid Dinitrat (ISDN) 5 mg,Tablet,2024-03-01,10,True,False
Isosorbid Dinitrat (ISDN) 5 mg,Tablet,2024-04-01,0,True,False
Isosorbid Dinitrat (ISDN) 5 mg,Tablet,2024-05-01,0,True,False
Isosorbid Dinitrat (ISDN) 5 mg,Tablet,2024-06-01,20,True,False
Isosorbid Dinitrat (ISDN) 5 mg,Tablet,2024-07-01,0,True,False
Isosorbid Dinitrat (ISDN) 5 mg,Tablet,2024-08-01,0,True,False
Isosorbid Dinitrat (ISDN) 5 mg,Tablet,2024-09-01,0,True,False
Isosorbid Dinitrat (ISDN) 5 mg,Tablet,2024-10-01,0,True,False
Isosorbid Dinitrat (ISDN) 5 mg,Tablet,2024-11-01,0,True,False
Isosorbid Dinitrat (ISDN) 5 mg,Tablet,2024-12-01,10,True,False
Isosorbid Dinitrat (ISDN) 5 mg,Tablet,2025-01-01,45,True,False
Isosorbid Dinitrat (ISDN) 5 mg,Tablet,2025-02-01,50,True,False
Isosorbid Dinitrat (ISDN) 5 mg,Tablet,2025-03-01,23,True,False
Isosorbid Dinitrat (ISDN) 5 mg,Tablet,2025-04-01,20,False,True
Isosorbid Dinitrat (ISDN) 5 mg,Tablet,2025-05-01,17,True,False
Isosorbid Dinitrat (ISDN) 5 mg,Tablet,2025-06-01,13,True,False
Isosorbid Dinitrat (ISDN) 5 mg,Tablet,2025-07-01,30,True,False
Isosorbid Dinitrat (ISDN) 5 mg,Tablet,2025-08-01,10,True,False
Isosorbid Dinitrat (ISDN) 5 mg,Tablet,2025-09-01,20,True,False
Isosorbid Dinitrat (ISDN) 5 mg,Tablet,2025-10-01,2,True,False
Isosorbid Dinitrat (ISDN) 5 mg,Tablet,2025-11-01,38,True,False
Isosorbid Dinitrat (ISDN) 5 mg,Tablet,2025-12-01,257,True,False
Isosorbid Dinitrat (ISDN) 5 mg,Tablet,2026-01-01,0,True,False
Isosorbid Dinitrat (ISDN) 5 mg,Tablet,2026-02-01,10,True,False
Isosorbit Dinitrat ISDN,Tablet,2024-01-01,0,True,False
Isosorbit Dinitrat ISDN,Tablet,2024-02-01,0,True,False
Isosorbit Dinitrat ISDN,Tablet,2024-03-01,0,True,False
Isosorbit Dinitrat ISDN,Tablet,2024-04-01,0,True,False
Isosorbit Dinitrat ISDN,Tablet,2024-05-01,0,True,False
Isosorbit Dinitrat ISDN,Tablet,2024-06-01,0,True,False
Isosorbit Dinitrat ISDN,Tablet,2024-07-01,0,True,False
Isosorbit Dinitrat ISDN,Tablet,2024-08-01,0,True,False
Isosorbit Dinitrat ISDN,Tablet,2024-09-01,0,True,False
Isosorbit Dinitrat ISDN,Tablet,2024-10-01,0,True,False
Isosorbit Dinitrat ISDN,Tablet,2024-11-01,0,True,False
Isosorbit Dinitrat ISDN,Tablet,2024-12-01,0,True,False
Isosorbit Dinitrat ISDN,Tablet,2025-01-01,0,False,False
Isosorbit Dinitrat ISDN,Tablet,2025-02-01,0,False,False
Isosorbit Dinitrat ISDN,Tablet,2025-03-01,0,False,False
Isosorbit Dinitrat ISDN,Tablet,2025-04-01,0,False,True
Isosorbit Dinitrat ISDN,Tablet,2025-05-01,0,False,False
Isosorbit Dinitrat ISDN,Tablet,2025-06-01,0,False,False
Isosorbit Dinitrat ISDN,Tablet,2025-07-01,0,False,False
Isosorbit Dinitrat ISDN,Tablet,2025-08-01,0,False,False
Isosorbit Dinitrat ISDN,Tablet,2025-09-01,0,False,False
Isosorbit Dinitrat ISDN,Tablet,2025-10-01,0,False,False
Isosorbit Dinitrat ISDN,Tablet,2025-11-01,0,False,False
Isosorbit Dinitrat ISDN,Tablet,2025-12-01,0,False,False
Isosorbit Dinitrat ISDN,Tablet,2026-01-01,0,False,False
Isosorbit Dinitrat ISDN,Tablet,2026-02-01,0,False,False
KAEN 3A,Tidak Diketahui,2024-01-01,0,False,False
KAEN 3A,Tidak Diketahui,2024-02-01,0,False,False
KAEN 3A,Tidak Diketahui,2024-03-01,0,False,False
KAEN 3A,Tidak Diketahui,2024-04-01,0,False,False
KAEN 3A,Tidak Diketahui,2024-05-01,0,False,False
KAEN 3A,Tidak Diketahui,2024-06-01,0,False,False
KAEN 3A,Tidak Diketahui,2024-07-01,0,False,False
KAEN 3A,Tidak Diketahui,2024-08-01,0,False,False
KAEN 3A,Tidak Diketahui,2024-09-01,0,False,False
KAEN 3A,Tidak Diketahui,2024-10-01,0,False,False
KAEN 3A,Tidak Diketahui,2024-11-01,0,False,False
KAEN 3A,Tidak Diketahui,2024-12-01,0,False,False
KAEN 3A,Tidak Diketahui,2025-01-01,0,True,False
KAEN 3A,Tidak Diketahui,2025-02-01,0,True,False
KAEN 3A,Tidak Diketahui,2025-03-01,0,True,False
KAEN 3A,Tidak Diketahui,2025-04-01,0,False,True
KAEN 3A,Tidak Diketahui,2025-05-01,0,True,False
KAEN 3A,Tidak Diketahui,2025-06-01,0,True,False
KAEN 3A,Tidak Diketahui,2025-07-01,0,True,False
KAEN 3A,Tidak Diketahui,2025-08-01,0,True,False
KAEN 3A,Tidak Diketahui,2025-09-01,0,True,False
KAEN 3A,Tidak Diketahui,2025-10-01,0,True,False
KAEN 3A,Tidak Diketahui,2025-11-01,0,True,False
KAEN 3A,Tidak Diketahui,2025-12-01,0,True,False
KAEN 3A,Tidak Diketahui,2026-01-01,0,False,False
KAEN 3A,Tidak Diketahui,2026-02-01,0,False,False
KAEN 3B,Tidak Diketahui,2024-01-01,0,False,False
KAEN 3B,Tidak Diketahui,2024-02-01,0,False,False
KAEN 3B,Tidak Diketahui,2024-03-01,0,False,False
KAEN 3B,Tidak Diketahui,2024-04-01,0,False,False
KAEN 3B,Tidak Diketahui,2024-05-01,0,False,False
KAEN 3B,Tidak Diketahui,2024-06-01,0,False,False
KAEN 3B,Tidak Diketahui,2024-07-01,0,False,False
KAEN 3B,Tidak Diketahui,2024-08-01,0,False,False
KAEN 3B,Tidak Diketahui,2024-09-01,0,False,False
KAEN 3B,Tidak Diketahui,2024-10-01,0,False,False
KAEN 3B,Tidak Diketahui,2024-11-01,0,False,False
KAEN 3B,Tidak Diketahui,2024-12-01,0,False,False
KAEN 3B,Tidak Diketahui,2025-01-01,0,True,False
KAEN 3B,Tidak Diketahui,2025-02-01,0,True,False
KAEN 3B,Tidak Diketahui,2025-03-01,0,True,False
KAEN 3B,Tidak Diketahui,2025-04-01,0,False,True
KAEN 3B,Tidak Diketahui,2025-05-01,0,True,False
KAEN 3B,Tidak Diketahui,2025-06-01,0,True,False
KAEN 3B,Tidak Diketahui,2025-07-01,0,True,False
KAEN 3B,Tidak Diketahui,2025-08-01,0,True,False
KAEN 3B,Tidak Diketahui,2025-09-01,0,True,False
KAEN 3B,Tidak Diketahui,2025-10-01,0,True,False
KAEN 3B,Tidak Diketahui,2025-11-01,0,True,False
KAEN 3B,Tidak Diketahui,2025-12-01,0,True,False
KAEN 3B,Tidak Diketahui,2026-01-01,0,False,False
KAEN 3B,Tidak Diketahui,2026-02-01,0,False,False
Kalamin Lotio,Tidak Diketahui,2024-01-01,0,False,False
Kalamin Lotio,Tidak Diketahui,2024-02-01,0,False,False
Kalamin Lotio,Tidak Diketahui,2024-03-01,0,False,False
Kalamin Lotio,Tidak Diketahui,2024-04-01,0,False,False
Kalamin Lotio,Tidak Diketahui,2024-05-01,0,False,False
Kalamin Lotio,Tidak Diketahui,2024-06-01,0,False,False
Kalamin Lotio,Tidak Diketahui,2024-07-01,0,False,False
Kalamin Lotio,Tidak Diketahui,2024-08-01,0,False,False
Kalamin Lotio,Tidak Diketahui,2024-09-01,0,False,False
Kalamin Lotio,Tidak Diketahui,2024-10-01,0,False,False
Kalamin Lotio,Tidak Diketahui,2024-11-01,0,False,False
Kalamin Lotio,Tidak Diketahui,2024-12-01,0,False,False
Kalamin Lotio,Tidak Diketahui,2025-01-01,0,True,False
Kalamin Lotio,Tidak Diketahui,2025-02-01,0,True,False
Kalamin Lotio,Tidak Diketahui,2025-03-01,0,True,False
Kalamin Lotio,Tidak Diketahui,2025-04-01,0,False,True
Kalamin Lotio,Tidak Diketahui,2025-05-01,0,True,False
Kalamin Lotio,Tidak Diketahui,2025-06-01,0,True,False
Kalamin Lotio,Tidak Diketahui,2025-07-01,0,True,False
Kalamin Lotio,Tidak Diketahui,2025-08-01,0,True,False
Kalamin Lotio,Tidak Diketahui,2025-09-01,0,True,False
Kalamin Lotio,Tidak Diketahui,2025-10-01,0,True,False
Kalamin Lotio,Tidak Diketahui,2025-11-01,0,True,False
Kalamin Lotio,Tidak Diketahui,2025-12-01,0,True,False
Kalamin Lotio,Tidak Diketahui,2026-01-01,0,False,False
Kalamin Lotio,Tidak Diketahui,2026-02-01,0,False,False
Kalium Diklofenak 50 mg / Flamigra,Tablet,2024-01-01,0,True,False
Kalium Diklofenak 50 mg / Flamigra,Tablet,2024-02-01,24,True,False
Kalium Diklofenak 50 mg / Flamigra,Tablet,2024-03-01,5,True,False
Kalium Diklofenak 50 mg / Flamigra,Tablet,2024-04-01,18,True,False
Kalium Diklofenak 50 mg / Flamigra,Tablet,2024-05-01,2,True,False
Kalium Diklofenak 50 mg / Flamigra,Tablet,2024-06-01,35,True,False
Kalium Diklofenak 50 mg / Flamigra,Tablet,2024-07-01,250,True,False
Kalium Diklofenak 50 mg / Flamigra,Tablet,2024-08-01,20,True,False
Kalium Diklofenak 50 mg / Flamigra,Tablet,2024-09-01,80,True,False
Kalium Diklofenak 50 mg / Flamigra,Tablet,2024-10-01,0,True,False
Kalium Diklofenak 50 mg / Flamigra,Tablet,2024-11-01,0,True,False
Kalium Diklofenak 50 mg / Flamigra,Tablet,2024-12-01,0,True,False
Kalium Diklofenak 50 mg / Flamigra,Tablet,2025-01-01,0,False,False
Kalium Diklofenak 50 mg / Flamigra,Tablet,2025-02-01,0,False,False
Kalium Diklofenak 50 mg / Flamigra,Tablet,2025-03-01,0,False,False
Kalium Diklofenak 50 mg / Flamigra,Tablet,2025-04-01,0,False,True
Kalium Diklofenak 50 mg / Flamigra,Tablet,2025-05-01,0,False,False
Kalium Diklofenak 50 mg / Flamigra,Tablet,2025-06-01,0,False,False
Kalium Diklofenak 50 mg / Flamigra,Tablet,2025-07-01,0,False,False
Kalium Diklofenak 50 mg / Flamigra,Tablet,2025-08-01,0,False,False
Kalium Diklofenak 50 mg / Flamigra,Tablet,2025-09-01,0,False,False
Kalium Diklofenak 50 mg / Flamigra,Tablet,2025-10-01,0,False,False
Kalium Diklofenak 50 mg / Flamigra,Tablet,2025-11-01,0,False,False
Kalium Diklofenak 50 mg / Flamigra,Tablet,2025-12-01,0,False,False
Kalium Diklofenak 50 mg / Flamigra,Tablet,2026-01-01,0,False,False
Kalium Diklofenak 50 mg / Flamigra,Tablet,2026-02-01,0,False,False
Kalsium Hidroksida,Set,2024-01-01,0,True,False
Kalsium Hidroksida,Set,2024-02-01,2,True,False
Kalsium Hidroksida,Set,2024-03-01,0,True,False
Kalsium Hidroksida,Set,2024-04-01,0,True,False
Kalsium Hidroksida,Set,2024-05-01,0,True,False
Kalsium Hidroksida,Set,2024-06-01,2,True,False
Kalsium Hidroksida,Set,2024-07-01,0,True,False
Kalsium Hidroksida,Set,2024-08-01,0,True,False
Kalsium Hidroksida,Set,2024-09-01,0,True,False
Kalsium Hidroksida,Set,2024-10-01,0,True,False
Kalsium Hidroksida,Set,2024-11-01,0,True,False
Kalsium Hidroksida,Set,2024-12-01,0,True,False
Kalsium Hidroksida,Set,2025-01-01,0,False,False
Kalsium Hidroksida,Set,2025-02-01,0,False,False
Kalsium Hidroksida,Set,2025-03-01,0,False,False
Kalsium Hidroksida,Set,2025-04-01,0,False,True
Kalsium Hidroksida,Set,2025-05-01,0,False,False
Kalsium Hidroksida,Set,2025-06-01,0,False,False
Kalsium Hidroksida,Set,2025-07-01,0,False,False
Kalsium Hidroksida,Set,2025-08-01,0,False,False
Kalsium Hidroksida,Set,2025-09-01,0,False,False
Kalsium Hidroksida,Set,2025-10-01,0,False,False
Kalsium Hidroksida,Set,2025-11-01,0,False,False
Kalsium Hidroksida,Set,2025-12-01,0,False,False
Kalsium Hidroksida,Set,2026-01-01,0,False,False
Kalsium Hidroksida,Set,2026-02-01,0,False,False
Kalsium Hidroksida pasta / Calplus,Botol,2024-01-01,0,False,False
Kalsium Hidroksida pasta / Calplus,Botol,2024-02-01,0,False,False
Kalsium Hidroksida pasta / Calplus,Botol,2024-03-01,0,False,False
Kalsium Hidroksida pasta / Calplus,Botol,2024-04-01,0,False,False
Kalsium Hidroksida pasta / Calplus,Botol,2024-05-01,0,False,False
Kalsium Hidroksida pasta / Calplus,Botol,2024-06-01,0,False,False
Kalsium Hidroksida pasta / Calplus,Botol,2024-07-01,0,False,False
Kalsium Hidroksida pasta / Calplus,Botol,2024-08-01,0,False,False
Kalsium Hidroksida pasta / Calplus,Botol,2024-09-01,0,False,False
Kalsium Hidroksida pasta / Calplus,Botol,2024-10-01,0,False,False
Kalsium Hidroksida pasta / Calplus,Botol,2024-11-01,0,False,False
Kalsium Hidroksida pasta / Calplus,Botol,2024-12-01,0,False,False
Kalsium Hidroksida pasta / Calplus,Botol,2025-01-01,0,False,False
Kalsium Hidroksida pasta / Calplus,Botol,2025-02-01,0,False,False
Kalsium Hidroksida pasta / Calplus,Botol,2025-03-01,0,False,False
Kalsium Hidroksida pasta / Calplus,Botol,2025-04-01,0,False,True
Kalsium Hidroksida pasta / Calplus,Botol,2025-05-01,0,False,False
Kalsium Hidroksida pasta / Calplus,Botol,2025-06-01,0,False,False
Kalsium Hidroksida pasta / Calplus,Botol,2025-07-01,0,False,False
Kalsium Hidroksida pasta / Calplus,Botol,2025-08-01,0,False,False
Kalsium Hidroksida pasta / Calplus,Botol,2025-09-01,0,False,False
Kalsium Hidroksida pasta / Calplus,Botol,2025-10-01,0,False,False
Kalsium Hidroksida pasta / Calplus,Botol,2025-11-01,0,False,False
Kalsium Hidroksida pasta / Calplus,Botol,2025-12-01,0,False,False
Kalsium Hidroksida pasta / Calplus,Botol,2026-01-01,0,True,False
Kalsium Hidroksida pasta / Calplus,Botol,2026-02-01,1,True,False
Kalsium Hidroksida pasta / Calplus,Set,2024-01-01,0,False,False
Kalsium Hidroksida pasta / Calplus,Set,2024-02-01,0,False,False
Kalsium Hidroksida pasta / Calplus,Set,2024-03-01,0,False,False
Kalsium Hidroksida pasta / Calplus,Set,2024-04-01,0,False,False
Kalsium Hidroksida pasta / Calplus,Set,2024-05-01,0,False,False
Kalsium Hidroksida pasta / Calplus,Set,2024-06-01,0,False,False
Kalsium Hidroksida pasta / Calplus,Set,2024-07-01,0,False,False
Kalsium Hidroksida pasta / Calplus,Set,2024-08-01,0,False,False
Kalsium Hidroksida pasta / Calplus,Set,2024-09-01,0,False,False
Kalsium Hidroksida pasta / Calplus,Set,2024-10-01,0,False,False
Kalsium Hidroksida pasta / Calplus,Set,2024-11-01,0,False,False
Kalsium Hidroksida pasta / Calplus,Set,2024-12-01,0,False,False
Kalsium Hidroksida pasta / Calplus,Set,2025-01-01,0,True,False
Kalsium Hidroksida pasta / Calplus,Set,2025-02-01,0,True,False
Kalsium Hidroksida pasta / Calplus,Set,2025-03-01,0,True,False
Kalsium Hidroksida pasta / Calplus,Set,2025-04-01,0,False,True
Kalsium Hidroksida pasta / Calplus,Set,2025-05-01,0,True,False
Kalsium Hidroksida pasta / Calplus,Set,2025-06-01,0,True,False
Kalsium Hidroksida pasta / Calplus,Set,2025-07-01,6,True,False
Kalsium Hidroksida pasta / Calplus,Set,2025-08-01,2,True,False
Kalsium Hidroksida pasta / Calplus,Set,2025-09-01,0,True,False
Kalsium Hidroksida pasta / Calplus,Set,2025-10-01,2,True,False
Kalsium Hidroksida pasta / Calplus,Set,2025-11-01,0,True,False
Kalsium Hidroksida pasta / Calplus,Set,2025-12-01,0,True,False
Kalsium Hidroksida pasta / Calplus,Set,2026-01-01,0,False,False
Kalsium Hidroksida pasta / Calplus,Set,2026-02-01,0,False,False
Kalsium Laktat 500 mg,Tablet,2024-01-01,1000,True,False
Kalsium Laktat 500 mg,Tablet,2024-02-01,0,True,False
Kalsium Laktat 500 mg,Tablet,2024-03-01,1870,True,False
Kalsium Laktat 500 mg,Tablet,2024-04-01,1080,True,False
Kalsium Laktat 500 mg,Tablet,2024-05-01,1750,True,False
Kalsium Laktat 500 mg,Tablet,2024-06-01,460,True,False
Kalsium Laktat 500 mg,Tablet,2024-07-01,960,True,False
Kalsium Laktat 500 mg,Tablet,2024-08-01,1210,True,False
Kalsium Laktat 500 mg,Tablet,2024-09-01,850,True,False
Kalsium Laktat 500 mg,Tablet,2024-10-01,1370,True,False
Kalsium Laktat 500 mg,Tablet,2024-11-01,1320,True,False
Kalsium Laktat 500 mg,Tablet,2024-12-01,890,True,False
Kalsium Laktat 500 mg,Tablet,2025-01-01,1295,True,False
Kalsium Laktat 500 mg,Tablet,2025-02-01,678,True,False
Kalsium Laktat 500 mg,Tablet,2025-03-01,1047,True,False
Kalsium Laktat 500 mg,Tablet,2025-04-01,1588,False,True
Kalsium Laktat 500 mg,Tablet,2025-05-01,2130,True,False
Kalsium Laktat 500 mg,Tablet,2025-06-01,40,True,False
Kalsium Laktat 500 mg,Tablet,2025-07-01,490,True,False
Kalsium Laktat 500 mg,Tablet,2025-08-01,610,True,False
Kalsium Laktat 500 mg,Tablet,2025-09-01,410,True,False
Kalsium Laktat 500 mg,Tablet,2025-10-01,860,True,False
Kalsium Laktat 500 mg,Tablet,2025-11-01,1050,True,False
Kalsium Laktat 500 mg,Tablet,2025-12-01,563,True,False
Kalsium Laktat 500 mg,Tablet,2026-01-01,730,True,False
Kalsium Laktat 500 mg,Tablet,2026-02-01,930,True,False
Ketokonazol 200 mg,Tablet,2024-01-01,0,True,False
Ketokonazol 200 mg,Tablet,2024-02-01,0,True,False
Ketokonazol 200 mg,Tablet,2024-03-01,0,True,False
Ketokonazol 200 mg,Tablet,2024-04-01,0,True,False
Ketokonazol 200 mg,Tablet,2024-05-01,0,True,False
Ketokonazol 200 mg,Tablet,2024-06-01,0,True,False
Ketokonazol 200 mg,Tablet,2024-07-01,0,True,False
Ketokonazol 200 mg,Tablet,2024-08-01,80,True,False
Ketokonazol 200 mg,Tablet,2024-09-01,0,True,False
Ketokonazol 200 mg,Tablet,2024-10-01,50,True,False
Ketokonazol 200 mg,Tablet,2024-11-01,6,True,False
Ketokonazol 200 mg,Tablet,2024-12-01,18,True,False
Ketokonazol 200 mg,Tablet,2025-01-01,126,True,False
Ketokonazol 200 mg,Tablet,2025-02-01,14,True,False
Ketokonazol 200 mg,Tablet,2025-03-01,46,True,False
Ketokonazol 200 mg,Tablet,2025-04-01,73,False,True
Ketokonazol 200 mg,Tablet,2025-05-01,100,True,False
Ketokonazol 200 mg,Tablet,2025-06-01,4,True,False
Ketokonazol 200 mg,Tablet,2025-07-01,56,True,False
Ketokonazol 200 mg,Tablet,2025-08-01,58,True,False
Ketokonazol 200 mg,Tablet,2025-09-01,48,True,False
Ketokonazol 200 mg,Tablet,2025-10-01,60,True,False
Ketokonazol 200 mg,Tablet,2025-11-01,70,True,False
Ketokonazol 200 mg,Tablet,2025-12-01,84,True,False
Ketokonazol 200 mg,Tablet,2026-01-01,356,True,False
Ketokonazol 200 mg,Tablet,2026-02-01,40,True,False
Ketokonazol krim 2%,Tube,2024-01-01,0,True,False
Ketokonazol krim 2%,Tube,2024-02-01,0,True,False
Ketokonazol krim 2%,Tube,2024-03-01,0,True,False
Ketokonazol krim 2%,Tube,2024-04-01,0,True,False
Ketokonazol krim 2%,Tube,2024-05-01,4,True,False
Ketokonazol krim 2%,Tube,2024-06-01,1,True,False
Ketokonazol krim 2%,Tube,2024-07-01,6,True,False
Ketokonazol krim 2%,Tube,2024-08-01,7,True,False
Ketokonazol krim 2%,Tube,2024-09-01,8,True,False
Ketokonazol krim 2%,Tube,2024-10-01,10,True,False
Ketokonazol krim 2%,Tube,2024-11-01,6,True,False
Ketokonazol krim 2%,Tube,2024-12-01,7,True,False
Ketokonazol krim 2%,Tube,2025-01-01,16,True,False
Ketokonazol krim 2%,Tube,2025-02-01,0,True,False
Ketokonazol krim 2%,Tube,2025-03-01,7,True,False
Ketokonazol krim 2%,Tube,2025-04-01,12,False,True
Ketokonazol krim 2%,Tube,2025-05-01,16,True,False
Ketokonazol krim 2%,Tube,2025-06-01,14,True,False
Ketokonazol krim 2%,Tube,2025-07-01,16,True,False
Ketokonazol krim 2%,Tube,2025-08-01,10,True,False
Ketokonazol krim 2%,Tube,2025-09-01,10,True,False
Ketokonazol krim 2%,Tube,2025-10-01,21,True,False
Ketokonazol krim 2%,Tube,2025-11-01,23,True,False
Ketokonazol krim 2%,Tube,2025-12-01,13,True,False
Ketokonazol krim 2%,Tube,2026-01-01,26,True,False
Ketokonazol krim 2%,Tube,2026-02-01,13,True,False
Ketoprofen 100mg,Tablet,2024-01-01,230,True,False
Ketoprofen 100mg,Tablet,2024-02-01,10,True,False
Ketoprofen 100mg,Tablet,2024-03-01,0,True,False
Ketoprofen 100mg,Tablet,2024-04-01,0,True,False
Ketoprofen 100mg,Tablet,2024-05-01,0,True,False
Ketoprofen 100mg,Tablet,2024-06-01,0,True,False
Ketoprofen 100mg,Tablet,2024-07-01,0,True,False
Ketoprofen 100mg,Tablet,2024-08-01,0,True,False
Ketoprofen 100mg,Tablet,2024-09-01,0,True,False
Ketoprofen 100mg,Tablet,2024-10-01,0,True,False
Ketoprofen 100mg,Tablet,2024-11-01,0,True,False
Ketoprofen 100mg,Tablet,2024-12-01,0,True,False
Ketoprofen 100mg,Tablet,2025-01-01,0,True,False
Ketoprofen 100mg,Tablet,2025-02-01,0,True,False
Ketoprofen 100mg,Tablet,2025-03-01,0,True,False
Ketoprofen 100mg,Tablet,2025-04-01,0,False,True
Ketoprofen 100mg,Tablet,2025-05-01,0,True,False
Ketoprofen 100mg,Tablet,2025-06-01,0,True,False
Ketoprofen 100mg,Tablet,2025-07-01,0,True,False
Ketoprofen 100mg,Tablet,2025-08-01,0,True,False
Ketoprofen 100mg,Tablet,2025-09-01,0,True,False
Ketoprofen 100mg,Tablet,2025-10-01,0,True,False
Ketoprofen 100mg,Tablet,2025-11-01,0,True,False
Ketoprofen 100mg,Tablet,2025-12-01,0,True,False
Ketoprofen 100mg,Tablet,2026-01-01,0,False,False
Ketoprofen 100mg,Tablet,2026-02-01,0,False,False
Ketoprofen supp,Supp,2024-01-01,0,True,False
Ketoprofen supp,Supp,2024-02-01,0,True,False
Ketoprofen supp,Supp,2024-03-01,6,True,False
Ketoprofen supp,Supp,2024-04-01,2,True,False
Ketoprofen supp,Supp,2024-05-01,0,True,False
Ketoprofen supp,Supp,2024-06-01,0,True,False
Ketoprofen supp,Supp,2024-07-01,0,True,False
Ketoprofen supp,Supp,2024-08-01,2,True,False
Ketoprofen supp,Supp,2024-09-01,2,True,False
Ketoprofen supp,Supp,2024-10-01,1,True,False
Ketoprofen supp,Supp,2024-11-01,5,True,False
Ketoprofen supp,Supp,2024-12-01,0,True,False
Ketoprofen supp,Supp,2025-01-01,4,True,False
Ketoprofen supp,Supp,2025-02-01,1,True,False
Ketoprofen supp,Supp,2025-03-01,0,True,False
Ketoprofen supp,Supp,2025-04-01,0,False,True
Ketoprofen supp,Supp,2025-05-01,0,True,False
Ketoprofen supp,Supp,2025-06-01,11,True,False
Ketoprofen supp,Supp,2025-07-01,0,True,False
Ketoprofen supp,Supp,2025-08-01,0,True,False
Ketoprofen supp,Supp,2025-09-01,5,True,False
Ketoprofen supp,Supp,2025-10-01,0,True,False
Ketoprofen supp,Supp,2025-11-01,4,True,False
Ketoprofen supp,Supp,2025-12-01,0,True,False
Ketoprofen supp,Supp,2026-01-01,8,True,False
Ketoprofen supp,Supp,2026-02-01,4,True,False
Klindamisin 150 mg,Tidak Diketahui,2024-01-01,0,False,False
Klindamisin 150 mg,Tidak Diketahui,2024-02-01,0,False,False
Klindamisin 150 mg,Tidak Diketahui,2024-03-01,0,False,False
Klindamisin 150 mg,Tidak Diketahui,2024-04-01,0,False,False
Klindamisin 150 mg,Tidak Diketahui,2024-05-01,0,False,False
Klindamisin 150 mg,Tidak Diketahui,2024-06-01,0,False,False
Klindamisin 150 mg,Tidak Diketahui,2024-07-01,0,False,False
Klindamisin 150 mg,Tidak Diketahui,2024-08-01,0,False,False
Klindamisin 150 mg,Tidak Diketahui,2024-09-01,0,False,False
Klindamisin 150 mg,Tidak Diketahui,2024-10-01,0,False,False
Klindamisin 150 mg,Tidak Diketahui,2024-11-01,0,False,False
Klindamisin 150 mg,Tidak Diketahui,2024-12-01,0,False,False
Klindamisin 150 mg,Tidak Diketahui,2025-01-01,0,True,False
Klindamisin 150 mg,Tidak Diketahui,2025-02-01,0,True,False
Klindamisin 150 mg,Tidak Diketahui,2025-03-01,0,True,False
Klindamisin 150 mg,Tidak Diketahui,2025-04-01,0,False,True
Klindamisin 150 mg,Tidak Diketahui,2025-05-01,0,True,False
Klindamisin 150 mg,Tidak Diketahui,2025-06-01,0,True,False
Klindamisin 150 mg,Tidak Diketahui,2025-07-01,0,True,False
Klindamisin 150 mg,Tidak Diketahui,2025-08-01,0,True,False
Klindamisin 150 mg,Tidak Diketahui,2025-09-01,0,True,False
Klindamisin 150 mg,Tidak Diketahui,2025-10-01,0,True,False
Klindamisin 150 mg,Tidak Diketahui,2025-11-01,0,True,False
Klindamisin 150 mg,Tidak Diketahui,2025-12-01,0,True,False
Klindamisin 150 mg,Tidak Diketahui,2026-01-01,0,True,False
Klindamisin 150 mg,Tidak Diketahui,2026-02-01,0,True,False
Kloramfekort H krem,Tidak Diketahui,2024-01-01,0,False,False
Kloramfekort H krem,Tidak Diketahui,2024-02-01,0,False,False
Kloramfekort H krem,Tidak Diketahui,2024-03-01,0,False,False
Kloramfekort H krem,Tidak Diketahui,2024-04-01,0,False,False
Kloramfekort H krem,Tidak Diketahui,2024-05-01,0,False,False
Kloramfekort H krem,Tidak Diketahui,2024-06-01,0,False,False
Kloramfekort H krem,Tidak Diketahui,2024-07-01,0,False,False
Kloramfekort H krem,Tidak Diketahui,2024-08-01,0,False,False
Kloramfekort H krem,Tidak Diketahui,2024-09-01,0,False,False
Kloramfekort H krem,Tidak Diketahui,2024-10-01,0,False,False
Kloramfekort H krem,Tidak Diketahui,2024-11-01,0,False,False
Kloramfekort H krem,Tidak Diketahui,2024-12-01,0,False,False
Kloramfekort H krem,Tidak Diketahui,2025-01-01,0,True,False
Kloramfekort H krem,Tidak Diketahui,2025-02-01,0,True,False
Kloramfekort H krem,Tidak Diketahui,2025-03-01,0,True,False
Kloramfekort H krem,Tidak Diketahui,2025-04-01,0,False,True
Kloramfekort H krem,Tidak Diketahui,2025-05-01,0,True,False
Kloramfekort H krem,Tidak Diketahui,2025-06-01,0,True,False
Kloramfekort H krem,Tidak Diketahui,2025-07-01,0,True,False
Kloramfekort H krem,Tidak Diketahui,2025-08-01,0,True,False
Kloramfekort H krem,Tidak Diketahui,2025-09-01,0,True,False
Kloramfekort H krem,Tidak Diketahui,2025-10-01,0,True,False
Kloramfekort H krem,Tidak Diketahui,2025-11-01,0,True,False
Kloramfekort H krem,Tidak Diketahui,2025-12-01,0,True,False
Kloramfekort H krem,Tidak Diketahui,2026-01-01,0,True,False
Kloramfekort H krem,Tidak Diketahui,2026-02-01,0,True,False
Kloramfenikol 0.5% tetes mata,Botol,2024-01-01,0,True,False
Kloramfenikol 0.5% tetes mata,Botol,2024-02-01,0,True,False
Kloramfenikol 0.5% tetes mata,Botol,2024-03-01,0,True,False
Kloramfenikol 0.5% tetes mata,Botol,2024-04-01,0,True,False
Kloramfenikol 0.5% tetes mata,Botol,2024-05-01,0,True,False
Kloramfenikol 0.5% tetes mata,Botol,2024-06-01,0,True,False
Kloramfenikol 0.5% tetes mata,Botol,2024-07-01,0,True,False
Kloramfenikol 0.5% tetes mata,Botol,2024-08-01,0,True,False
Kloramfenikol 0.5% tetes mata,Botol,2024-09-01,0,True,False
Kloramfenikol 0.5% tetes mata,Botol,2024-10-01,0,True,False
Kloramfenikol 0.5% tetes mata,Botol,2024-11-01,0,True,False
Kloramfenikol 0.5% tetes mata,Botol,2024-12-01,0,True,False
Kloramfenikol 0.5% tetes mata,Botol,2025-01-01,0,True,False
Kloramfenikol 0.5% tetes mata,Botol,2025-02-01,0,True,False
Kloramfenikol 0.5% tetes mata,Botol,2025-03-01,0,True,False
Kloramfenikol 0.5% tetes mata,Botol,2025-04-01,0,False,True
Kloramfenikol 0.5% tetes mata,Botol,2025-05-01,0,True,False
Kloramfenikol 0.5% tetes mata,Botol,2025-06-01,0,True,False
Kloramfenikol 0.5% tetes mata,Botol,2025-07-01,0,True,False
Kloramfenikol 0.5% tetes mata,Botol,2025-08-01,0,True,False
Kloramfenikol 0.5% tetes mata,Botol,2025-09-01,0,True,False
Kloramfenikol 0.5% tetes mata,Botol,2025-10-01,0,True,False
Kloramfenikol 0.5% tetes mata,Botol,2025-11-01,0,True,False
Kloramfenikol 0.5% tetes mata,Botol,2025-12-01,0,True,False
Kloramfenikol 0.5% tetes mata,Botol,2026-01-01,32,True,False
Kloramfenikol 0.5% tetes mata,Botol,2026-02-01,7,True,False
Kloramfenikol 1% salep mata,Tube,2024-01-01,9,True,False
Kloramfenikol 1% salep mata,Tube,2024-02-01,2,True,False
Kloramfenikol 1% salep mata,Tube,2024-03-01,12,True,False
Kloramfenikol 1% salep mata,Tube,2024-04-01,2,True,False
Kloramfenikol 1% salep mata,Tube,2024-05-01,7,True,False
Kloramfenikol 1% salep mata,Tube,2024-06-01,5,True,False
Kloramfenikol 1% salep mata,Tube,2024-07-01,3,True,False
Kloramfenikol 1% salep mata,Tube,2024-08-01,16,True,False
Kloramfenikol 1% salep mata,Tube,2024-09-01,5,True,False
Kloramfenikol 1% salep mata,Tube,2024-10-01,7,True,False
Kloramfenikol 1% salep mata,Tube,2024-11-01,7,True,False
Kloramfenikol 1% salep mata,Tube,2024-12-01,0,True,False
Kloramfenikol 1% salep mata,Tube,2025-01-01,0,True,False
Kloramfenikol 1% salep mata,Tube,2025-02-01,0,True,False
Kloramfenikol 1% salep mata,Tube,2025-03-01,0,True,False
Kloramfenikol 1% salep mata,Tube,2025-04-01,2,False,True
Kloramfenikol 1% salep mata,Tube,2025-05-01,3,True,False
Kloramfenikol 1% salep mata,Tube,2025-06-01,3,True,False
Kloramfenikol 1% salep mata,Tube,2025-07-01,3,True,False
Kloramfenikol 1% salep mata,Tube,2025-08-01,0,True,False
Kloramfenikol 1% salep mata,Tube,2025-09-01,9,True,False
Kloramfenikol 1% salep mata,Tube,2025-10-01,7,True,False
Kloramfenikol 1% salep mata,Tube,2025-11-01,8,True,False
Kloramfenikol 1% salep mata,Tube,2025-12-01,41,True,False
Kloramfenikol 1% salep mata,Tube,2026-01-01,0,True,False
Kloramfenikol 1% salep mata,Tube,2026-02-01,8,True,False
Kloramfenikol 250 mg,Tidak Diketahui,2024-01-01,0,False,False
Kloramfenikol 250 mg,Tidak Diketahui,2024-02-01,0,False,False
Kloramfenikol 250 mg,Tidak Diketahui,2024-03-01,0,False,False
Kloramfenikol 250 mg,Tidak Diketahui,2024-04-01,0,False,False
Kloramfenikol 250 mg,Tidak Diketahui,2024-05-01,0,False,False
Kloramfenikol 250 mg,Tidak Diketahui,2024-06-01,0,False,False
Kloramfenikol 250 mg,Tidak Diketahui,2024-07-01,0,False,False
Kloramfenikol 250 mg,Tidak Diketahui,2024-08-01,0,False,False
Kloramfenikol 250 mg,Tidak Diketahui,2024-09-01,0,False,False
Kloramfenikol 250 mg,Tidak Diketahui,2024-10-01,0,False,False
Kloramfenikol 250 mg,Tidak Diketahui,2024-11-01,0,False,False
Kloramfenikol 250 mg,Tidak Diketahui,2024-12-01,0,False,False
Kloramfenikol 250 mg,Tidak Diketahui,2025-01-01,0,True,False
Kloramfenikol 250 mg,Tidak Diketahui,2025-02-01,0,True,False
Kloramfenikol 250 mg,Tidak Diketahui,2025-03-01,0,True,False
Kloramfenikol 250 mg,Tidak Diketahui,2025-04-01,0,False,True
Kloramfenikol 250 mg,Tidak Diketahui,2025-05-01,0,True,False
Kloramfenikol 250 mg,Tidak Diketahui,2025-06-01,0,True,False
Kloramfenikol 250 mg,Tidak Diketahui,2025-07-01,0,True,False
Kloramfenikol 250 mg,Tidak Diketahui,2025-08-01,0,True,False
Kloramfenikol 250 mg,Tidak Diketahui,2025-09-01,0,True,False
Kloramfenikol 250 mg,Tidak Diketahui,2025-10-01,0,True,False
Kloramfenikol 250 mg,Tidak Diketahui,2025-11-01,0,True,False
Kloramfenikol 250 mg,Tidak Diketahui,2025-12-01,0,True,False
Kloramfenikol 250 mg,Tidak Diketahui,2026-01-01,0,False,False
Kloramfenikol 250 mg,Tidak Diketahui,2026-02-01,0,False,False
Kloramfenikol 3% tetes telinga,Botol,2024-01-01,0,True,False
Kloramfenikol 3% tetes telinga,Botol,2024-02-01,83,True,False
Kloramfenikol 3% tetes telinga,Botol,2024-03-01,0,True,False
Kloramfenikol 3% tetes telinga,Botol,2024-04-01,1,True,False
Kloramfenikol 3% tetes telinga,Botol,2024-05-01,0,True,False
Kloramfenikol 3% tetes telinga,Botol,2024-06-01,0,True,False
Kloramfenikol 3% tetes telinga,Botol,2024-07-01,0,True,False
Kloramfenikol 3% tetes telinga,Botol,2024-08-01,1,True,False
Kloramfenikol 3% tetes telinga,Botol,2024-09-01,0,True,False
Kloramfenikol 3% tetes telinga,Botol,2024-10-01,19,True,False
Kloramfenikol 3% tetes telinga,Botol,2024-11-01,0,True,False
Kloramfenikol 3% tetes telinga,Botol,2024-12-01,0,True,False
Kloramfenikol 3% tetes telinga,Botol,2025-01-01,24,True,False
Kloramfenikol 3% tetes telinga,Botol,2025-02-01,0,True,False
Kloramfenikol 3% tetes telinga,Botol,2025-03-01,0,True,False
Kloramfenikol 3% tetes telinga,Botol,2025-04-01,0,False,True
Kloramfenikol 3% tetes telinga,Botol,2025-05-01,0,True,False
Kloramfenikol 3% tetes telinga,Botol,2025-06-01,0,True,False
Kloramfenikol 3% tetes telinga,Botol,2025-07-01,0,True,False
Kloramfenikol 3% tetes telinga,Botol,2025-08-01,0,True,False
Kloramfenikol 3% tetes telinga,Botol,2025-09-01,0,True,False
Kloramfenikol 3% tetes telinga,Botol,2025-10-01,0,True,False
Kloramfenikol 3% tetes telinga,Botol,2025-11-01,0,True,False
Kloramfenikol 3% tetes telinga,Botol,2025-12-01,0,True,False
Kloramfenikol 3% tetes telinga,Botol,2026-01-01,3,True,False
Kloramfenikol 3% tetes telinga,Botol,2026-02-01,0,True,False
Kloramfenikol 500 mg,Tablet,2024-01-01,0,True,False
Kloramfenikol 500 mg,Tablet,2024-02-01,0,True,False
Kloramfenikol 500 mg,Tablet,2024-03-01,0,True,False
Kloramfenikol 500 mg,Tablet,2024-04-01,0,True,False
Kloramfenikol 500 mg,Tablet,2024-05-01,0,True,False
Kloramfenikol 500 mg,Tablet,2024-06-01,0,True,False
Kloramfenikol 500 mg,Tablet,2024-07-01,275,True,False
Kloramfenikol 500 mg,Tablet,2024-08-01,125,True,False
Kloramfenikol 500 mg,Tablet,2024-09-01,0,True,False
Kloramfenikol 500 mg,Tablet,2024-10-01,0,True,False
Kloramfenikol 500 mg,Tablet,2024-11-01,0,True,False
Kloramfenikol 500 mg,Tablet,2024-12-01,0,True,False
Kloramfenikol 500 mg,Tablet,2025-01-01,0,True,False
Kloramfenikol 500 mg,Tablet,2025-02-01,0,True,False
Kloramfenikol 500 mg,Tablet,2025-03-01,0,True,False
Kloramfenikol 500 mg,Tablet,2025-04-01,0,False,True
Kloramfenikol 500 mg,Tablet,2025-05-01,0,True,False
Kloramfenikol 500 mg,Tablet,2025-06-01,0,True,False
Kloramfenikol 500 mg,Tablet,2025-07-01,0,True,False
Kloramfenikol 500 mg,Tablet,2025-08-01,0,True,False
Kloramfenikol 500 mg,Tablet,2025-09-01,0,True,False
Kloramfenikol 500 mg,Tablet,2025-10-01,0,True,False
Kloramfenikol 500 mg,Tablet,2025-11-01,0,True,False
Kloramfenikol 500 mg,Tablet,2025-12-01,0,True,False
Kloramfenikol 500 mg,Tablet,2026-01-01,0,False,False
Kloramfenikol 500 mg,Tablet,2026-02-01,0,False,False
Kloramfenikol inj / Colsancetin inj,Tidak Diketahui,2024-01-01,0,False,False
Kloramfenikol inj / Colsancetin inj,Tidak Diketahui,2024-02-01,0,False,False
Kloramfenikol inj / Colsancetin inj,Tidak Diketahui,2024-03-01,0,False,False
Kloramfenikol inj / Colsancetin inj,Tidak Diketahui,2024-04-01,0,False,False
Kloramfenikol inj / Colsancetin inj,Tidak Diketahui,2024-05-01,0,False,False
Kloramfenikol inj / Colsancetin inj,Tidak Diketahui,2024-06-01,0,False,False
Kloramfenikol inj / Colsancetin inj,Tidak Diketahui,2024-07-01,0,False,False
Kloramfenikol inj / Colsancetin inj,Tidak Diketahui,2024-08-01,0,False,False
Kloramfenikol inj / Colsancetin inj,Tidak Diketahui,2024-09-01,0,False,False
Kloramfenikol inj / Colsancetin inj,Tidak Diketahui,2024-10-01,0,False,False
Kloramfenikol inj / Colsancetin inj,Tidak Diketahui,2024-11-01,0,False,False
Kloramfenikol inj / Colsancetin inj,Tidak Diketahui,2024-12-01,0,False,False
Kloramfenikol inj / Colsancetin inj,Tidak Diketahui,2025-01-01,0,True,False
Kloramfenikol inj / Colsancetin inj,Tidak Diketahui,2025-02-01,0,True,False
Kloramfenikol inj / Colsancetin inj,Tidak Diketahui,2025-03-01,0,True,False
Kloramfenikol inj / Colsancetin inj,Tidak Diketahui,2025-04-01,0,False,True
Kloramfenikol inj / Colsancetin inj,Tidak Diketahui,2025-05-01,0,True,False
Kloramfenikol inj / Colsancetin inj,Tidak Diketahui,2025-06-01,0,True,False
Kloramfenikol inj / Colsancetin inj,Tidak Diketahui,2025-07-01,0,True,False
Kloramfenikol inj / Colsancetin inj,Tidak Diketahui,2025-08-01,0,True,False
Kloramfenikol inj / Colsancetin inj,Tidak Diketahui,2025-09-01,0,True,False
Kloramfenikol inj / Colsancetin inj,Tidak Diketahui,2025-10-01,0,True,False
Kloramfenikol inj / Colsancetin inj,Tidak Diketahui,2025-11-01,0,True,False
Kloramfenikol inj / Colsancetin inj,Tidak Diketahui,2025-12-01,0,True,False
Kloramfenikol inj / Colsancetin inj,Tidak Diketahui,2026-01-01,0,False,False
Kloramfenikol inj / Colsancetin inj,Tidak Diketahui,2026-02-01,0,False,False
Kloramfenikol suspensi,Tidak Diketahui,2024-01-01,0,False,False
Kloramfenikol suspensi,Tidak Diketahui,2024-02-01,0,False,False
Kloramfenikol suspensi,Tidak Diketahui,2024-03-01,0,False,False
Kloramfenikol suspensi,Tidak Diketahui,2024-04-01,0,False,False
Kloramfenikol suspensi,Tidak Diketahui,2024-05-01,0,False,False
Kloramfenikol suspensi,Tidak Diketahui,2024-06-01,0,False,False
Kloramfenikol suspensi,Tidak Diketahui,2024-07-01,0,False,False
Kloramfenikol suspensi,Tidak Diketahui,2024-08-01,0,False,False
Kloramfenikol suspensi,Tidak Diketahui,2024-09-01,0,False,False
Kloramfenikol suspensi,Tidak Diketahui,2024-10-01,0,False,False
Kloramfenikol suspensi,Tidak Diketahui,2024-11-01,0,False,False
Kloramfenikol suspensi,Tidak Diketahui,2024-12-01,0,False,False
Kloramfenikol suspensi,Tidak Diketahui,2025-01-01,0,True,False
Kloramfenikol suspensi,Tidak Diketahui,2025-02-01,0,True,False
Kloramfenikol suspensi,Tidak Diketahui,2025-03-01,0,True,False
Kloramfenikol suspensi,Tidak Diketahui,2025-04-01,0,False,True
Kloramfenikol suspensi,Tidak Diketahui,2025-05-01,0,True,False
Kloramfenikol suspensi,Tidak Diketahui,2025-06-01,0,True,False
Kloramfenikol suspensi,Tidak Diketahui,2025-07-01,0,True,False
Kloramfenikol suspensi,Tidak Diketahui,2025-08-01,0,True,False
Kloramfenikol suspensi,Tidak Diketahui,2025-09-01,0,True,False
Kloramfenikol suspensi,Tidak Diketahui,2025-10-01,0,True,False
Kloramfenikol suspensi,Tidak Diketahui,2025-11-01,0,True,False
Kloramfenikol suspensi,Tidak Diketahui,2025-12-01,0,True,False
Kloramfenikol suspensi,Tidak Diketahui,2026-01-01,0,False,False
Kloramfenikol suspensi,Tidak Diketahui,2026-02-01,0,False,False
Klorfeniramin Maleat (CTM) 4 mg,Tablet,2024-01-01,470,True,False
Klorfeniramin Maleat (CTM) 4 mg,Tablet,2024-02-01,570,True,False
Klorfeniramin Maleat (CTM) 4 mg,Tablet,2024-03-01,310,True,False
Klorfeniramin Maleat (CTM) 4 mg,Tablet,2024-04-01,320,True,False
Klorfeniramin Maleat (CTM) 4 mg,Tablet,2024-05-01,470,True,False
Klorfeniramin Maleat (CTM) 4 mg,Tablet,2024-06-01,185,True,False
Klorfeniramin Maleat (CTM) 4 mg,Tablet,2024-07-01,445,True,False
Klorfeniramin Maleat (CTM) 4 mg,Tablet,2024-08-01,180,True,False
Klorfeniramin Maleat (CTM) 4 mg,Tablet,2024-09-01,460,True,False
Klorfeniramin Maleat (CTM) 4 mg,Tablet,2024-10-01,1810,True,False
Klorfeniramin Maleat (CTM) 4 mg,Tablet,2024-11-01,700,True,False
Klorfeniramin Maleat (CTM) 4 mg,Tablet,2024-12-01,325,True,False
Klorfeniramin Maleat (CTM) 4 mg,Tablet,2025-01-01,1476,True,False
Klorfeniramin Maleat (CTM) 4 mg,Tablet,2025-02-01,282,True,False
Klorfeniramin Maleat (CTM) 4 mg,Tablet,2025-03-01,1237,True,False
Klorfeniramin Maleat (CTM) 4 mg,Tablet,2025-04-01,1074,False,True
Klorfeniramin Maleat (CTM) 4 mg,Tablet,2025-05-01,910,True,False
Klorfeniramin Maleat (CTM) 4 mg,Tablet,2025-06-01,440,True,False
Klorfeniramin Maleat (CTM) 4 mg,Tablet,2025-07-01,210,True,False
Klorfeniramin Maleat (CTM) 4 mg,Tablet,2025-08-01,180,True,False
Klorfeniramin Maleat (CTM) 4 mg,Tablet,2025-09-01,3150,True,False
Klorfeniramin Maleat (CTM) 4 mg,Tablet,2025-10-01,540,True,False
Klorfeniramin Maleat (CTM) 4 mg,Tablet,2025-11-01,3410,True,False
Klorfeniramin Maleat (CTM) 4 mg,Tablet,2025-12-01,223,True,False
Klorfeniramin Maleat (CTM) 4 mg,Tablet,2026-01-01,476,True,False
Klorfeniramin Maleat (CTM) 4 mg,Tablet,2026-02-01,554,True,False
Klorfenol Kamfer Mentol (CHKM),Botol 20 Ml,2024-01-01,0,False,False
Klorfenol Kamfer Mentol (CHKM),Botol 20 Ml,2024-02-01,0,False,False
Klorfenol Kamfer Mentol (CHKM),Botol 20 Ml,2024-03-01,0,False,False
Klorfenol Kamfer Mentol (CHKM),Botol 20 Ml,2024-04-01,0,False,False
Klorfenol Kamfer Mentol (CHKM),Botol 20 Ml,2024-05-01,0,False,False
Klorfenol Kamfer Mentol (CHKM),Botol 20 Ml,2024-06-01,0,False,False
Klorfenol Kamfer Mentol (CHKM),Botol 20 Ml,2024-07-01,0,False,False
Klorfenol Kamfer Mentol (CHKM),Botol 20 Ml,2024-08-01,0,False,False
Klorfenol Kamfer Mentol (CHKM),Botol 20 Ml,2024-09-01,0,False,False
Klorfenol Kamfer Mentol (CHKM),Botol 20 Ml,2024-10-01,0,False,False
Klorfenol Kamfer Mentol (CHKM),Botol 20 Ml,2024-11-01,0,False,False
Klorfenol Kamfer Mentol (CHKM),Botol 20 Ml,2024-12-01,0,False,False
Klorfenol Kamfer Mentol (CHKM),Botol 20 Ml,2025-01-01,0,True,False
Klorfenol Kamfer Mentol (CHKM),Botol 20 Ml,2025-02-01,0,True,False
Klorfenol Kamfer Mentol (CHKM),Botol 20 Ml,2025-03-01,0,True,False
Klorfenol Kamfer Mentol (CHKM),Botol 20 Ml,2025-04-01,0,False,True
Klorfenol Kamfer Mentol (CHKM),Botol 20 Ml,2025-05-01,1,True,False
Klorfenol Kamfer Mentol (CHKM),Botol 20 Ml,2025-06-01,0,True,False
Klorfenol Kamfer Mentol (CHKM),Botol 20 Ml,2025-07-01,9,True,False
Klorfenol Kamfer Mentol (CHKM),Botol 20 Ml,2025-08-01,0,True,False
Klorfenol Kamfer Mentol (CHKM),Botol 20 Ml,2025-09-01,0,True,False
Klorfenol Kamfer Mentol (CHKM),Botol 20 Ml,2025-10-01,0,True,False
Klorfenol Kamfer Mentol (CHKM),Botol 20 Ml,2025-11-01,0,True,False
Klorfenol Kamfer Mentol (CHKM),Botol 20 Ml,2025-12-01,0,True,False
Klorfenol Kamfer Mentol (CHKM),Botol 20 Ml,2026-01-01,4,True,False
Klorfenol Kamfer Mentol (CHKM),Botol 20 Ml,2026-02-01,0,True,False
Klorpromazin 100 mg/cepezet,Tablet,2024-01-01,0,True,False
Klorpromazin 100 mg/cepezet,Tablet,2024-02-01,0,True,False
Klorpromazin 100 mg/cepezet,Tablet,2024-03-01,130,True,False
Klorpromazin 100 mg/cepezet,Tablet,2024-04-01,1120,True,False
Klorpromazin 100 mg/cepezet,Tablet,2024-05-01,50,True,False
Klorpromazin 100 mg/cepezet,Tablet,2024-06-01,100,True,False
Klorpromazin 100 mg/cepezet,Tablet,2024-07-01,400,True,False
Klorpromazin 100 mg/cepezet,Tablet,2024-08-01,70,True,False
Klorpromazin 100 mg/cepezet,Tablet,2024-09-01,180,True,False
Klorpromazin 100 mg/cepezet,Tablet,2024-10-01,120,True,False
Klorpromazin 100 mg/cepezet,Tablet,2024-11-01,95,True,False
Klorpromazin 100 mg/cepezet,Tablet,2024-12-01,210,True,False
Klorpromazin 100 mg/cepezet,Tablet,2025-01-01,25,True,False
Klorpromazin 100 mg/cepezet,Tablet,2025-02-01,340,True,False
Klorpromazin 100 mg/cepezet,Tablet,2025-03-01,205,True,False
Klorpromazin 100 mg/cepezet,Tablet,2025-04-01,162,False,True
Klorpromazin 100 mg/cepezet,Tablet,2025-05-01,120,True,False
Klorpromazin 100 mg/cepezet,Tablet,2025-06-01,180,True,False
Klorpromazin 100 mg/cepezet,Tablet,2025-07-01,180,True,False
Klorpromazin 100 mg/cepezet,Tablet,2025-08-01,180,True,False
Klorpromazin 100 mg/cepezet,Tablet,2025-09-01,120,True,False
Klorpromazin 100 mg/cepezet,Tablet,2025-10-01,240,True,False
Klorpromazin 100 mg/cepezet,Tablet,2025-11-01,90,True,False
Klorpromazin 100 mg/cepezet,Tablet,2025-12-01,210,True,False
Klorpromazin 100 mg/cepezet,Tablet,2026-01-01,250,True,False
Klorpromazin 100 mg/cepezet,Tablet,2026-02-01,0,True,False
Klorpromazin 100 mg/cepezet inj.,Tablet,2024-01-01,0,False,False
Klorpromazin 100 mg/cepezet inj.,Tablet,2024-02-01,0,False,False
Klorpromazin 100 mg/cepezet inj.,Tablet,2024-03-01,0,False,False
Klorpromazin 100 mg/cepezet inj.,Tablet,2024-04-01,0,False,False
Klorpromazin 100 mg/cepezet inj.,Tablet,2024-05-01,0,False,False
Klorpromazin 100 mg/cepezet inj.,Tablet,2024-06-01,0,False,False
Klorpromazin 100 mg/cepezet inj.,Tablet,2024-07-01,0,False,False
Klorpromazin 100 mg/cepezet inj.,Tablet,2024-08-01,0,False,False
Klorpromazin 100 mg/cepezet inj.,Tablet,2024-09-01,0,False,False
Klorpromazin 100 mg/cepezet inj.,Tablet,2024-10-01,0,False,False
Klorpromazin 100 mg/cepezet inj.,Tablet,2024-11-01,0,False,False
Klorpromazin 100 mg/cepezet inj.,Tablet,2024-12-01,0,False,False
Klorpromazin 100 mg/cepezet inj.,Tablet,2025-01-01,0,True,False
Klorpromazin 100 mg/cepezet inj.,Tablet,2025-02-01,0,True,False
Klorpromazin 100 mg/cepezet inj.,Tablet,2025-03-01,0,True,False
Klorpromazin 100 mg/cepezet inj.,Tablet,2025-04-01,0,False,True
Klorpromazin 100 mg/cepezet inj.,Tablet,2025-05-01,0,True,False
Klorpromazin 100 mg/cepezet inj.,Tablet,2025-06-01,0,True,False
Klorpromazin 100 mg/cepezet inj.,Tablet,2025-07-01,0,True,False
Klorpromazin 100 mg/cepezet inj.,Tablet,2025-08-01,0,True,False
Klorpromazin 100 mg/cepezet inj.,Tablet,2025-09-01,0,True,False
Klorpromazin 100 mg/cepezet inj.,Tablet,2025-10-01,0,True,False
Klorpromazin 100 mg/cepezet inj.,Tablet,2025-11-01,1,True,False
Klorpromazin 100 mg/cepezet inj.,Tablet,2025-12-01,1,True,False
Klorpromazin 100 mg/cepezet inj.,Tablet,2026-01-01,0,True,False
Klorpromazin 100 mg/cepezet inj.,Tablet,2026-02-01,0,True,False
Klorpromazin 100 mg/cepezet inj.,Vial,2024-01-01,0,False,False
Klorpromazin 100 mg/cepezet inj.,Vial,2024-02-01,0,False,False
Klorpromazin 100 mg/cepezet inj.,Vial,2024-03-01,0,False,False
Klorpromazin 100 mg/cepezet inj.,Vial,2024-04-01,0,False,False
Klorpromazin 100 mg/cepezet inj.,Vial,2024-05-01,0,False,False
Klorpromazin 100 mg/cepezet inj.,Vial,2024-06-01,0,False,False
Klorpromazin 100 mg/cepezet inj.,Vial,2024-07-01,0,False,False
Klorpromazin 100 mg/cepezet inj.,Vial,2024-08-01,0,False,False
Klorpromazin 100 mg/cepezet inj.,Vial,2024-09-01,0,False,False
Klorpromazin 100 mg/cepezet inj.,Vial,2024-10-01,0,False,False
Klorpromazin 100 mg/cepezet inj.,Vial,2024-11-01,0,False,False
Klorpromazin 100 mg/cepezet inj.,Vial,2024-12-01,0,True,False
Klorpromazin 100 mg/cepezet inj.,Vial,2025-01-01,0,False,False
Klorpromazin 100 mg/cepezet inj.,Vial,2025-02-01,0,False,False
Klorpromazin 100 mg/cepezet inj.,Vial,2025-03-01,0,False,False
Klorpromazin 100 mg/cepezet inj.,Vial,2025-04-01,0,False,True
Klorpromazin 100 mg/cepezet inj.,Vial,2025-05-01,0,False,False
Klorpromazin 100 mg/cepezet inj.,Vial,2025-06-01,0,False,False
Klorpromazin 100 mg/cepezet inj.,Vial,2025-07-01,0,False,False
Klorpromazin 100 mg/cepezet inj.,Vial,2025-08-01,0,False,False
Klorpromazin 100 mg/cepezet inj.,Vial,2025-09-01,0,False,False
Klorpromazin 100 mg/cepezet inj.,Vial,2025-10-01,0,False,False
Klorpromazin 100 mg/cepezet inj.,Vial,2025-11-01,0,False,False
Klorpromazin 100 mg/cepezet inj.,Vial,2025-12-01,0,False,False
Klorpromazin 100 mg/cepezet inj.,Vial,2026-01-01,0,False,False
Klorpromazin 100 mg/cepezet inj.,Vial,2026-02-01,0,False,False
Kodein 10 mg,Tablet,2024-01-01,0,False,False
Kodein 10 mg,Tablet,2024-02-01,0,False,False
Kodein 10 mg,Tablet,2024-03-01,0,False,False
Kodein 10 mg,Tablet,2024-04-01,0,False,False
Kodein 10 mg,Tablet,2024-05-01,0,False,False
Kodein 10 mg,Tablet,2024-06-01,0,False,False
Kodein 10 mg,Tablet,2024-07-01,0,False,False
Kodein 10 mg,Tablet,2024-08-01,0,False,False
Kodein 10 mg,Tablet,2024-09-01,0,False,False
Kodein 10 mg,Tablet,2024-10-01,0,False,False
Kodein 10 mg,Tablet,2024-11-01,0,False,False
Kodein 10 mg,Tablet,2024-12-01,0,False,False
Kodein 10 mg,Tablet,2025-01-01,60,True,False
Kodein 10 mg,Tablet,2025-02-01,130,True,False
Kodein 10 mg,Tablet,2025-03-01,123,True,False
Kodein 10 mg,Tablet,2025-04-01,106,False,True
Kodein 10 mg,Tablet,2025-05-01,90,True,False
Kodein 10 mg,Tablet,2025-06-01,223,True,False
Kodein 10 mg,Tablet,2025-07-01,98,True,False
Kodein 10 mg,Tablet,2025-08-01,99,True,False
Kodein 10 mg,Tablet,2025-09-01,30,True,False
Kodein 10 mg,Tablet,2025-10-01,85,True,False
Kodein 10 mg,Tablet,2025-11-01,57,True,False
Kodein 10 mg,Tablet,2025-12-01,8,True,False
Kodein 10 mg,Tablet,2026-01-01,20,True,False
Kodein 10 mg,Tablet,2026-02-01,10,True,False
Kolesterol,Tidak Diketahui,2024-01-01,0,False,False
Kolesterol,Tidak Diketahui,2024-02-01,0,False,False
Kolesterol,Tidak Diketahui,2024-03-01,0,False,False
Kolesterol,Tidak Diketahui,2024-04-01,0,False,False
Kolesterol,Tidak Diketahui,2024-05-01,0,False,False
Kolesterol,Tidak Diketahui,2024-06-01,0,False,False
Kolesterol,Tidak Diketahui,2024-07-01,0,False,False
Kolesterol,Tidak Diketahui,2024-08-01,0,False,False
Kolesterol,Tidak Diketahui,2024-09-01,0,False,False
Kolesterol,Tidak Diketahui,2024-10-01,0,False,False
Kolesterol,Tidak Diketahui,2024-11-01,0,False,False
Kolesterol,Tidak Diketahui,2024-12-01,0,False,False
Kolesterol,Tidak Diketahui,2025-01-01,0,True,False
Kolesterol,Tidak Diketahui,2025-02-01,0,True,False
Kolesterol,Tidak Diketahui,2025-03-01,0,True,False
Kolesterol,Tidak Diketahui,2025-04-01,0,False,True
Kolesterol,Tidak Diketahui,2025-05-01,0,True,False
Kolesterol,Tidak Diketahui,2025-06-01,0,True,False
Kolesterol,Tidak Diketahui,2025-07-01,0,True,False
Kolesterol,Tidak Diketahui,2025-08-01,0,True,False
Kolesterol,Tidak Diketahui,2025-09-01,0,True,False
Kolesterol,Tidak Diketahui,2025-10-01,0,True,False
Kolesterol,Tidak Diketahui,2025-11-01,0,True,False
Kolesterol,Tidak Diketahui,2025-12-01,0,True,False
Kolesterol,Tidak Diketahui,2026-01-01,0,False,False
Kolesterol,Tidak Diketahui,2026-02-01,0,False,False
Kolkisin 500 mg tab,Tidak Diketahui,2024-01-01,0,False,False
Kolkisin 500 mg tab,Tidak Diketahui,2024-02-01,0,False,False
Kolkisin 500 mg tab,Tidak Diketahui,2024-03-01,0,False,False
Kolkisin 500 mg tab,Tidak Diketahui,2024-04-01,0,False,False
Kolkisin 500 mg tab,Tidak Diketahui,2024-05-01,0,False,False
Kolkisin 500 mg tab,Tidak Diketahui,2024-06-01,0,False,False
Kolkisin 500 mg tab,Tidak Diketahui,2024-07-01,0,False,False
Kolkisin 500 mg tab,Tidak Diketahui,2024-08-01,0,False,False
Kolkisin 500 mg tab,Tidak Diketahui,2024-09-01,0,False,False
Kolkisin 500 mg tab,Tidak Diketahui,2024-10-01,0,False,False
Kolkisin 500 mg tab,Tidak Diketahui,2024-11-01,0,False,False
Kolkisin 500 mg tab,Tidak Diketahui,2024-12-01,0,False,False
Kolkisin 500 mg tab,Tidak Diketahui,2025-01-01,0,True,False
Kolkisin 500 mg tab,Tidak Diketahui,2025-02-01,0,True,False
Kolkisin 500 mg tab,Tidak Diketahui,2025-03-01,0,True,False
Kolkisin 500 mg tab,Tidak Diketahui,2025-04-01,0,False,True
Kolkisin 500 mg tab,Tidak Diketahui,2025-05-01,0,True,False
Kolkisin 500 mg tab,Tidak Diketahui,2025-06-01,0,True,False
Kolkisin 500 mg tab,Tidak Diketahui,2025-07-01,0,True,False
Kolkisin 500 mg tab,Tidak Diketahui,2025-08-01,0,True,False
Kolkisin 500 mg tab,Tidak Diketahui,2025-09-01,0,True,False
Kolkisin 500 mg tab,Tidak Diketahui,2025-10-01,0,True,False
Kolkisin 500 mg tab,Tidak Diketahui,2025-11-01,0,True,False
Kolkisin 500 mg tab,Tidak Diketahui,2025-12-01,0,True,False
Kolkisin 500 mg tab,Tidak Diketahui,2026-01-01,0,False,False
Kolkisin 500 mg tab,Tidak Diketahui,2026-02-01,0,False,False
Kotrimoksasol 480 mg,Ktk 100 Tab,2024-01-01,90,True,False
Kotrimoksasol 480 mg,Ktk 100 Tab,2024-02-01,0,False,False
Kotrimoksasol 480 mg,Ktk 100 Tab,2024-03-01,0,False,False
Kotrimoksasol 480 mg,Ktk 100 Tab,2024-04-01,0,False,False
Kotrimoksasol 480 mg,Ktk 100 Tab,2024-05-01,0,False,False
Kotrimoksasol 480 mg,Ktk 100 Tab,2024-06-01,0,False,False
Kotrimoksasol 480 mg,Ktk 100 Tab,2024-07-01,0,False,False
Kotrimoksasol 480 mg,Ktk 100 Tab,2024-08-01,0,False,False
Kotrimoksasol 480 mg,Ktk 100 Tab,2024-09-01,0,False,False
Kotrimoksasol 480 mg,Ktk 100 Tab,2024-10-01,0,False,False
Kotrimoksasol 480 mg,Ktk 100 Tab,2024-11-01,0,False,False
Kotrimoksasol 480 mg,Ktk 100 Tab,2024-12-01,0,False,False
Kotrimoksasol 480 mg,Ktk 100 Tab,2025-01-01,0,False,False
Kotrimoksasol 480 mg,Ktk 100 Tab,2025-02-01,0,False,False
Kotrimoksasol 480 mg,Ktk 100 Tab,2025-03-01,0,False,False
Kotrimoksasol 480 mg,Ktk 100 Tab,2025-04-01,0,False,True
Kotrimoksasol 480 mg,Ktk 100 Tab,2025-05-01,0,False,False
Kotrimoksasol 480 mg,Ktk 100 Tab,2025-06-01,0,False,False
Kotrimoksasol 480 mg,Ktk 100 Tab,2025-07-01,0,False,False
Kotrimoksasol 480 mg,Ktk 100 Tab,2025-08-01,0,False,False
Kotrimoksasol 480 mg,Ktk 100 Tab,2025-09-01,0,False,False
Kotrimoksasol 480 mg,Ktk 100 Tab,2025-10-01,0,False,False
Kotrimoksasol 480 mg,Ktk 100 Tab,2025-11-01,0,False,False
Kotrimoksasol 480 mg,Ktk 100 Tab,2025-12-01,0,False,False
Kotrimoksasol 480 mg,Ktk 100 Tab,2026-01-01,0,False,False
Kotrimoksasol 480 mg,Ktk 100 Tab,2026-02-01,0,False,False
Kotrimoksasol 480 mg,Tablet,2024-01-01,0,False,False
Kotrimoksasol 480 mg,Tablet,2024-02-01,8,True,False
Kotrimoksasol 480 mg,Tablet,2024-03-01,0,True,False
Kotrimoksasol 480 mg,Tablet,2024-04-01,62,True,False
Kotrimoksasol 480 mg,Tablet,2024-05-01,38,True,False
Kotrimoksasol 480 mg,Tablet,2024-06-01,50,True,False
Kotrimoksasol 480 mg,Tablet,2024-07-01,0,True,False
Kotrimoksasol 480 mg,Tablet,2024-08-01,50,True,False
Kotrimoksasol 480 mg,Tablet,2024-09-01,1440,True,False
Kotrimoksasol 480 mg,Tablet,2024-10-01,30,True,False
Kotrimoksasol 480 mg,Tablet,2024-11-01,60,True,False
Kotrimoksasol 480 mg,Tablet,2024-12-01,60,True,False
Kotrimoksasol 480 mg,Tablet,2025-01-01,160,True,False
Kotrimoksasol 480 mg,Tablet,2025-02-01,30,True,False
Kotrimoksasol 480 mg,Tablet,2025-03-01,770,True,False
Kotrimoksasol 480 mg,Tablet,2025-04-01,610,False,True
Kotrimoksasol 480 mg,Tablet,2025-05-01,450,True,False
Kotrimoksasol 480 mg,Tablet,2025-06-01,550,True,False
Kotrimoksasol 480 mg,Tablet,2025-07-01,160,True,False
Kotrimoksasol 480 mg,Tablet,2025-08-01,210,True,False
Kotrimoksasol 480 mg,Tablet,2025-09-01,300,True,False
Kotrimoksasol 480 mg,Tablet,2025-10-01,200,True,False
Kotrimoksasol 480 mg,Tablet,2025-11-01,360,True,False
Kotrimoksasol 480 mg,Tablet,2025-12-01,181,True,False
Kotrimoksasol 480 mg,Tablet,2026-01-01,142,True,False
Kotrimoksasol 480 mg,Tablet,2026-02-01,87,True,False
Kotrimoksasol 960 mg,Tablet,2024-01-01,0,True,False
Kotrimoksasol 960 mg,Tablet,2024-02-01,0,True,False
Kotrimoksasol 960 mg,Tablet,2024-03-01,0,False,False
Kotrimoksasol 960 mg,Tablet,2024-04-01,0,False,False
Kotrimoksasol 960 mg,Tablet,2024-05-01,0,False,False
Kotrimoksasol 960 mg,Tablet,2024-06-01,0,False,False
Kotrimoksasol 960 mg,Tablet,2024-07-01,0,False,False
Kotrimoksasol 960 mg,Tablet,2024-08-01,0,False,False
Kotrimoksasol 960 mg,Tablet,2024-09-01,0,False,False
Kotrimoksasol 960 mg,Tablet,2024-10-01,0,False,False
Kotrimoksasol 960 mg,Tablet,2024-11-01,0,False,False
Kotrimoksasol 960 mg,Tablet,2024-12-01,0,False,False
Kotrimoksasol 960 mg,Tablet,2025-01-01,0,True,False
Kotrimoksasol 960 mg,Tablet,2025-02-01,0,True,False
Kotrimoksasol 960 mg,Tablet,2025-03-01,0,True,False
Kotrimoksasol 960 mg,Tablet,2025-04-01,0,False,True
Kotrimoksasol 960 mg,Tablet,2025-05-01,0,True,False
Kotrimoksasol 960 mg,Tablet,2025-06-01,0,True,False
Kotrimoksasol 960 mg,Tablet,2025-07-01,0,True,False
Kotrimoksasol 960 mg,Tablet,2025-08-01,0,True,False
Kotrimoksasol 960 mg,Tablet,2025-09-01,0,True,False
Kotrimoksasol 960 mg,Tablet,2025-10-01,0,True,False
Kotrimoksasol 960 mg,Tablet,2025-11-01,0,True,False
Kotrimoksasol 960 mg,Tablet,2025-12-01,0,True,False
Kotrimoksasol 960 mg,Tablet,2026-01-01,0,False,False
Kotrimoksasol 960 mg,Tablet,2026-02-01,0,False,False
Kotrimoksasol suspensi,Botol,2024-01-01,0,False,False
Kotrimoksasol suspensi,Botol,2024-02-01,0,False,False
Kotrimoksasol suspensi,Botol,2024-03-01,0,False,False
Kotrimoksasol suspensi,Botol,2024-04-01,0,False,False
Kotrimoksasol suspensi,Botol,2024-05-01,0,False,False
Kotrimoksasol suspensi,Botol,2024-06-01,0,False,False
Kotrimoksasol suspensi,Botol,2024-07-01,0,False,False
Kotrimoksasol suspensi,Botol,2024-08-01,0,False,False
Kotrimoksasol suspensi,Botol,2024-09-01,0,False,False
Kotrimoksasol suspensi,Botol,2024-10-01,0,False,False
Kotrimoksasol suspensi,Botol,2024-11-01,0,False,False
Kotrimoksasol suspensi,Botol,2024-12-01,0,False,False
Kotrimoksasol suspensi,Botol,2025-01-01,0,True,False
Kotrimoksasol suspensi,Botol,2025-02-01,1,True,False
Kotrimoksasol suspensi,Botol,2025-03-01,0,True,False
Kotrimoksasol suspensi,Botol,2025-04-01,0,False,True
Kotrimoksasol suspensi,Botol,2025-05-01,0,True,False
Kotrimoksasol suspensi,Botol,2025-06-01,7,True,False
Kotrimoksasol suspensi,Botol,2025-07-01,11,True,False
Kotrimoksasol suspensi,Botol,2025-08-01,4,True,False
Kotrimoksasol suspensi,Botol,2025-09-01,7,True,False
Kotrimoksasol suspensi,Botol,2025-10-01,5,True,False
Kotrimoksasol suspensi,Botol,2025-11-01,0,True,False
Kotrimoksasol suspensi,Botol,2025-12-01,0,True,False
Kotrimoksasol suspensi,Botol,2026-01-01,0,True,False
Kotrimoksasol suspensi,Botol,2026-02-01,0,True,False
LDL - Cholesterol,Tidak Diketahui,2024-01-01,0,False,False
LDL - Cholesterol,Tidak Diketahui,2024-02-01,0,False,False
LDL - Cholesterol,Tidak Diketahui,2024-03-01,0,False,False
LDL - Cholesterol,Tidak Diketahui,2024-04-01,0,False,False
LDL - Cholesterol,Tidak Diketahui,2024-05-01,0,False,False
LDL - Cholesterol,Tidak Diketahui,2024-06-01,0,False,False
LDL - Cholesterol,Tidak Diketahui,2024-07-01,0,False,False
LDL - Cholesterol,Tidak Diketahui,2024-08-01,0,False,False
LDL - Cholesterol,Tidak Diketahui,2024-09-01,0,False,False
LDL - Cholesterol,Tidak Diketahui,2024-10-01,0,False,False
LDL - Cholesterol,Tidak Diketahui,2024-11-01,0,False,False
LDL - Cholesterol,Tidak Diketahui,2024-12-01,0,False,False
LDL - Cholesterol,Tidak Diketahui,2025-01-01,0,True,False
LDL - Cholesterol,Tidak Diketahui,2025-02-01,0,True,False
LDL - Cholesterol,Tidak Diketahui,2025-03-01,0,True,False
LDL - Cholesterol,Tidak Diketahui,2025-04-01,0,False,True
LDL - Cholesterol,Tidak Diketahui,2025-05-01,0,True,False
LDL - Cholesterol,Tidak Diketahui,2025-06-01,0,True,False
LDL - Cholesterol,Tidak Diketahui,2025-07-01,0,True,False
LDL - Cholesterol,Tidak Diketahui,2025-08-01,0,True,False
LDL - Cholesterol,Tidak Diketahui,2025-09-01,0,True,False
LDL - Cholesterol,Tidak Diketahui,2025-10-01,0,True,False
LDL - Cholesterol,Tidak Diketahui,2025-11-01,0,True,False
LDL - Cholesterol,Tidak Diketahui,2025-12-01,0,True,False
LDL - Cholesterol,Tidak Diketahui,2026-01-01,0,False,False
LDL - Cholesterol,Tidak Diketahui,2026-02-01,0,False,False
Lacbon granul / Liprolac,Sachet,2024-01-01,0,False,False
Lacbon granul / Liprolac,Sachet,2024-02-01,0,False,False
Lacbon granul / Liprolac,Sachet,2024-03-01,0,False,False
Lacbon granul / Liprolac,Sachet,2024-04-01,0,False,False
Lacbon granul / Liprolac,Sachet,2024-05-01,0,False,False
Lacbon granul / Liprolac,Sachet,2024-06-01,0,False,False
Lacbon granul / Liprolac,Sachet,2024-07-01,0,False,False
Lacbon granul / Liprolac,Sachet,2024-08-01,0,False,False
Lacbon granul / Liprolac,Sachet,2024-09-01,0,False,False
Lacbon granul / Liprolac,Sachet,2024-10-01,0,False,False
Lacbon granul / Liprolac,Sachet,2024-11-01,0,False,False
Lacbon granul / Liprolac,Sachet,2024-12-01,0,False,False
Lacbon granul / Liprolac,Sachet,2025-01-01,0,True,False
Lacbon granul / Liprolac,Sachet,2025-02-01,0,True,False
Lacbon granul / Liprolac,Sachet,2025-03-01,0,True,False
Lacbon granul / Liprolac,Sachet,2025-04-01,0,False,True
Lacbon granul / Liprolac,Sachet,2025-05-01,0,True,False
Lacbon granul / Liprolac,Sachet,2025-06-01,0,True,False
Lacbon granul / Liprolac,Sachet,2025-07-01,0,True,False
Lacbon granul / Liprolac,Sachet,2025-08-01,0,True,False
Lacbon granul / Liprolac,Sachet,2025-09-01,0,True,False
Lacbon granul / Liprolac,Sachet,2025-10-01,0,True,False
Lacbon granul / Liprolac,Sachet,2025-11-01,0,True,False
Lacbon granul / Liprolac,Sachet,2025-12-01,0,True,False
Lacbon granul / Liprolac,Sachet,2026-01-01,0,False,False
Lacbon granul / Liprolac,Sachet,2026-02-01,0,False,False
Lacbon tab / Synbio,Kapsul,2024-01-01,0,False,False
Lacbon tab / Synbio,Kapsul,2024-02-01,0,False,False
Lacbon tab / Synbio,Kapsul,2024-03-01,0,False,False
Lacbon tab / Synbio,Kapsul,2024-04-01,0,False,False
Lacbon tab / Synbio,Kapsul,2024-05-01,0,False,False
Lacbon tab / Synbio,Kapsul,2024-06-01,0,False,False
Lacbon tab / Synbio,Kapsul,2024-07-01,0,False,False
Lacbon tab / Synbio,Kapsul,2024-08-01,0,False,False
Lacbon tab / Synbio,Kapsul,2024-09-01,0,False,False
Lacbon tab / Synbio,Kapsul,2024-10-01,0,False,False
Lacbon tab / Synbio,Kapsul,2024-11-01,0,False,False
Lacbon tab / Synbio,Kapsul,2024-12-01,0,False,False
Lacbon tab / Synbio,Kapsul,2025-01-01,0,True,False
Lacbon tab / Synbio,Kapsul,2025-02-01,0,True,False
Lacbon tab / Synbio,Kapsul,2025-03-01,0,True,False
Lacbon tab / Synbio,Kapsul,2025-04-01,0,False,True
Lacbon tab / Synbio,Kapsul,2025-05-01,0,True,False
Lacbon tab / Synbio,Kapsul,2025-06-01,0,True,False
Lacbon tab / Synbio,Kapsul,2025-07-01,0,True,False
Lacbon tab / Synbio,Kapsul,2025-08-01,0,True,False
Lacbon tab / Synbio,Kapsul,2025-09-01,0,True,False
Lacbon tab / Synbio,Kapsul,2025-10-01,0,True,False
Lacbon tab / Synbio,Kapsul,2025-11-01,0,True,False
Lacbon tab / Synbio,Kapsul,2025-12-01,0,True,False
Lacbon tab / Synbio,Kapsul,2026-01-01,0,False,False
Lacbon tab / Synbio,Kapsul,2026-02-01,0,False,False
"Laktulosa sirup 3,335 g/5 ml",Botol,2024-01-01,2,True,False
"Laktulosa sirup 3,335 g/5 ml",Botol,2024-02-01,2,True,False
"Laktulosa sirup 3,335 g/5 ml",Botol,2024-03-01,0,True,False
"Laktulosa sirup 3,335 g/5 ml",Botol,2024-04-01,0,True,False
"Laktulosa sirup 3,335 g/5 ml",Botol,2024-05-01,1,True,False
"Laktulosa sirup 3,335 g/5 ml",Botol,2024-06-01,0,True,False
"Laktulosa sirup 3,335 g/5 ml",Botol,2024-07-01,0,True,False
"Laktulosa sirup 3,335 g/5 ml",Botol,2024-08-01,0,True,False
"Laktulosa sirup 3,335 g/5 ml",Botol,2024-09-01,0,True,False
"Laktulosa sirup 3,335 g/5 ml",Botol,2024-10-01,0,True,False
"Laktulosa sirup 3,335 g/5 ml",Botol,2024-11-01,1,True,False
"Laktulosa sirup 3,335 g/5 ml",Botol,2024-12-01,0,True,False
"Laktulosa sirup 3,335 g/5 ml",Botol,2025-01-01,0,True,False
"Laktulosa sirup 3,335 g/5 ml",Botol,2025-02-01,2,True,False
"Laktulosa sirup 3,335 g/5 ml",Botol,2025-03-01,1,True,False
"Laktulosa sirup 3,335 g/5 ml",Botol,2025-04-01,0,False,True
"Laktulosa sirup 3,335 g/5 ml",Botol,2025-05-01,0,True,False
"Laktulosa sirup 3,335 g/5 ml",Botol,2025-06-01,0,True,False
"Laktulosa sirup 3,335 g/5 ml",Botol,2025-07-01,0,True,False
"Laktulosa sirup 3,335 g/5 ml",Botol,2025-08-01,6,True,False
"Laktulosa sirup 3,335 g/5 ml",Botol,2025-09-01,0,True,False
"Laktulosa sirup 3,335 g/5 ml",Botol,2025-10-01,0,True,False
"Laktulosa sirup 3,335 g/5 ml",Botol,2025-11-01,0,True,False
"Laktulosa sirup 3,335 g/5 ml",Botol,2025-12-01,0,True,False
"Laktulosa sirup 3,335 g/5 ml",Botol,2026-01-01,0,False,False
"Laktulosa sirup 3,335 g/5 ml",Botol,2026-02-01,0,False,False
Lansoprazol 30 mg,Tidak Diketahui,2024-01-01,0,False,False
Lansoprazol 30 mg,Tidak Diketahui,2024-02-01,0,False,False
Lansoprazol 30 mg,Tidak Diketahui,2024-03-01,0,False,False
Lansoprazol 30 mg,Tidak Diketahui,2024-04-01,0,False,False
Lansoprazol 30 mg,Tidak Diketahui,2024-05-01,0,False,False
Lansoprazol 30 mg,Tidak Diketahui,2024-06-01,0,False,False
Lansoprazol 30 mg,Tidak Diketahui,2024-07-01,0,False,False
Lansoprazol 30 mg,Tidak Diketahui,2024-08-01,0,False,False
Lansoprazol 30 mg,Tidak Diketahui,2024-09-01,0,False,False
Lansoprazol 30 mg,Tidak Diketahui,2024-10-01,0,False,False
Lansoprazol 30 mg,Tidak Diketahui,2024-11-01,0,False,False
Lansoprazol 30 mg,Tidak Diketahui,2024-12-01,0,False,False
Lansoprazol 30 mg,Tidak Diketahui,2025-01-01,0,True,False
Lansoprazol 30 mg,Tidak Diketahui,2025-02-01,0,True,False
Lansoprazol 30 mg,Tidak Diketahui,2025-03-01,0,True,False
Lansoprazol 30 mg,Tidak Diketahui,2025-04-01,0,False,True
Lansoprazol 30 mg,Tidak Diketahui,2025-05-01,0,True,False
Lansoprazol 30 mg,Tidak Diketahui,2025-06-01,0,True,False
Lansoprazol 30 mg,Tidak Diketahui,2025-07-01,0,True,False
Lansoprazol 30 mg,Tidak Diketahui,2025-08-01,0,True,False
Lansoprazol 30 mg,Tidak Diketahui,2025-09-01,0,True,False
Lansoprazol 30 mg,Tidak Diketahui,2025-10-01,0,True,False
Lansoprazol 30 mg,Tidak Diketahui,2025-11-01,0,True,False
Lansoprazol 30 mg,Tidak Diketahui,2025-12-01,0,True,False
Lansoprazol 30 mg,Tidak Diketahui,2026-01-01,0,False,False
Lansoprazol 30 mg,Tidak Diketahui,2026-02-01,0,False,False
Larutan Anisol teknis,Tidak Diketahui,2024-01-01,0,False,False
Larutan Anisol teknis,Tidak Diketahui,2024-02-01,0,False,False
Larutan Anisol teknis,Tidak Diketahui,2024-03-01,0,False,False
Larutan Anisol teknis,Tidak Diketahui,2024-04-01,0,False,False
Larutan Anisol teknis,Tidak Diketahui,2024-05-01,0,False,False
Larutan Anisol teknis,Tidak Diketahui,2024-06-01,0,False,False
Larutan Anisol teknis,Tidak Diketahui,2024-07-01,0,False,False
Larutan Anisol teknis,Tidak Diketahui,2024-08-01,0,False,False
Larutan Anisol teknis,Tidak Diketahui,2024-09-01,0,False,False
Larutan Anisol teknis,Tidak Diketahui,2024-10-01,0,False,False
Larutan Anisol teknis,Tidak Diketahui,2024-11-01,0,False,False
Larutan Anisol teknis,Tidak Diketahui,2024-12-01,0,False,False
Larutan Anisol teknis,Tidak Diketahui,2025-01-01,0,True,False
Larutan Anisol teknis,Tidak Diketahui,2025-02-01,0,True,False
Larutan Anisol teknis,Tidak Diketahui,2025-03-01,0,True,False
Larutan Anisol teknis,Tidak Diketahui,2025-04-01,0,False,True
Larutan Anisol teknis,Tidak Diketahui,2025-05-01,0,True,False
Larutan Anisol teknis,Tidak Diketahui,2025-06-01,0,True,False
Larutan Anisol teknis,Tidak Diketahui,2025-07-01,0,True,False
Larutan Anisol teknis,Tidak Diketahui,2025-08-01,0,True,False
Larutan Anisol teknis,Tidak Diketahui,2025-09-01,0,True,False
Larutan Anisol teknis,Tidak Diketahui,2025-10-01,0,True,False
Larutan Anisol teknis,Tidak Diketahui,2025-11-01,0,True,False
Larutan Anisol teknis,Tidak Diketahui,2025-12-01,0,True,False
Larutan Anisol teknis,Tidak Diketahui,2026-01-01,0,False,False
Larutan Anisol teknis,Tidak Diketahui,2026-02-01,0,False,False
Larutan Asam Asetat 6%,Botol,2024-01-01,0,False,False
Larutan Asam Asetat 6%,Botol,2024-02-01,0,False,False
Larutan Asam Asetat 6%,Botol,2024-03-01,0,False,False
Larutan Asam Asetat 6%,Botol,2024-04-01,0,False,False
Larutan Asam Asetat 6%,Botol,2024-05-01,0,False,False
Larutan Asam Asetat 6%,Botol,2024-06-01,0,False,False
Larutan Asam Asetat 6%,Botol,2024-07-01,0,False,False
Larutan Asam Asetat 6%,Botol,2024-08-01,0,False,False
Larutan Asam Asetat 6%,Botol,2024-09-01,0,False,False
Larutan Asam Asetat 6%,Botol,2024-10-01,0,False,False
Larutan Asam Asetat 6%,Botol,2024-11-01,0,False,False
Larutan Asam Asetat 6%,Botol,2024-12-01,0,False,False
Larutan Asam Asetat 6%,Botol,2025-01-01,0,True,False
Larutan Asam Asetat 6%,Botol,2025-02-01,0,True,False
Larutan Asam Asetat 6%,Botol,2025-03-01,0,True,False
Larutan Asam Asetat 6%,Botol,2025-04-01,0,False,True
Larutan Asam Asetat 6%,Botol,2025-05-01,0,True,False
Larutan Asam Asetat 6%,Botol,2025-06-01,0,True,False
Larutan Asam Asetat 6%,Botol,2025-07-01,0,True,False
Larutan Asam Asetat 6%,Botol,2025-08-01,0,True,False
Larutan Asam Asetat 6%,Botol,2025-09-01,0,True,False
Larutan Asam Asetat 6%,Botol,2025-10-01,0,True,False
Larutan Asam Asetat 6%,Botol,2025-11-01,0,True,False
Larutan Asam Asetat 6%,Botol,2025-12-01,0,True,False
Larutan Asam Asetat 6%,Botol,2026-01-01,0,False,False
Larutan Asam Asetat 6%,Botol,2026-02-01,0,False,False
"Larutan Asam Klorida 0,1N",Tidak Diketahui,2024-01-01,0,False,False
"Larutan Asam Klorida 0,1N",Tidak Diketahui,2024-02-01,0,False,False
"Larutan Asam Klorida 0,1N",Tidak Diketahui,2024-03-01,0,False,False
"Larutan Asam Klorida 0,1N",Tidak Diketahui,2024-04-01,0,False,False
"Larutan Asam Klorida 0,1N",Tidak Diketahui,2024-05-01,0,False,False
"Larutan Asam Klorida 0,1N",Tidak Diketahui,2024-06-01,0,False,False
"Larutan Asam Klorida 0,1N",Tidak Diketahui,2024-07-01,0,False,False
"Larutan Asam Klorida 0,1N",Tidak Diketahui,2024-08-01,0,False,False
"Larutan Asam Klorida 0,1N",Tidak Diketahui,2024-09-01,0,False,False
"Larutan Asam Klorida 0,1N",Tidak Diketahui,2024-10-01,0,False,False
"Larutan Asam Klorida 0,1N",Tidak Diketahui,2024-11-01,0,False,False
"Larutan Asam Klorida 0,1N",Tidak Diketahui,2024-12-01,0,False,False
"Larutan Asam Klorida 0,1N",Tidak Diketahui,2025-01-01,0,True,False
"Larutan Asam Klorida 0,1N",Tidak Diketahui,2025-02-01,0,True,False
"Larutan Asam Klorida 0,1N",Tidak Diketahui,2025-03-01,0,True,False
"Larutan Asam Klorida 0,1N",Tidak Diketahui,2025-04-01,0,False,True
"Larutan Asam Klorida 0,1N",Tidak Diketahui,2025-05-01,0,True,False
"Larutan Asam Klorida 0,1N",Tidak Diketahui,2025-06-01,0,True,False
"Larutan Asam Klorida 0,1N",Tidak Diketahui,2025-07-01,0,True,False
"Larutan Asam Klorida 0,1N",Tidak Diketahui,2025-08-01,0,True,False
"Larutan Asam Klorida 0,1N",Tidak Diketahui,2025-09-01,0,True,False
"Larutan Asam Klorida 0,1N",Tidak Diketahui,2025-10-01,0,True,False
"Larutan Asam Klorida 0,1N",Tidak Diketahui,2025-11-01,0,True,False
"Larutan Asam Klorida 0,1N",Tidak Diketahui,2025-12-01,0,True,False
"Larutan Asam Klorida 0,1N",Tidak Diketahui,2026-01-01,0,False,False
"Larutan Asam Klorida 0,1N",Tidak Diketahui,2026-02-01,0,False,False
Larutan Asam Sulfosalisilat 20%,Tidak Diketahui,2024-01-01,0,False,False
Larutan Asam Sulfosalisilat 20%,Tidak Diketahui,2024-02-01,0,False,False
Larutan Asam Sulfosalisilat 20%,Tidak Diketahui,2024-03-01,0,False,False
Larutan Asam Sulfosalisilat 20%,Tidak Diketahui,2024-04-01,0,False,False
Larutan Asam Sulfosalisilat 20%,Tidak Diketahui,2024-05-01,0,False,False
Larutan Asam Sulfosalisilat 20%,Tidak Diketahui,2024-06-01,0,False,False
Larutan Asam Sulfosalisilat 20%,Tidak Diketahui,2024-07-01,0,False,False
Larutan Asam Sulfosalisilat 20%,Tidak Diketahui,2024-08-01,0,False,False
Larutan Asam Sulfosalisilat 20%,Tidak Diketahui,2024-09-01,0,False,False
Larutan Asam Sulfosalisilat 20%,Tidak Diketahui,2024-10-01,0,False,False
Larutan Asam Sulfosalisilat 20%,Tidak Diketahui,2024-11-01,0,False,False
Larutan Asam Sulfosalisilat 20%,Tidak Diketahui,2024-12-01,0,False,False
Larutan Asam Sulfosalisilat 20%,Tidak Diketahui,2025-01-01,0,True,False
Larutan Asam Sulfosalisilat 20%,Tidak Diketahui,2025-02-01,0,True,False
Larutan Asam Sulfosalisilat 20%,Tidak Diketahui,2025-03-01,0,True,False
Larutan Asam Sulfosalisilat 20%,Tidak Diketahui,2025-04-01,0,False,True
Larutan Asam Sulfosalisilat 20%,Tidak Diketahui,2025-05-01,0,True,False
Larutan Asam Sulfosalisilat 20%,Tidak Diketahui,2025-06-01,0,True,False
Larutan Asam Sulfosalisilat 20%,Tidak Diketahui,2025-07-01,0,True,False
Larutan Asam Sulfosalisilat 20%,Tidak Diketahui,2025-08-01,0,True,False
Larutan Asam Sulfosalisilat 20%,Tidak Diketahui,2025-09-01,0,True,False
Larutan Asam Sulfosalisilat 20%,Tidak Diketahui,2025-10-01,0,True,False
Larutan Asam Sulfosalisilat 20%,Tidak Diketahui,2025-11-01,0,True,False
Larutan Asam Sulfosalisilat 20%,Tidak Diketahui,2025-12-01,0,True,False
Larutan Asam Sulfosalisilat 20%,Tidak Diketahui,2026-01-01,0,False,False
Larutan Asam Sulfosalisilat 20%,Tidak Diketahui,2026-02-01,0,False,False
Larutan BaCl2,Tidak Diketahui,2024-01-01,0,False,False
Larutan BaCl2,Tidak Diketahui,2024-02-01,0,False,False
Larutan BaCl2,Tidak Diketahui,2024-03-01,0,False,False
Larutan BaCl2,Tidak Diketahui,2024-04-01,0,False,False
Larutan BaCl2,Tidak Diketahui,2024-05-01,0,False,False
Larutan BaCl2,Tidak Diketahui,2024-06-01,0,False,False
Larutan BaCl2,Tidak Diketahui,2024-07-01,0,False,False
Larutan BaCl2,Tidak Diketahui,2024-08-01,0,False,False
Larutan BaCl2,Tidak Diketahui,2024-09-01,0,False,False
Larutan BaCl2,Tidak Diketahui,2024-10-01,0,False,False
Larutan BaCl2,Tidak Diketahui,2024-11-01,0,False,False
Larutan BaCl2,Tidak Diketahui,2024-12-01,0,False,False
Larutan BaCl2,Tidak Diketahui,2025-01-01,0,True,False
Larutan BaCl2,Tidak Diketahui,2025-02-01,0,True,False
Larutan BaCl2,Tidak Diketahui,2025-03-01,0,True,False
Larutan BaCl2,Tidak Diketahui,2025-04-01,0,False,True
Larutan BaCl2,Tidak Diketahui,2025-05-01,0,True,False
Larutan BaCl2,Tidak Diketahui,2025-06-01,0,True,False
Larutan BaCl2,Tidak Diketahui,2025-07-01,0,True,False
Larutan BaCl2,Tidak Diketahui,2025-08-01,0,True,False
Larutan BaCl2,Tidak Diketahui,2025-09-01,0,True,False
Larutan BaCl2,Tidak Diketahui,2025-10-01,0,True,False
Larutan BaCl2,Tidak Diketahui,2025-11-01,0,True,False
Larutan BaCl2,Tidak Diketahui,2025-12-01,0,True,False
Larutan BaCl2,Tidak Diketahui,2026-01-01,0,False,False
Larutan BaCl2,Tidak Diketahui,2026-02-01,0,False,False
Larutan Benedict,Tidak Diketahui,2024-01-01,0,False,False
Larutan Benedict,Tidak Diketahui,2024-02-01,0,False,False
Larutan Benedict,Tidak Diketahui,2024-03-01,0,False,False
Larutan Benedict,Tidak Diketahui,2024-04-01,0,False,False
Larutan Benedict,Tidak Diketahui,2024-05-01,0,False,False
Larutan Benedict,Tidak Diketahui,2024-06-01,0,False,False
Larutan Benedict,Tidak Diketahui,2024-07-01,0,False,False
Larutan Benedict,Tidak Diketahui,2024-08-01,0,False,False
Larutan Benedict,Tidak Diketahui,2024-09-01,0,False,False
Larutan Benedict,Tidak Diketahui,2024-10-01,0,False,False
Larutan Benedict,Tidak Diketahui,2024-11-01,0,False,False
Larutan Benedict,Tidak Diketahui,2024-12-01,0,False,False
Larutan Benedict,Tidak Diketahui,2025-01-01,0,True,False
Larutan Benedict,Tidak Diketahui,2025-02-01,0,True,False
Larutan Benedict,Tidak Diketahui,2025-03-01,0,True,False
Larutan Benedict,Tidak Diketahui,2025-04-01,0,False,True
Larutan Benedict,Tidak Diketahui,2025-05-01,0,True,False
Larutan Benedict,Tidak Diketahui,2025-06-01,0,True,False
Larutan Benedict,Tidak Diketahui,2025-07-01,0,True,False
Larutan Benedict,Tidak Diketahui,2025-08-01,0,True,False
Larutan Benedict,Tidak Diketahui,2025-09-01,0,True,False
Larutan Benedict,Tidak Diketahui,2025-10-01,0,True,False
Larutan Benedict,Tidak Diketahui,2025-11-01,0,True,False
Larutan Benedict,Tidak Diketahui,2025-12-01,0,True,False
Larutan Benedict,Tidak Diketahui,2026-01-01,0,False,False
Larutan Benedict,Tidak Diketahui,2026-02-01,0,False,False
Larutan Eosin 2%,Botol,2024-01-01,0,False,False
Larutan Eosin 2%,Botol,2024-02-01,0,False,False
Larutan Eosin 2%,Botol,2024-03-01,0,False,False
Larutan Eosin 2%,Botol,2024-04-01,0,False,False
Larutan Eosin 2%,Botol,2024-05-01,0,False,False
Larutan Eosin 2%,Botol,2024-06-01,0,False,False
Larutan Eosin 2%,Botol,2024-07-01,0,False,False
Larutan Eosin 2%,Botol,2024-08-01,0,False,False
Larutan Eosin 2%,Botol,2024-09-01,0,False,False
Larutan Eosin 2%,Botol,2024-10-01,0,False,False
Larutan Eosin 2%,Botol,2024-11-01,0,False,False
Larutan Eosin 2%,Botol,2024-12-01,0,False,False
Larutan Eosin 2%,Botol,2025-01-01,0,True,False
Larutan Eosin 2%,Botol,2025-02-01,0,True,False
Larutan Eosin 2%,Botol,2025-03-01,0,True,False
Larutan Eosin 2%,Botol,2025-04-01,0,False,True
Larutan Eosin 2%,Botol,2025-05-01,0,True,False
Larutan Eosin 2%,Botol,2025-06-01,0,True,False
Larutan Eosin 2%,Botol,2025-07-01,0,True,False
Larutan Eosin 2%,Botol,2025-08-01,0,True,False
Larutan Eosin 2%,Botol,2025-09-01,0,True,False
Larutan Eosin 2%,Botol,2025-10-01,0,True,False
Larutan Eosin 2%,Botol,2025-11-01,0,True,False
Larutan Eosin 2%,Botol,2025-12-01,0,True,False
Larutan Eosin 2%,Botol,2026-01-01,0,False,False
Larutan Eosin 2%,Botol,2026-02-01,0,False,False
Larutan Fauchet,Tidak Diketahui,2024-01-01,0,False,False
Larutan Fauchet,Tidak Diketahui,2024-02-01,0,False,False
Larutan Fauchet,Tidak Diketahui,2024-03-01,0,False,False
Larutan Fauchet,Tidak Diketahui,2024-04-01,0,False,False
Larutan Fauchet,Tidak Diketahui,2024-05-01,0,False,False
Larutan Fauchet,Tidak Diketahui,2024-06-01,0,False,False
Larutan Fauchet,Tidak Diketahui,2024-07-01,0,False,False
Larutan Fauchet,Tidak Diketahui,2024-08-01,0,False,False
Larutan Fauchet,Tidak Diketahui,2024-09-01,0,False,False
Larutan Fauchet,Tidak Diketahui,2024-10-01,0,False,False
Larutan Fauchet,Tidak Diketahui,2024-11-01,0,False,False
Larutan Fauchet,Tidak Diketahui,2024-12-01,0,False,False
Larutan Fauchet,Tidak Diketahui,2025-01-01,0,True,False
Larutan Fauchet,Tidak Diketahui,2025-02-01,0,True,False
Larutan Fauchet,Tidak Diketahui,2025-03-01,0,True,False
Larutan Fauchet,Tidak Diketahui,2025-04-01,0,False,True
Larutan Fauchet,Tidak Diketahui,2025-05-01,0,True,False
Larutan Fauchet,Tidak Diketahui,2025-06-01,0,True,False
Larutan Fauchet,Tidak Diketahui,2025-07-01,0,True,False
Larutan Fauchet,Tidak Diketahui,2025-08-01,0,True,False
Larutan Fauchet,Tidak Diketahui,2025-09-01,0,True,False
Larutan Fauchet,Tidak Diketahui,2025-10-01,0,True,False
Larutan Fauchet,Tidak Diketahui,2025-11-01,0,True,False
Larutan Fauchet,Tidak Diketahui,2025-12-01,0,True,False
Larutan Fauchet,Tidak Diketahui,2026-01-01,0,False,False
Larutan Fauchet,Tidak Diketahui,2026-02-01,0,False,False
Larutan Gimsa stain,Tidak Diketahui,2024-01-01,0,False,False
Larutan Gimsa stain,Tidak Diketahui,2024-02-01,0,False,False
Larutan Gimsa stain,Tidak Diketahui,2024-03-01,0,False,False
Larutan Gimsa stain,Tidak Diketahui,2024-04-01,0,False,False
Larutan Gimsa stain,Tidak Diketahui,2024-05-01,0,False,False
Larutan Gimsa stain,Tidak Diketahui,2024-06-01,0,False,False
Larutan Gimsa stain,Tidak Diketahui,2024-07-01,0,False,False
Larutan Gimsa stain,Tidak Diketahui,2024-08-01,0,False,False
Larutan Gimsa stain,Tidak Diketahui,2024-09-01,0,False,False
Larutan Gimsa stain,Tidak Diketahui,2024-10-01,0,False,False
Larutan Gimsa stain,Tidak Diketahui,2024-11-01,0,False,False
Larutan Gimsa stain,Tidak Diketahui,2024-12-01,0,False,False
Larutan Gimsa stain,Tidak Diketahui,2025-01-01,0,True,False
Larutan Gimsa stain,Tidak Diketahui,2025-02-01,0,True,False
Larutan Gimsa stain,Tidak Diketahui,2025-03-01,0,True,False
Larutan Gimsa stain,Tidak Diketahui,2025-04-01,0,False,True
Larutan Gimsa stain,Tidak Diketahui,2025-05-01,0,True,False
Larutan Gimsa stain,Tidak Diketahui,2025-06-01,0,True,False
Larutan Gimsa stain,Tidak Diketahui,2025-07-01,0,True,False
Larutan Gimsa stain,Tidak Diketahui,2025-08-01,0,True,False
Larutan Gimsa stain,Tidak Diketahui,2025-09-01,0,True,False
Larutan Gimsa stain,Tidak Diketahui,2025-10-01,0,True,False
Larutan Gimsa stain,Tidak Diketahui,2025-11-01,0,True,False
Larutan Gimsa stain,Tidak Diketahui,2025-12-01,0,True,False
Larutan Gimsa stain,Tidak Diketahui,2026-01-01,0,False,False
Larutan Gimsa stain,Tidak Diketahui,2026-02-01,0,False,False
Larutan Hemoglobin / drabkin,Botol 500 Ml,2024-01-01,0,False,False
Larutan Hemoglobin / drabkin,Botol 500 Ml,2024-02-01,0,False,False
Larutan Hemoglobin / drabkin,Botol 500 Ml,2024-03-01,0,False,False
Larutan Hemoglobin / drabkin,Botol 500 Ml,2024-04-01,0,False,False
Larutan Hemoglobin / drabkin,Botol 500 Ml,2024-05-01,0,False,False
Larutan Hemoglobin / drabkin,Botol 500 Ml,2024-06-01,0,False,False
Larutan Hemoglobin / drabkin,Botol 500 Ml,2024-07-01,0,False,False
Larutan Hemoglobin / drabkin,Botol 500 Ml,2024-08-01,0,False,False
Larutan Hemoglobin / drabkin,Botol 500 Ml,2024-09-01,0,False,False
Larutan Hemoglobin / drabkin,Botol 500 Ml,2024-10-01,0,False,False
Larutan Hemoglobin / drabkin,Botol 500 Ml,2024-11-01,0,False,False
Larutan Hemoglobin / drabkin,Botol 500 Ml,2024-12-01,0,False,False
Larutan Hemoglobin / drabkin,Botol 500 Ml,2025-01-01,0,True,False
Larutan Hemoglobin / drabkin,Botol 500 Ml,2025-02-01,0,True,False
Larutan Hemoglobin / drabkin,Botol 500 Ml,2025-03-01,0,True,False
Larutan Hemoglobin / drabkin,Botol 500 Ml,2025-04-01,0,False,True
Larutan Hemoglobin / drabkin,Botol 500 Ml,2025-05-01,0,True,False
Larutan Hemoglobin / drabkin,Botol 500 Ml,2025-06-01,0,True,False
Larutan Hemoglobin / drabkin,Botol 500 Ml,2025-07-01,0,True,False
Larutan Hemoglobin / drabkin,Botol 500 Ml,2025-08-01,0,True,False
Larutan Hemoglobin / drabkin,Botol 500 Ml,2025-09-01,0,True,False
Larutan Hemoglobin / drabkin,Botol 500 Ml,2025-10-01,0,True,False
Larutan Hemoglobin / drabkin,Botol 500 Ml,2025-11-01,0,True,False
Larutan Hemoglobin / drabkin,Botol 500 Ml,2025-12-01,0,True,False
Larutan Hemoglobin / drabkin,Botol 500 Ml,2026-01-01,0,True,False
Larutan Hemoglobin / drabkin,Botol 500 Ml,2026-02-01,0,True,False
Larutan KOH,Botol,2024-01-01,0,True,False
Larutan KOH,Botol,2024-02-01,0,True,False
Larutan KOH,Botol,2024-03-01,0,True,False
Larutan KOH,Botol,2024-04-01,0,True,False
Larutan KOH,Botol,2024-05-01,0,True,False
Larutan KOH,Botol,2024-06-01,0,True,False
Larutan KOH,Botol,2024-07-01,0,True,False
Larutan KOH,Botol,2024-08-01,0,True,False
Larutan KOH,Botol,2024-09-01,0,True,False
Larutan KOH,Botol,2024-10-01,0,True,False
Larutan KOH,Botol,2024-11-01,0,True,False
Larutan KOH,Botol,2024-12-01,0,True,False
Larutan KOH,Botol,2025-01-01,0,True,False
Larutan KOH,Botol,2025-02-01,0,True,False
Larutan KOH,Botol,2025-03-01,0,True,False
Larutan KOH,Botol,2025-04-01,0,False,True
Larutan KOH,Botol,2025-05-01,0,True,False
Larutan KOH,Botol,2025-06-01,0,True,False
Larutan KOH,Botol,2025-07-01,0,True,False
Larutan KOH,Botol,2025-08-01,0,True,False
Larutan KOH,Botol,2025-09-01,0,True,False
Larutan KOH,Botol,2025-10-01,0,True,False
Larutan KOH,Botol,2025-11-01,0,True,False
Larutan KOH,Botol,2025-12-01,0,True,False
Larutan KOH,Botol,2026-01-01,0,False,False
Larutan KOH,Botol,2026-02-01,0,False,False
Larutan Rees Ecker,Botol 100 Ml,2024-01-01,0,False,False
Larutan Rees Ecker,Botol 100 Ml,2024-02-01,0,False,False
Larutan Rees Ecker,Botol 100 Ml,2024-03-01,0,False,False
Larutan Rees Ecker,Botol 100 Ml,2024-04-01,0,False,False
Larutan Rees Ecker,Botol 100 Ml,2024-05-01,0,False,False
Larutan Rees Ecker,Botol 100 Ml,2024-06-01,0,False,False
Larutan Rees Ecker,Botol 100 Ml,2024-07-01,0,False,False
Larutan Rees Ecker,Botol 100 Ml,2024-08-01,0,False,False
Larutan Rees Ecker,Botol 100 Ml,2024-09-01,0,False,False
Larutan Rees Ecker,Botol 100 Ml,2024-10-01,0,False,False
Larutan Rees Ecker,Botol 100 Ml,2024-11-01,0,False,False
Larutan Rees Ecker,Botol 100 Ml,2024-12-01,0,False,False
Larutan Rees Ecker,Botol 100 Ml,2025-01-01,0,True,False
Larutan Rees Ecker,Botol 100 Ml,2025-02-01,0,True,False
Larutan Rees Ecker,Botol 100 Ml,2025-03-01,0,True,False
Larutan Rees Ecker,Botol 100 Ml,2025-04-01,0,False,True
Larutan Rees Ecker,Botol 100 Ml,2025-05-01,0,True,False
Larutan Rees Ecker,Botol 100 Ml,2025-06-01,0,True,False
Larutan Rees Ecker,Botol 100 Ml,2025-07-01,0,True,False
Larutan Rees Ecker,Botol 100 Ml,2025-08-01,0,True,False
Larutan Rees Ecker,Botol 100 Ml,2025-09-01,0,True,False
Larutan Rees Ecker,Botol 100 Ml,2025-10-01,0,True,False
Larutan Rees Ecker,Botol 100 Ml,2025-11-01,0,True,False
Larutan Rees Ecker,Botol 100 Ml,2025-12-01,0,True,False
Larutan Rees Ecker,Botol 100 Ml,2026-01-01,0,False,False
Larutan Rees Ecker,Botol 100 Ml,2026-02-01,0,False,False
Larutan Rhesus,Botol 10 Ml,2024-01-01,0,False,False
Larutan Rhesus,Botol 10 Ml,2024-02-01,0,False,False
Larutan Rhesus,Botol 10 Ml,2024-03-01,0,False,False
Larutan Rhesus,Botol 10 Ml,2024-04-01,0,False,False
Larutan Rhesus,Botol 10 Ml,2024-05-01,0,False,False
Larutan Rhesus,Botol 10 Ml,2024-06-01,0,False,False
Larutan Rhesus,Botol 10 Ml,2024-07-01,0,False,False
Larutan Rhesus,Botol 10 Ml,2024-08-01,0,False,False
Larutan Rhesus,Botol 10 Ml,2024-09-01,0,False,False
Larutan Rhesus,Botol 10 Ml,2024-10-01,0,False,False
Larutan Rhesus,Botol 10 Ml,2024-11-01,0,False,False
Larutan Rhesus,Botol 10 Ml,2024-12-01,0,False,False
Larutan Rhesus,Botol 10 Ml,2025-01-01,0,True,False
Larutan Rhesus,Botol 10 Ml,2025-02-01,0,True,False
Larutan Rhesus,Botol 10 Ml,2025-03-01,0,True,False
Larutan Rhesus,Botol 10 Ml,2025-04-01,0,False,True
Larutan Rhesus,Botol 10 Ml,2025-05-01,0,True,False
Larutan Rhesus,Botol 10 Ml,2025-06-01,0,True,False
Larutan Rhesus,Botol 10 Ml,2025-07-01,1,True,False
Larutan Rhesus,Botol 10 Ml,2025-08-01,0,True,False
Larutan Rhesus,Botol 10 Ml,2025-09-01,0,True,False
Larutan Rhesus,Botol 10 Ml,2025-10-01,0,True,False
Larutan Rhesus,Botol 10 Ml,2025-11-01,0,True,False
Larutan Rhesus,Botol 10 Ml,2025-12-01,0,True,False
Larutan Rhesus,Botol 10 Ml,2026-01-01,0,True,False
Larutan Rhesus,Botol 10 Ml,2026-02-01,0,True,False
Larutan Turk,Botol,2024-01-01,0,False,False
Larutan Turk,Botol,2024-02-01,0,False,False
Larutan Turk,Botol,2024-03-01,0,False,False
Larutan Turk,Botol,2024-04-01,0,False,False
Larutan Turk,Botol,2024-05-01,0,False,False
Larutan Turk,Botol,2024-06-01,0,False,False
Larutan Turk,Botol,2024-07-01,0,False,False
Larutan Turk,Botol,2024-08-01,0,False,False
Larutan Turk,Botol,2024-09-01,0,False,False
Larutan Turk,Botol,2024-10-01,0,False,False
Larutan Turk,Botol,2024-11-01,0,False,False
Larutan Turk,Botol,2024-12-01,0,False,False
Larutan Turk,Botol,2025-01-01,0,True,False
Larutan Turk,Botol,2025-02-01,0,True,False
Larutan Turk,Botol,2025-03-01,0,True,False
Larutan Turk,Botol,2025-04-01,0,False,True
Larutan Turk,Botol,2025-05-01,0,True,False
Larutan Turk,Botol,2025-06-01,0,True,False
Larutan Turk,Botol,2025-07-01,0,True,False
Larutan Turk,Botol,2025-08-01,0,True,False
Larutan Turk,Botol,2025-09-01,0,True,False
Larutan Turk,Botol,2025-10-01,0,True,False
Larutan Turk,Botol,2025-11-01,0,True,False
Larutan Turk,Botol,2025-12-01,0,True,False
Larutan Turk,Botol,2026-01-01,0,False,False
Larutan Turk,Botol,2026-02-01,0,False,False
Levofloxacin 250 mg,Tablet,2024-01-01,0,False,False
Levofloxacin 250 mg,Tablet,2024-02-01,0,False,False
Levofloxacin 250 mg,Tablet,2024-03-01,0,False,False
Levofloxacin 250 mg,Tablet,2024-04-01,0,False,False
Levofloxacin 250 mg,Tablet,2024-05-01,0,False,False
Levofloxacin 250 mg,Tablet,2024-06-01,0,False,False
Levofloxacin 250 mg,Tablet,2024-07-01,0,False,False
Levofloxacin 250 mg,Tablet,2024-08-01,0,False,False
Levofloxacin 250 mg,Tablet,2024-09-01,0,False,False
Levofloxacin 250 mg,Tablet,2024-10-01,0,False,False
Levofloxacin 250 mg,Tablet,2024-11-01,0,False,False
Levofloxacin 250 mg,Tablet,2024-12-01,0,False,False
Levofloxacin 250 mg,Tablet,2025-01-01,98,True,False
Levofloxacin 250 mg,Tablet,2025-02-01,0,True,False
Levofloxacin 250 mg,Tablet,2025-03-01,0,True,False
Levofloxacin 250 mg,Tablet,2025-04-01,25,False,True
Levofloxacin 250 mg,Tablet,2025-05-01,50,True,False
Levofloxacin 250 mg,Tablet,2025-06-01,400,True,False
Levofloxacin 250 mg,Tablet,2025-07-01,0,True,False
Levofloxacin 250 mg,Tablet,2025-08-01,90,True,False
Levofloxacin 250 mg,Tablet,2025-09-01,0,True,False
Levofloxacin 250 mg,Tablet,2025-10-01,0,True,False
Levofloxacin 250 mg,Tablet,2025-11-01,0,True,False
Levofloxacin 250 mg,Tablet,2025-12-01,210,True,False
Levofloxacin 250 mg,Tablet,2026-01-01,750,True,False
Levofloxacin 250 mg,Tablet,2026-02-01,0,True,False
Levofloxacin 500 mg,Tablet,2024-01-01,100,True,False
Levofloxacin 500 mg,Tablet,2024-02-01,0,True,False
Levofloxacin 500 mg,Tablet,2024-03-01,0,True,False
Levofloxacin 500 mg,Tablet,2024-04-01,0,True,False
Levofloxacin 500 mg,Tablet,2024-05-01,0,True,False
Levofloxacin 500 mg,Tablet,2024-06-01,0,True,False
Levofloxacin 500 mg,Tablet,2024-07-01,0,True,False
Levofloxacin 500 mg,Tablet,2024-08-01,0,True,False
Levofloxacin 500 mg,Tablet,2024-09-01,0,True,False
Levofloxacin 500 mg,Tablet,2024-10-01,0,True,False
Levofloxacin 500 mg,Tablet,2024-11-01,0,True,False
Levofloxacin 500 mg,Tablet,2024-12-01,0,True,False
Levofloxacin 500 mg,Tablet,2025-01-01,0,True,False
Levofloxacin 500 mg,Tablet,2025-02-01,0,True,False
Levofloxacin 500 mg,Tablet,2025-03-01,0,True,False
Levofloxacin 500 mg,Tablet,2025-04-01,0,False,True
Levofloxacin 500 mg,Tablet,2025-05-01,0,True,False
Levofloxacin 500 mg,Tablet,2025-06-01,150,True,False
Levofloxacin 500 mg,Tablet,2025-07-01,20,True,False
Levofloxacin 500 mg,Tablet,2025-08-01,200,True,False
Levofloxacin 500 mg,Tablet,2025-09-01,0,True,False
Levofloxacin 500 mg,Tablet,2025-10-01,0,True,False
Levofloxacin 500 mg,Tablet,2025-11-01,0,True,False
Levofloxacin 500 mg,Tablet,2025-12-01,200,True,False
Levofloxacin 500 mg,Tablet,2026-01-01,44,True,False
Levofloxacin 500 mg,Tablet,2026-02-01,0,True,False
Levopar tab,Tidak Diketahui,2024-01-01,0,False,False
Levopar tab,Tidak Diketahui,2024-02-01,0,False,False
Levopar tab,Tidak Diketahui,2024-03-01,0,False,False
Levopar tab,Tidak Diketahui,2024-04-01,0,False,False
Levopar tab,Tidak Diketahui,2024-05-01,0,False,False
Levopar tab,Tidak Diketahui,2024-06-01,0,False,False
Levopar tab,Tidak Diketahui,2024-07-01,0,False,False
Levopar tab,Tidak Diketahui,2024-08-01,0,False,False
Levopar tab,Tidak Diketahui,2024-09-01,0,False,False
Levopar tab,Tidak Diketahui,2024-10-01,0,False,False
Levopar tab,Tidak Diketahui,2024-11-01,0,False,False
Levopar tab,Tidak Diketahui,2024-12-01,0,False,False
Levopar tab,Tidak Diketahui,2025-01-01,0,True,False
Levopar tab,Tidak Diketahui,2025-02-01,0,True,False
Levopar tab,Tidak Diketahui,2025-03-01,0,True,False
Levopar tab,Tidak Diketahui,2025-04-01,0,False,True
Levopar tab,Tidak Diketahui,2025-05-01,0,True,False
Levopar tab,Tidak Diketahui,2025-06-01,0,True,False
Levopar tab,Tidak Diketahui,2025-07-01,0,True,False
Levopar tab,Tidak Diketahui,2025-08-01,0,True,False
Levopar tab,Tidak Diketahui,2025-09-01,0,True,False
Levopar tab,Tidak Diketahui,2025-10-01,0,True,False
Levopar tab,Tidak Diketahui,2025-11-01,0,True,False
Levopar tab,Tidak Diketahui,2025-12-01,0,True,False
Levopar tab,Tidak Diketahui,2026-01-01,0,False,False
Levopar tab,Tidak Diketahui,2026-02-01,0,False,False
Lidocain Gel / Xylocain,Tidak Diketahui,2024-01-01,0,False,False
Lidocain Gel / Xylocain,Tidak Diketahui,2024-02-01,0,False,False
Lidocain Gel / Xylocain,Tidak Diketahui,2024-03-01,0,False,False
Lidocain Gel / Xylocain,Tidak Diketahui,2024-04-01,0,False,False
Lidocain Gel / Xylocain,Tidak Diketahui,2024-05-01,0,False,False
Lidocain Gel / Xylocain,Tidak Diketahui,2024-06-01,0,False,False
Lidocain Gel / Xylocain,Tidak Diketahui,2024-07-01,0,False,False
Lidocain Gel / Xylocain,Tidak Diketahui,2024-08-01,0,False,False
Lidocain Gel / Xylocain,Tidak Diketahui,2024-09-01,0,False,False
Lidocain Gel / Xylocain,Tidak Diketahui,2024-10-01,0,False,False
Lidocain Gel / Xylocain,Tidak Diketahui,2024-11-01,0,False,False
Lidocain Gel / Xylocain,Tidak Diketahui,2024-12-01,0,False,False
Lidocain Gel / Xylocain,Tidak Diketahui,2025-01-01,0,True,False
Lidocain Gel / Xylocain,Tidak Diketahui,2025-02-01,0,True,False
Lidocain Gel / Xylocain,Tidak Diketahui,2025-03-01,0,True,False
Lidocain Gel / Xylocain,Tidak Diketahui,2025-04-01,0,False,True
Lidocain Gel / Xylocain,Tidak Diketahui,2025-05-01,0,True,False
Lidocain Gel / Xylocain,Tidak Diketahui,2025-06-01,0,True,False
Lidocain Gel / Xylocain,Tidak Diketahui,2025-07-01,0,True,False
Lidocain Gel / Xylocain,Tidak Diketahui,2025-08-01,0,True,False
Lidocain Gel / Xylocain,Tidak Diketahui,2025-09-01,0,True,False
Lidocain Gel / Xylocain,Tidak Diketahui,2025-10-01,0,True,False
Lidocain Gel / Xylocain,Tidak Diketahui,2025-11-01,0,True,False
Lidocain Gel / Xylocain,Tidak Diketahui,2025-12-01,0,True,False
Lidocain Gel / Xylocain,Tidak Diketahui,2026-01-01,0,False,False
Lidocain Gel / Xylocain,Tidak Diketahui,2026-02-01,0,False,False
Lidocain HCl 2 %,Ampul,2024-01-01,0,True,False
Lidocain HCl 2 %,Ampul,2024-02-01,0,True,False
Lidocain HCl 2 %,Ampul,2024-03-01,0,False,False
Lidocain HCl 2 %,Ampul,2024-04-01,0,False,False
Lidocain HCl 2 %,Ampul,2024-05-01,0,False,False
Lidocain HCl 2 %,Ampul,2024-06-01,0,False,False
Lidocain HCl 2 %,Ampul,2024-07-01,0,False,False
Lidocain HCl 2 %,Ampul,2024-08-01,0,False,False
Lidocain HCl 2 %,Ampul,2024-09-01,0,False,False
Lidocain HCl 2 %,Ampul,2024-10-01,0,False,False
Lidocain HCl 2 %,Ampul,2024-11-01,0,False,False
Lidocain HCl 2 %,Ampul,2024-12-01,0,False,False
Lidocain HCl 2 %,Ampul,2025-01-01,0,False,False
Lidocain HCl 2 %,Ampul,2025-02-01,0,False,False
Lidocain HCl 2 %,Ampul,2025-03-01,0,False,False
Lidocain HCl 2 %,Ampul,2025-04-01,0,False,True
Lidocain HCl 2 %,Ampul,2025-05-01,0,False,False
Lidocain HCl 2 %,Ampul,2025-06-01,0,False,False
Lidocain HCl 2 %,Ampul,2025-07-01,0,False,False
Lidocain HCl 2 %,Ampul,2025-08-01,0,False,False
Lidocain HCl 2 %,Ampul,2025-09-01,0,False,False
Lidocain HCl 2 %,Ampul,2025-10-01,0,False,False
Lidocain HCl 2 %,Ampul,2025-11-01,0,False,False
Lidocain HCl 2 %,Ampul,2025-12-01,0,False,False
Lidocain HCl 2 %,Ampul,2026-01-01,0,False,False
Lidocain HCl 2 %,Ampul,2026-02-01,0,False,False
Lidocain compositum inj,Ampul,2024-01-01,0,True,False
Lidocain compositum inj,Ampul,2024-02-01,0,True,False
Lidocain compositum inj,Ampul,2024-03-01,0,False,False
Lidocain compositum inj,Ampul,2024-04-01,0,False,False
Lidocain compositum inj,Ampul,2024-05-01,0,False,False
Lidocain compositum inj,Ampul,2024-06-01,0,False,False
Lidocain compositum inj,Ampul,2024-07-01,0,False,False
Lidocain compositum inj,Ampul,2024-08-01,0,False,False
Lidocain compositum inj,Ampul,2024-09-01,0,False,False
Lidocain compositum inj,Ampul,2024-10-01,0,False,False
Lidocain compositum inj,Ampul,2024-11-01,0,False,False
Lidocain compositum inj,Ampul,2024-12-01,0,False,False
Lidocain compositum inj,Ampul,2025-01-01,0,False,False
Lidocain compositum inj,Ampul,2025-02-01,0,False,False
Lidocain compositum inj,Ampul,2025-03-01,0,False,False
Lidocain compositum inj,Ampul,2025-04-01,0,False,True
Lidocain compositum inj,Ampul,2025-05-01,0,False,False
Lidocain compositum inj,Ampul,2025-06-01,0,False,False
Lidocain compositum inj,Ampul,2025-07-01,0,False,False
Lidocain compositum inj,Ampul,2025-08-01,0,False,False
Lidocain compositum inj,Ampul,2025-09-01,0,False,False
Lidocain compositum inj,Ampul,2025-10-01,0,False,False
Lidocain compositum inj,Ampul,2025-11-01,0,False,False
Lidocain compositum inj,Ampul,2025-12-01,0,False,False
Lidocain compositum inj,Ampul,2026-01-01,0,False,False
Lidocain compositum inj,Ampul,2026-02-01,0,False,False
Lidocain gel 2% (xylocain gel),Tube,2024-01-01,0,True,False
Lidocain gel 2% (xylocain gel),Tube,2024-02-01,0,True,False
Lidocain gel 2% (xylocain gel),Tube,2024-03-01,0,True,False
Lidocain gel 2% (xylocain gel),Tube,2024-04-01,0,True,False
Lidocain gel 2% (xylocain gel),Tube,2024-05-01,0,True,False
Lidocain gel 2% (xylocain gel),Tube,2024-06-01,0,True,False
Lidocain gel 2% (xylocain gel),Tube,2024-07-01,0,True,False
Lidocain gel 2% (xylocain gel),Tube,2024-08-01,0,True,False
Lidocain gel 2% (xylocain gel),Tube,2024-09-01,0,True,False
Lidocain gel 2% (xylocain gel),Tube,2024-10-01,0,True,False
Lidocain gel 2% (xylocain gel),Tube,2024-11-01,0,True,False
Lidocain gel 2% (xylocain gel),Tube,2024-12-01,0,True,False
Lidocain gel 2% (xylocain gel),Tube,2025-01-01,0,False,False
Lidocain gel 2% (xylocain gel),Tube,2025-02-01,0,False,False
Lidocain gel 2% (xylocain gel),Tube,2025-03-01,0,False,False
Lidocain gel 2% (xylocain gel),Tube,2025-04-01,0,False,True
Lidocain gel 2% (xylocain gel),Tube,2025-05-01,0,False,False
Lidocain gel 2% (xylocain gel),Tube,2025-06-01,0,False,False
Lidocain gel 2% (xylocain gel),Tube,2025-07-01,0,False,False
Lidocain gel 2% (xylocain gel),Tube,2025-08-01,0,False,False
Lidocain gel 2% (xylocain gel),Tube,2025-09-01,0,False,False
Lidocain gel 2% (xylocain gel),Tube,2025-10-01,0,False,False
Lidocain gel 2% (xylocain gel),Tube,2025-11-01,0,False,False
Lidocain gel 2% (xylocain gel),Tube,2025-12-01,0,False,False
Lidocain gel 2% (xylocain gel),Tube,2026-01-01,0,False,False
Lidocain gel 2% (xylocain gel),Tube,2026-02-01,0,False,False
Lidokain HCl inj 2%,Ampul,2024-01-01,0,True,False
Lidokain HCl inj 2%,Ampul,2024-02-01,0,True,False
Lidokain HCl inj 2%,Ampul,2024-03-01,0,True,False
Lidokain HCl inj 2%,Ampul,2024-04-01,0,True,False
Lidokain HCl inj 2%,Ampul,2024-05-01,0,True,False
Lidokain HCl inj 2%,Ampul,2024-06-01,0,True,False
Lidokain HCl inj 2%,Ampul,2024-07-01,0,True,False
Lidokain HCl inj 2%,Ampul,2024-08-01,0,True,False
Lidokain HCl inj 2%,Ampul,2024-09-01,0,True,False
Lidokain HCl inj 2%,Ampul,2024-10-01,0,True,False
Lidokain HCl inj 2%,Ampul,2024-11-01,0,True,False
Lidokain HCl inj 2%,Ampul,2024-12-01,0,True,False
Lidokain HCl inj 2%,Ampul,2025-01-01,0,True,False
Lidokain HCl inj 2%,Ampul,2025-02-01,0,True,False
Lidokain HCl inj 2%,Ampul,2025-03-01,0,True,False
Lidokain HCl inj 2%,Ampul,2025-04-01,50,False,True
Lidokain HCl inj 2%,Ampul,2025-05-01,100,True,False
Lidokain HCl inj 2%,Ampul,2025-06-01,0,True,False
Lidokain HCl inj 2%,Ampul,2025-07-01,0,True,False
Lidokain HCl inj 2%,Ampul,2025-08-01,0,True,False
Lidokain HCl inj 2%,Ampul,2025-09-01,0,True,False
Lidokain HCl inj 2%,Ampul,2025-10-01,0,True,False
Lidokain HCl inj 2%,Ampul,2025-11-01,0,True,False
Lidokain HCl inj 2%,Ampul,2025-12-01,0,True,False
Lidokain HCl inj 2%,Ampul,2026-01-01,0,False,False
Lidokain HCl inj 2%,Ampul,2026-02-01,0,False,False
Lidokain compositum inj. 2 %,Ampul,2024-01-01,0,True,False
Lidokain compositum inj. 2 %,Ampul,2024-02-01,30,True,False
Lidokain compositum inj. 2 %,Ampul,2024-03-01,0,True,False
Lidokain compositum inj. 2 %,Ampul,2024-04-01,0,True,False
Lidokain compositum inj. 2 %,Ampul,2024-05-01,30,True,False
Lidokain compositum inj. 2 %,Ampul,2024-06-01,0,True,False
Lidokain compositum inj. 2 %,Ampul,2024-07-01,0,True,False
Lidokain compositum inj. 2 %,Ampul,2024-08-01,0,True,False
Lidokain compositum inj. 2 %,Ampul,2024-09-01,0,True,False
Lidokain compositum inj. 2 %,Ampul,2024-10-01,0,True,False
Lidokain compositum inj. 2 %,Ampul,2024-11-01,90,True,False
Lidokain compositum inj. 2 %,Ampul,2024-12-01,0,True,False
Lidokain compositum inj. 2 %,Ampul,2025-01-01,180,True,False
Lidokain compositum inj. 2 %,Ampul,2025-02-01,0,True,False
Lidokain compositum inj. 2 %,Ampul,2025-03-01,30,True,False
Lidokain compositum inj. 2 %,Ampul,2025-04-01,30,False,True
Lidokain compositum inj. 2 %,Ampul,2025-05-01,30,True,False
Lidokain compositum inj. 2 %,Ampul,2025-06-01,0,True,False
Lidokain compositum inj. 2 %,Ampul,2025-07-01,60,True,False
Lidokain compositum inj. 2 %,Ampul,2025-08-01,60,True,False
Lidokain compositum inj. 2 %,Ampul,2025-09-01,0,True,False
Lidokain compositum inj. 2 %,Ampul,2025-10-01,50,True,False
Lidokain compositum inj. 2 %,Ampul,2025-11-01,20,True,False
Lidokain compositum inj. 2 %,Ampul,2025-12-01,60,True,False
Lidokain compositum inj. 2 %,Ampul,2026-01-01,0,True,False
Lidokain compositum inj. 2 %,Ampul,2026-02-01,100,True,False
Lidokain spray,Tidak Diketahui,2024-01-01,0,False,False
Lidokain spray,Tidak Diketahui,2024-02-01,0,False,False
Lidokain spray,Tidak Diketahui,2024-03-01,0,False,False
Lidokain spray,Tidak Diketahui,2024-04-01,0,False,False
Lidokain spray,Tidak Diketahui,2024-05-01,0,False,False
Lidokain spray,Tidak Diketahui,2024-06-01,0,False,False
Lidokain spray,Tidak Diketahui,2024-07-01,0,False,False
Lidokain spray,Tidak Diketahui,2024-08-01,0,False,False
Lidokain spray,Tidak Diketahui,2024-09-01,0,False,False
Lidokain spray,Tidak Diketahui,2024-10-01,0,False,False
Lidokain spray,Tidak Diketahui,2024-11-01,0,False,False
Lidokain spray,Tidak Diketahui,2024-12-01,0,False,False
Lidokain spray,Tidak Diketahui,2025-01-01,0,True,False
Lidokain spray,Tidak Diketahui,2025-02-01,0,True,False
Lidokain spray,Tidak Diketahui,2025-03-01,0,True,False
Lidokain spray,Tidak Diketahui,2025-04-01,0,False,True
Lidokain spray,Tidak Diketahui,2025-05-01,0,True,False
Lidokain spray,Tidak Diketahui,2025-06-01,0,True,False
Lidokain spray,Tidak Diketahui,2025-07-01,0,True,False
Lidokain spray,Tidak Diketahui,2025-08-01,0,True,False
Lidokain spray,Tidak Diketahui,2025-09-01,0,True,False
Lidokain spray,Tidak Diketahui,2025-10-01,0,True,False
Lidokain spray,Tidak Diketahui,2025-11-01,0,True,False
Lidokain spray,Tidak Diketahui,2025-12-01,0,True,False
Lidokain spray,Tidak Diketahui,2026-01-01,0,False,False
Lidokain spray,Tidak Diketahui,2026-02-01,0,False,False
Linezolid 600 mg,Tablet,2024-01-01,0,False,False
Linezolid 600 mg,Tablet,2024-02-01,0,False,False
Linezolid 600 mg,Tablet,2024-03-01,0,False,False
Linezolid 600 mg,Tablet,2024-04-01,0,False,False
Linezolid 600 mg,Tablet,2024-05-01,0,False,False
Linezolid 600 mg,Tablet,2024-06-01,0,False,False
Linezolid 600 mg,Tablet,2024-07-01,0,False,False
Linezolid 600 mg,Tablet,2024-08-01,0,False,False
Linezolid 600 mg,Tablet,2024-09-01,0,False,False
Linezolid 600 mg,Tablet,2024-10-01,0,False,False
Linezolid 600 mg,Tablet,2024-11-01,253,True,False
Linezolid 600 mg,Tablet,2024-12-01,0,True,False
Linezolid 600 mg,Tablet,2025-01-01,141,True,False
Linezolid 600 mg,Tablet,2025-02-01,0,True,False
Linezolid 600 mg,Tablet,2025-03-01,0,True,False
Linezolid 600 mg,Tablet,2025-04-01,0,False,True
Linezolid 600 mg,Tablet,2025-05-01,0,True,False
Linezolid 600 mg,Tablet,2025-06-01,0,True,False
Linezolid 600 mg,Tablet,2025-07-01,119,True,False
Linezolid 600 mg,Tablet,2025-08-01,0,True,False
Linezolid 600 mg,Tablet,2025-09-01,0,True,False
Linezolid 600 mg,Tablet,2025-10-01,83,True,False
Linezolid 600 mg,Tablet,2025-11-01,0,True,False
Linezolid 600 mg,Tablet,2025-12-01,0,True,False
Linezolid 600 mg,Tablet,2026-01-01,259,True,False
Linezolid 600 mg,Tablet,2026-02-01,200,True,False
Linkomisin kapsul 500 mg,Tidak Diketahui,2024-01-01,0,False,False
Linkomisin kapsul 500 mg,Tidak Diketahui,2024-02-01,0,False,False
Linkomisin kapsul 500 mg,Tidak Diketahui,2024-03-01,0,False,False
Linkomisin kapsul 500 mg,Tidak Diketahui,2024-04-01,0,False,False
Linkomisin kapsul 500 mg,Tidak Diketahui,2024-05-01,0,False,False
Linkomisin kapsul 500 mg,Tidak Diketahui,2024-06-01,0,False,False
Linkomisin kapsul 500 mg,Tidak Diketahui,2024-07-01,0,False,False
Linkomisin kapsul 500 mg,Tidak Diketahui,2024-08-01,0,False,False
Linkomisin kapsul 500 mg,Tidak Diketahui,2024-09-01,0,False,False
Linkomisin kapsul 500 mg,Tidak Diketahui,2024-10-01,0,False,False
Linkomisin kapsul 500 mg,Tidak Diketahui,2024-11-01,0,False,False
Linkomisin kapsul 500 mg,Tidak Diketahui,2024-12-01,0,False,False
Linkomisin kapsul 500 mg,Tidak Diketahui,2025-01-01,0,True,False
Linkomisin kapsul 500 mg,Tidak Diketahui,2025-02-01,0,True,False
Linkomisin kapsul 500 mg,Tidak Diketahui,2025-03-01,0,True,False
Linkomisin kapsul 500 mg,Tidak Diketahui,2025-04-01,0,False,True
Linkomisin kapsul 500 mg,Tidak Diketahui,2025-05-01,0,True,False
Linkomisin kapsul 500 mg,Tidak Diketahui,2025-06-01,0,True,False
Linkomisin kapsul 500 mg,Tidak Diketahui,2025-07-01,0,True,False
Linkomisin kapsul 500 mg,Tidak Diketahui,2025-08-01,0,True,False
Linkomisin kapsul 500 mg,Tidak Diketahui,2025-09-01,0,True,False
Linkomisin kapsul 500 mg,Tidak Diketahui,2025-10-01,0,True,False
Linkomisin kapsul 500 mg,Tidak Diketahui,2025-11-01,0,True,False
Linkomisin kapsul 500 mg,Tidak Diketahui,2025-12-01,0,True,False
Linkomisin kapsul 500 mg,Tidak Diketahui,2026-01-01,0,False,False
Linkomisin kapsul 500 mg,Tidak Diketahui,2026-02-01,0,False,False
Liprolac,Sachet,2024-01-01,50,True,False
Liprolac,Sachet,2024-02-01,91,True,False
Liprolac,Sachet,2024-03-01,0,True,False
Liprolac,Sachet,2024-04-01,5,True,False
Liprolac,Sachet,2024-05-01,35,True,False
Liprolac,Sachet,2024-06-01,44,True,False
Liprolac,Sachet,2024-07-01,48,True,False
Liprolac,Sachet,2024-08-01,2,True,False
Liprolac,Sachet,2024-09-01,30,True,False
Liprolac,Sachet,2024-10-01,40,True,False
Liprolac,Sachet,2024-11-01,36,True,False
Liprolac,Sachet,2024-12-01,0,True,False
Liprolac,Sachet,2025-01-01,0,False,False
Liprolac,Sachet,2025-02-01,0,False,False
Liprolac,Sachet,2025-03-01,0,False,False
Liprolac,Sachet,2025-04-01,0,False,True
Liprolac,Sachet,2025-05-01,0,False,False
Liprolac,Sachet,2025-06-01,0,False,False
Liprolac,Sachet,2025-07-01,0,False,False
Liprolac,Sachet,2025-08-01,0,False,False
Liprolac,Sachet,2025-09-01,0,False,False
Liprolac,Sachet,2025-10-01,0,False,False
Liprolac,Sachet,2025-11-01,0,False,False
Liprolac,Sachet,2025-12-01,0,False,False
Liprolac,Sachet,2026-01-01,0,False,False
Liprolac,Sachet,2026-02-01,0,False,False
Lisinopril 10 mg,Tidak Diketahui,2024-01-01,0,False,False
Lisinopril 10 mg,Tidak Diketahui,2024-02-01,0,False,False
Lisinopril 10 mg,Tidak Diketahui,2024-03-01,0,False,False
Lisinopril 10 mg,Tidak Diketahui,2024-04-01,0,False,False
Lisinopril 10 mg,Tidak Diketahui,2024-05-01,0,False,False
Lisinopril 10 mg,Tidak Diketahui,2024-06-01,0,False,False
Lisinopril 10 mg,Tidak Diketahui,2024-07-01,0,False,False
Lisinopril 10 mg,Tidak Diketahui,2024-08-01,0,False,False
Lisinopril 10 mg,Tidak Diketahui,2024-09-01,0,False,False
Lisinopril 10 mg,Tidak Diketahui,2024-10-01,0,False,False
Lisinopril 10 mg,Tidak Diketahui,2024-11-01,0,False,False
Lisinopril 10 mg,Tidak Diketahui,2024-12-01,0,False,False
Lisinopril 10 mg,Tidak Diketahui,2025-01-01,0,True,False
Lisinopril 10 mg,Tidak Diketahui,2025-02-01,0,True,False
Lisinopril 10 mg,Tidak Diketahui,2025-03-01,0,True,False
Lisinopril 10 mg,Tidak Diketahui,2025-04-01,0,False,True
Lisinopril 10 mg,Tidak Diketahui,2025-05-01,0,True,False
Lisinopril 10 mg,Tidak Diketahui,2025-06-01,0,True,False
Lisinopril 10 mg,Tidak Diketahui,2025-07-01,0,True,False
Lisinopril 10 mg,Tidak Diketahui,2025-08-01,0,True,False
Lisinopril 10 mg,Tidak Diketahui,2025-09-01,0,True,False
Lisinopril 10 mg,Tidak Diketahui,2025-10-01,0,True,False
Lisinopril 10 mg,Tidak Diketahui,2025-11-01,0,True,False
Lisinopril 10 mg,Tidak Diketahui,2025-12-01,0,True,False
Lisinopril 10 mg,Tidak Diketahui,2026-01-01,0,False,False
Lisinopril 10 mg,Tidak Diketahui,2026-02-01,0,False,False
Lisol 50% 1 liter,Tidak Diketahui,2024-01-01,0,False,False
Lisol 50% 1 liter,Tidak Diketahui,2024-02-01,0,False,False
Lisol 50% 1 liter,Tidak Diketahui,2024-03-01,0,False,False
Lisol 50% 1 liter,Tidak Diketahui,2024-04-01,0,False,False
Lisol 50% 1 liter,Tidak Diketahui,2024-05-01,0,False,False
Lisol 50% 1 liter,Tidak Diketahui,2024-06-01,0,False,False
Lisol 50% 1 liter,Tidak Diketahui,2024-07-01,0,False,False
Lisol 50% 1 liter,Tidak Diketahui,2024-08-01,0,False,False
Lisol 50% 1 liter,Tidak Diketahui,2024-09-01,0,False,False
Lisol 50% 1 liter,Tidak Diketahui,2024-10-01,0,False,False
Lisol 50% 1 liter,Tidak Diketahui,2024-11-01,0,False,False
Lisol 50% 1 liter,Tidak Diketahui,2024-12-01,0,False,False
Lisol 50% 1 liter,Tidak Diketahui,2025-01-01,0,True,False
Lisol 50% 1 liter,Tidak Diketahui,2025-02-01,0,True,False
Lisol 50% 1 liter,Tidak Diketahui,2025-03-01,0,True,False
Lisol 50% 1 liter,Tidak Diketahui,2025-04-01,0,False,True
Lisol 50% 1 liter,Tidak Diketahui,2025-05-01,0,True,False
Lisol 50% 1 liter,Tidak Diketahui,2025-06-01,0,True,False
Lisol 50% 1 liter,Tidak Diketahui,2025-07-01,0,True,False
Lisol 50% 1 liter,Tidak Diketahui,2025-08-01,0,True,False
Lisol 50% 1 liter,Tidak Diketahui,2025-09-01,0,True,False
Lisol 50% 1 liter,Tidak Diketahui,2025-10-01,0,True,False
Lisol 50% 1 liter,Tidak Diketahui,2025-11-01,0,True,False
Lisol 50% 1 liter,Tidak Diketahui,2025-12-01,0,True,False
Lisol 50% 1 liter,Tidak Diketahui,2026-01-01,0,True,False
Lisol 50% 1 liter,Tidak Diketahui,2026-02-01,0,True,False
Lomatull / Cuticell,Pcs,2024-01-01,0,False,False
Lomatull / Cuticell,Pcs,2024-02-01,0,False,False
Lomatull / Cuticell,Pcs,2024-03-01,0,False,False
Lomatull / Cuticell,Pcs,2024-04-01,0,False,False
Lomatull / Cuticell,Pcs,2024-05-01,0,False,False
Lomatull / Cuticell,Pcs,2024-06-01,0,False,False
Lomatull / Cuticell,Pcs,2024-07-01,0,False,False
Lomatull / Cuticell,Pcs,2024-08-01,0,False,False
Lomatull / Cuticell,Pcs,2024-09-01,0,False,False
Lomatull / Cuticell,Pcs,2024-10-01,0,False,False
Lomatull / Cuticell,Pcs,2024-11-01,0,False,False
Lomatull / Cuticell,Pcs,2024-12-01,0,False,False
Lomatull / Cuticell,Pcs,2025-01-01,0,True,False
Lomatull / Cuticell,Pcs,2025-02-01,10,True,False
Lomatull / Cuticell,Pcs,2025-03-01,0,True,False
Lomatull / Cuticell,Pcs,2025-04-01,0,False,True
Lomatull / Cuticell,Pcs,2025-05-01,0,True,False
Lomatull / Cuticell,Pcs,2025-06-01,0,True,False
Lomatull / Cuticell,Pcs,2025-07-01,5,True,False
Lomatull / Cuticell,Pcs,2025-08-01,0,True,False
Lomatull / Cuticell,Pcs,2025-09-01,0,True,False
Lomatull / Cuticell,Pcs,2025-10-01,5,True,False
Lomatull / Cuticell,Pcs,2025-11-01,0,True,False
Lomatull / Cuticell,Pcs,2025-12-01,0,True,False
Lomatull / Cuticell,Pcs,2026-01-01,0,True,False
Lomatull / Cuticell,Pcs,2026-02-01,0,True,False
Loperamid 2 mg,Tablet,2024-01-01,120,True,False
Loperamid 2 mg,Tablet,2024-02-01,210,True,False
Loperamid 2 mg,Tablet,2024-03-01,0,True,False
Loperamid 2 mg,Tablet,2024-04-01,400,True,False
Loperamid 2 mg,Tablet,2024-05-01,0,True,False
Loperamid 2 mg,Tablet,2024-06-01,0,True,False
Loperamid 2 mg,Tablet,2024-07-01,0,True,False
Loperamid 2 mg,Tablet,2024-08-01,0,True,False
Loperamid 2 mg,Tablet,2024-09-01,0,True,False
Loperamid 2 mg,Tablet,2024-10-01,40,True,False
Loperamid 2 mg,Tablet,2024-11-01,30,True,False
Loperamid 2 mg,Tablet,2024-12-01,0,True,False
Loperamid 2 mg,Tablet,2025-01-01,30,True,False
Loperamid 2 mg,Tablet,2025-02-01,0,True,False
Loperamid 2 mg,Tablet,2025-03-01,40,True,False
Loperamid 2 mg,Tablet,2025-04-01,20,False,True
Loperamid 2 mg,Tablet,2025-05-01,0,True,False
Loperamid 2 mg,Tablet,2025-06-01,0,True,False
Loperamid 2 mg,Tablet,2025-07-01,0,True,False
Loperamid 2 mg,Tablet,2025-08-01,0,True,False
Loperamid 2 mg,Tablet,2025-09-01,0,True,False
Loperamid 2 mg,Tablet,2025-10-01,30,True,False
Loperamid 2 mg,Tablet,2025-11-01,35,True,False
Loperamid 2 mg,Tablet,2025-12-01,0,True,False
Loperamid 2 mg,Tablet,2026-01-01,10,True,False
Loperamid 2 mg,Tablet,2026-02-01,0,True,False
Loratadin 10 mg tab,Tablet,2024-01-01,0,True,False
Loratadin 10 mg tab,Tablet,2024-02-01,0,True,False
Loratadin 10 mg tab,Tablet,2024-03-01,0,False,False
Loratadin 10 mg tab,Tablet,2024-04-01,0,False,False
Loratadin 10 mg tab,Tablet,2024-05-01,0,False,False
Loratadin 10 mg tab,Tablet,2024-06-01,0,False,False
Loratadin 10 mg tab,Tablet,2024-07-01,0,False,False
Loratadin 10 mg tab,Tablet,2024-08-01,0,False,False
Loratadin 10 mg tab,Tablet,2024-09-01,0,False,False
Loratadin 10 mg tab,Tablet,2024-10-01,0,False,False
Loratadin 10 mg tab,Tablet,2024-11-01,0,False,False
Loratadin 10 mg tab,Tablet,2024-12-01,0,False,False
Loratadin 10 mg tab,Tablet,2025-01-01,0,True,False
Loratadin 10 mg tab,Tablet,2025-02-01,0,True,False
Loratadin 10 mg tab,Tablet,2025-03-01,0,True,False
Loratadin 10 mg tab,Tablet,2025-04-01,0,False,True
Loratadin 10 mg tab,Tablet,2025-05-01,0,True,False
Loratadin 10 mg tab,Tablet,2025-06-01,0,True,False
Loratadin 10 mg tab,Tablet,2025-07-01,0,True,False
Loratadin 10 mg tab,Tablet,2025-08-01,0,True,False
Loratadin 10 mg tab,Tablet,2025-09-01,0,True,False
Loratadin 10 mg tab,Tablet,2025-10-01,0,True,False
Loratadin 10 mg tab,Tablet,2025-11-01,0,True,False
Loratadin 10 mg tab,Tablet,2025-12-01,0,True,False
Loratadin 10 mg tab,Tablet,2026-01-01,0,False,False
Loratadin 10 mg tab,Tablet,2026-02-01,0,False,False
Lysoglobin LMG2,Tidak Diketahui,2024-01-01,0,False,False
Lysoglobin LMG2,Tidak Diketahui,2024-02-01,0,False,False
Lysoglobin LMG2,Tidak Diketahui,2024-03-01,0,False,False
Lysoglobin LMG2,Tidak Diketahui,2024-04-01,0,False,False
Lysoglobin LMG2,Tidak Diketahui,2024-05-01,0,False,False
Lysoglobin LMG2,Tidak Diketahui,2024-06-01,0,False,False
Lysoglobin LMG2,Tidak Diketahui,2024-07-01,0,False,False
Lysoglobin LMG2,Tidak Diketahui,2024-08-01,0,False,False
Lysoglobin LMG2,Tidak Diketahui,2024-09-01,0,False,False
Lysoglobin LMG2,Tidak Diketahui,2024-10-01,0,False,False
Lysoglobin LMG2,Tidak Diketahui,2024-11-01,0,False,False
Lysoglobin LMG2,Tidak Diketahui,2024-12-01,0,False,False
Lysoglobin LMG2,Tidak Diketahui,2025-01-01,0,True,False
Lysoglobin LMG2,Tidak Diketahui,2025-02-01,0,True,False
Lysoglobin LMG2,Tidak Diketahui,2025-03-01,0,True,False
Lysoglobin LMG2,Tidak Diketahui,2025-04-01,0,False,True
Lysoglobin LMG2,Tidak Diketahui,2025-05-01,0,True,False
Lysoglobin LMG2,Tidak Diketahui,2025-06-01,0,True,False
Lysoglobin LMG2,Tidak Diketahui,2025-07-01,0,True,False
Lysoglobin LMG2,Tidak Diketahui,2025-08-01,0,True,False
Lysoglobin LMG2,Tidak Diketahui,2025-09-01,0,True,False
Lysoglobin LMG2,Tidak Diketahui,2025-10-01,0,True,False
Lysoglobin LMG2,Tidak Diketahui,2025-11-01,0,True,False
Lysoglobin LMG2,Tidak Diketahui,2025-12-01,0,True,False
Lysoglobin LMG2,Tidak Diketahui,2026-01-01,0,False,False
Lysoglobin LMG2,Tidak Diketahui,2026-02-01,0,False,False
MDT MB Dewasa,Blister,2024-01-01,0,True,False
MDT MB Dewasa,Blister,2024-02-01,0,True,False
MDT MB Dewasa,Blister,2024-03-01,0,True,False
MDT MB Dewasa,Blister,2024-04-01,0,False,False
MDT MB Dewasa,Blister,2024-05-01,0,False,False
MDT MB Dewasa,Blister,2024-06-01,0,False,False
MDT MB Dewasa,Blister,2024-07-01,0,False,False
MDT MB Dewasa,Blister,2024-08-01,0,False,False
MDT MB Dewasa,Blister,2024-09-01,0,False,False
MDT MB Dewasa,Blister,2024-10-01,0,False,False
MDT MB Dewasa,Blister,2024-11-01,0,False,False
MDT MB Dewasa,Blister,2024-12-01,0,False,False
MDT MB Dewasa,Blister,2025-01-01,0,False,False
MDT MB Dewasa,Blister,2025-02-01,0,False,False
MDT MB Dewasa,Blister,2025-03-01,0,False,False
MDT MB Dewasa,Blister,2025-04-01,0,False,True
MDT MB Dewasa,Blister,2025-05-01,0,False,False
MDT MB Dewasa,Blister,2025-06-01,0,False,False
MDT MB Dewasa,Blister,2025-07-01,0,False,False
MDT MB Dewasa,Blister,2025-08-01,0,False,False
MDT MB Dewasa,Blister,2025-09-01,0,False,False
MDT MB Dewasa,Blister,2025-10-01,0,False,False
MDT MB Dewasa,Blister,2025-11-01,0,False,False
MDT MB Dewasa,Blister,2025-12-01,0,False,False
MDT MB Dewasa,Blister,2026-01-01,0,False,False
MDT MB Dewasa,Blister,2026-02-01,0,False,False
MDT MB Dewasa,Paket,2024-01-01,0,False,False
MDT MB Dewasa,Paket,2024-02-01,0,False,False
MDT MB Dewasa,Paket,2024-03-01,0,False,False
MDT MB Dewasa,Paket,2024-04-01,2,True,False
MDT MB Dewasa,Paket,2024-05-01,3,True,False
MDT MB Dewasa,Paket,2024-06-01,2,True,False
MDT MB Dewasa,Paket,2024-07-01,5,True,False
MDT MB Dewasa,Paket,2024-08-01,0,True,False
MDT MB Dewasa,Paket,2024-09-01,2,True,False
MDT MB Dewasa,Paket,2024-10-01,1,True,False
MDT MB Dewasa,Paket,2024-11-01,0,True,False
MDT MB Dewasa,Paket,2024-12-01,7,True,False
MDT MB Dewasa,Paket,2025-01-01,0,False,False
MDT MB Dewasa,Paket,2025-02-01,0,False,False
MDT MB Dewasa,Paket,2025-03-01,0,False,False
MDT MB Dewasa,Paket,2025-04-01,0,False,True
MDT MB Dewasa,Paket,2025-05-01,0,False,False
MDT MB Dewasa,Paket,2025-06-01,0,False,False
MDT MB Dewasa,Paket,2025-07-01,0,False,False
MDT MB Dewasa,Paket,2025-08-01,0,False,False
MDT MB Dewasa,Paket,2025-09-01,0,False,False
MDT MB Dewasa,Paket,2025-10-01,0,False,False
MDT MB Dewasa,Paket,2025-11-01,0,False,False
MDT MB Dewasa,Paket,2025-12-01,0,False,False
MDT MB Dewasa,Paket,2026-01-01,0,False,False
MDT MB Dewasa,Paket,2026-02-01,0,False,False
MDT MB Dewasa (Kusta),Blister,2024-01-01,0,False,False
MDT MB Dewasa (Kusta),Blister,2024-02-01,0,False,False
MDT MB Dewasa (Kusta),Blister,2024-03-01,0,False,False
MDT MB Dewasa (Kusta),Blister,2024-04-01,0,False,False
MDT MB Dewasa (Kusta),Blister,2024-05-01,0,False,False
MDT MB Dewasa (Kusta),Blister,2024-06-01,0,False,False
MDT MB Dewasa (Kusta),Blister,2024-07-01,0,False,False
MDT MB Dewasa (Kusta),Blister,2024-08-01,0,False,False
MDT MB Dewasa (Kusta),Blister,2024-09-01,0,False,False
MDT MB Dewasa (Kusta),Blister,2024-10-01,0,False,False
MDT MB Dewasa (Kusta),Blister,2024-11-01,0,False,False
MDT MB Dewasa (Kusta),Blister,2024-12-01,0,False,False
MDT MB Dewasa (Kusta),Blister,2025-01-01,0,True,False
MDT MB Dewasa (Kusta),Blister,2025-02-01,1,True,False
MDT MB Dewasa (Kusta),Blister,2025-03-01,0,True,False
MDT MB Dewasa (Kusta),Blister,2025-04-01,1,False,True
MDT MB Dewasa (Kusta),Blister,2025-05-01,2,True,False
MDT MB Dewasa (Kusta),Blister,2025-06-01,0,True,False
MDT MB Dewasa (Kusta),Blister,2025-07-01,2,True,False
MDT MB Dewasa (Kusta),Blister,2025-08-01,0,True,False
MDT MB Dewasa (Kusta),Blister,2025-09-01,0,True,False
MDT MB Dewasa (Kusta),Blister,2025-10-01,0,True,False
MDT MB Dewasa (Kusta),Blister,2025-11-01,0,True,False
MDT MB Dewasa (Kusta),Blister,2025-12-01,0,True,False
MDT MB Dewasa (Kusta),Blister,2026-01-01,0,False,False
MDT MB Dewasa (Kusta),Blister,2026-02-01,0,False,False
MGSO4 20 %,Vial 25 Ml,2024-01-01,0,False,False
MGSO4 20 %,Vial 25 Ml,2024-02-01,0,False,False
MGSO4 20 %,Vial 25 Ml,2024-03-01,0,False,False
MGSO4 20 %,Vial 25 Ml,2024-04-01,0,False,False
MGSO4 20 %,Vial 25 Ml,2024-05-01,0,False,False
MGSO4 20 %,Vial 25 Ml,2024-06-01,0,False,False
MGSO4 20 %,Vial 25 Ml,2024-07-01,0,False,False
MGSO4 20 %,Vial 25 Ml,2024-08-01,0,False,False
MGSO4 20 %,Vial 25 Ml,2024-09-01,0,False,False
MGSO4 20 %,Vial 25 Ml,2024-10-01,0,False,False
MGSO4 20 %,Vial 25 Ml,2024-11-01,0,False,False
MGSO4 20 %,Vial 25 Ml,2024-12-01,0,False,False
MGSO4 20 %,Vial 25 Ml,2025-01-01,0,True,False
MGSO4 20 %,Vial 25 Ml,2025-02-01,0,True,False
MGSO4 20 %,Vial 25 Ml,2025-03-01,0,True,False
MGSO4 20 %,Vial 25 Ml,2025-04-01,0,False,True
MGSO4 20 %,Vial 25 Ml,2025-05-01,0,True,False
MGSO4 20 %,Vial 25 Ml,2025-06-01,0,True,False
MGSO4 20 %,Vial 25 Ml,2025-07-01,0,True,False
MGSO4 20 %,Vial 25 Ml,2025-08-01,0,True,False
MGSO4 20 %,Vial 25 Ml,2025-09-01,2,True,False
MGSO4 20 %,Vial 25 Ml,2025-10-01,0,True,False
MGSO4 20 %,Vial 25 Ml,2025-11-01,7,True,False
MGSO4 20 %,Vial 25 Ml,2025-12-01,0,True,False
MGSO4 20 %,Vial 25 Ml,2026-01-01,0,True,False
MGSO4 20 %,Vial 25 Ml,2026-02-01,0,True,False
MGSO4 40 %,Vial 25 Ml,2024-01-01,0,False,False
MGSO4 40 %,Vial 25 Ml,2024-02-01,0,False,False
MGSO4 40 %,Vial 25 Ml,2024-03-01,0,False,False
MGSO4 40 %,Vial 25 Ml,2024-04-01,0,False,False
MGSO4 40 %,Vial 25 Ml,2024-05-01,0,False,False
MGSO4 40 %,Vial 25 Ml,2024-06-01,0,False,False
MGSO4 40 %,Vial 25 Ml,2024-07-01,0,False,False
MGSO4 40 %,Vial 25 Ml,2024-08-01,0,False,False
MGSO4 40 %,Vial 25 Ml,2024-09-01,0,False,False
MGSO4 40 %,Vial 25 Ml,2024-10-01,0,False,False
MGSO4 40 %,Vial 25 Ml,2024-11-01,0,False,False
MGSO4 40 %,Vial 25 Ml,2024-12-01,0,False,False
MGSO4 40 %,Vial 25 Ml,2025-01-01,0,True,False
MGSO4 40 %,Vial 25 Ml,2025-02-01,0,True,False
MGSO4 40 %,Vial 25 Ml,2025-03-01,0,True,False
MGSO4 40 %,Vial 25 Ml,2025-04-01,2,False,True
MGSO4 40 %,Vial 25 Ml,2025-05-01,4,True,False
MGSO4 40 %,Vial 25 Ml,2025-06-01,0,True,False
MGSO4 40 %,Vial 25 Ml,2025-07-01,0,True,False
MGSO4 40 %,Vial 25 Ml,2025-08-01,0,True,False
MGSO4 40 %,Vial 25 Ml,2025-09-01,0,True,False
MGSO4 40 %,Vial 25 Ml,2025-10-01,0,True,False
MGSO4 40 %,Vial 25 Ml,2025-11-01,5,True,False
MGSO4 40 %,Vial 25 Ml,2025-12-01,0,True,False
MGSO4 40 %,Vial 25 Ml,2026-01-01,0,True,False
MGSO4 40 %,Vial 25 Ml,2026-02-01,0,True,False
MMS Multivitamin Ibu Hamil,Botol @180,2024-01-01,0,False,False
MMS Multivitamin Ibu Hamil,Botol @180,2024-02-01,0,False,False
MMS Multivitamin Ibu Hamil,Botol @180,2024-03-01,0,False,False
MMS Multivitamin Ibu Hamil,Botol @180,2024-04-01,0,False,False
MMS Multivitamin Ibu Hamil,Botol @180,2024-05-01,0,False,False
MMS Multivitamin Ibu Hamil,Botol @180,2024-06-01,0,False,False
MMS Multivitamin Ibu Hamil,Botol @180,2024-07-01,0,False,False
MMS Multivitamin Ibu Hamil,Botol @180,2024-08-01,0,False,False
MMS Multivitamin Ibu Hamil,Botol @180,2024-09-01,0,False,False
MMS Multivitamin Ibu Hamil,Botol @180,2024-10-01,0,False,False
MMS Multivitamin Ibu Hamil,Botol @180,2024-11-01,0,False,False
MMS Multivitamin Ibu Hamil,Botol @180,2024-12-01,0,False,False
MMS Multivitamin Ibu Hamil,Botol @180,2025-01-01,0,False,False
MMS Multivitamin Ibu Hamil,Botol @180,2025-02-01,0,False,False
MMS Multivitamin Ibu Hamil,Botol @180,2025-03-01,0,True,False
MMS Multivitamin Ibu Hamil,Botol @180,2025-04-01,50,False,True
MMS Multivitamin Ibu Hamil,Botol @180,2025-05-01,100,True,False
MMS Multivitamin Ibu Hamil,Botol @180,2025-06-01,0,True,False
MMS Multivitamin Ibu Hamil,Botol @180,2025-07-01,50,True,False
MMS Multivitamin Ibu Hamil,Botol @180,2025-08-01,0,True,False
MMS Multivitamin Ibu Hamil,Botol @180,2025-09-01,11,True,False
MMS Multivitamin Ibu Hamil,Botol @180,2025-10-01,34,True,False
MMS Multivitamin Ibu Hamil,Botol @180,2025-11-01,15,True,False
MMS Multivitamin Ibu Hamil,Botol @180,2025-12-01,33,True,False
MMS Multivitamin Ibu Hamil,Botol @180,2026-01-01,81,True,False
MMS Multivitamin Ibu Hamil,Botol @180,2026-02-01,78,True,False
Magnesium Sulfat inj. 20%,Vial 25 Ml,2024-01-01,0,True,False
Magnesium Sulfat inj. 20%,Vial 25 Ml,2024-02-01,0,True,False
Magnesium Sulfat inj. 20%,Vial 25 Ml,2024-03-01,0,True,False
Magnesium Sulfat inj. 20%,Vial 25 Ml,2024-04-01,0,True,False
Magnesium Sulfat inj. 20%,Vial 25 Ml,2024-05-01,0,True,False
Magnesium Sulfat inj. 20%,Vial 25 Ml,2024-06-01,0,True,False
Magnesium Sulfat inj. 20%,Vial 25 Ml,2024-07-01,0,True,False
Magnesium Sulfat inj. 20%,Vial 25 Ml,2024-08-01,0,True,False
Magnesium Sulfat inj. 20%,Vial 25 Ml,2024-09-01,0,True,False
Magnesium Sulfat inj. 20%,Vial 25 Ml,2024-10-01,0,True,False
Magnesium Sulfat inj. 20%,Vial 25 Ml,2024-11-01,0,True,False
Magnesium Sulfat inj. 20%,Vial 25 Ml,2024-12-01,0,True,False
Magnesium Sulfat inj. 20%,Vial 25 Ml,2025-01-01,0,False,False
Magnesium Sulfat inj. 20%,Vial 25 Ml,2025-02-01,0,False,False
Magnesium Sulfat inj. 20%,Vial 25 Ml,2025-03-01,0,False,False
Magnesium Sulfat inj. 20%,Vial 25 Ml,2025-04-01,0,False,True
Magnesium Sulfat inj. 20%,Vial 25 Ml,2025-05-01,0,False,False
Magnesium Sulfat inj. 20%,Vial 25 Ml,2025-06-01,0,False,False
Magnesium Sulfat inj. 20%,Vial 25 Ml,2025-07-01,0,False,False
Magnesium Sulfat inj. 20%,Vial 25 Ml,2025-08-01,0,False,False
Magnesium Sulfat inj. 20%,Vial 25 Ml,2025-09-01,0,False,False
Magnesium Sulfat inj. 20%,Vial 25 Ml,2025-10-01,0,False,False
Magnesium Sulfat inj. 20%,Vial 25 Ml,2025-11-01,0,False,False
Magnesium Sulfat inj. 20%,Vial 25 Ml,2025-12-01,0,False,False
Magnesium Sulfat inj. 20%,Vial 25 Ml,2026-01-01,0,False,False
Magnesium Sulfat inj. 20%,Vial 25 Ml,2026-02-01,0,False,False
Magnesium Sulfat inj. 40%,Vial 25 Ml,2024-01-01,0,True,False
Magnesium Sulfat inj. 40%,Vial 25 Ml,2024-02-01,0,True,False
Magnesium Sulfat inj. 40%,Vial 25 Ml,2024-03-01,0,True,False
Magnesium Sulfat inj. 40%,Vial 25 Ml,2024-04-01,0,True,False
Magnesium Sulfat inj. 40%,Vial 25 Ml,2024-05-01,0,True,False
Magnesium Sulfat inj. 40%,Vial 25 Ml,2024-06-01,0,True,False
Magnesium Sulfat inj. 40%,Vial 25 Ml,2024-07-01,0,True,False
Magnesium Sulfat inj. 40%,Vial 25 Ml,2024-08-01,0,True,False
Magnesium Sulfat inj. 40%,Vial 25 Ml,2024-09-01,0,True,False
Magnesium Sulfat inj. 40%,Vial 25 Ml,2024-10-01,0,True,False
Magnesium Sulfat inj. 40%,Vial 25 Ml,2024-11-01,0,True,False
Magnesium Sulfat inj. 40%,Vial 25 Ml,2024-12-01,0,True,False
Magnesium Sulfat inj. 40%,Vial 25 Ml,2025-01-01,0,False,False
Magnesium Sulfat inj. 40%,Vial 25 Ml,2025-02-01,0,False,False
Magnesium Sulfat inj. 40%,Vial 25 Ml,2025-03-01,0,False,False
Magnesium Sulfat inj. 40%,Vial 25 Ml,2025-04-01,0,False,True
Magnesium Sulfat inj. 40%,Vial 25 Ml,2025-05-01,0,False,False
Magnesium Sulfat inj. 40%,Vial 25 Ml,2025-06-01,0,False,False
Magnesium Sulfat inj. 40%,Vial 25 Ml,2025-07-01,0,False,False
Magnesium Sulfat inj. 40%,Vial 25 Ml,2025-08-01,0,False,False
Magnesium Sulfat inj. 40%,Vial 25 Ml,2025-09-01,0,False,False
Magnesium Sulfat inj. 40%,Vial 25 Ml,2025-10-01,0,False,False
Magnesium Sulfat inj. 40%,Vial 25 Ml,2025-11-01,0,False,False
Magnesium Sulfat inj. 40%,Vial 25 Ml,2025-12-01,0,False,False
Magnesium Sulfat inj. 40%,Vial 25 Ml,2026-01-01,0,False,False
Magnesium Sulfat inj. 40%,Vial 25 Ml,2026-02-01,0,False,False
Meloxicam 15 mg,Tablet,2024-01-01,100,True,False
Meloxicam 15 mg,Tablet,2024-02-01,300,True,False
Meloxicam 15 mg,Tablet,2024-03-01,1260,True,False
Meloxicam 15 mg,Tablet,2024-04-01,1340,True,False
Meloxicam 15 mg,Tablet,2024-05-01,0,True,False
Meloxicam 15 mg,Tablet,2024-06-01,0,True,False
Meloxicam 15 mg,Tablet,2024-07-01,0,True,False
Meloxicam 15 mg,Tablet,2024-08-01,0,True,False
Meloxicam 15 mg,Tablet,2024-09-01,0,True,False
Meloxicam 15 mg,Tablet,2024-10-01,0,True,False
Meloxicam 15 mg,Tablet,2024-11-01,0,True,False
Meloxicam 15 mg,Tablet,2024-12-01,0,True,False
Meloxicam 15 mg,Tablet,2025-01-01,0,True,False
Meloxicam 15 mg,Tablet,2025-02-01,0,True,False
Meloxicam 15 mg,Tablet,2025-03-01,235,True,False
Meloxicam 15 mg,Tablet,2025-04-01,168,False,True
Meloxicam 15 mg,Tablet,2025-05-01,100,True,False
Meloxicam 15 mg,Tablet,2025-06-01,300,True,False
Meloxicam 15 mg,Tablet,2025-07-01,470,True,False
Meloxicam 15 mg,Tablet,2025-08-01,675,True,False
Meloxicam 15 mg,Tablet,2025-09-01,700,True,False
Meloxicam 15 mg,Tablet,2025-10-01,630,True,False
Meloxicam 15 mg,Tablet,2025-11-01,420,True,False
Meloxicam 15 mg,Tablet,2025-12-01,526,True,False
Meloxicam 15 mg,Tablet,2026-01-01,670,True,False
Meloxicam 15 mg,Tablet,2026-02-01,1034,True,False
"Meloxicam 7,5 mg tab",Tablet,2024-01-01,0,True,False
"Meloxicam 7,5 mg tab",Tablet,2024-02-01,700,True,False
"Meloxicam 7,5 mg tab",Tablet,2024-03-01,300,True,False
"Meloxicam 7,5 mg tab",Tablet,2024-04-01,0,True,False
"Meloxicam 7,5 mg tab",Tablet,2024-05-01,0,True,False
"Meloxicam 7,5 mg tab",Tablet,2024-06-01,0,True,False
"Meloxicam 7,5 mg tab",Tablet,2024-07-01,0,True,False
"Meloxicam 7,5 mg tab",Tablet,2024-08-01,0,True,False
"Meloxicam 7,5 mg tab",Tablet,2024-09-01,0,True,False
"Meloxicam 7,5 mg tab",Tablet,2024-10-01,0,True,False
"Meloxicam 7,5 mg tab",Tablet,2024-11-01,0,True,False
"Meloxicam 7,5 mg tab",Tablet,2024-12-01,0,True,False
"Meloxicam 7,5 mg tab",Tablet,2025-01-01,0,True,False
"Meloxicam 7,5 mg tab",Tablet,2025-02-01,0,True,False
"Meloxicam 7,5 mg tab",Tablet,2025-03-01,0,True,False
"Meloxicam 7,5 mg tab",Tablet,2025-04-01,0,False,True
"Meloxicam 7,5 mg tab",Tablet,2025-05-01,0,True,False
"Meloxicam 7,5 mg tab",Tablet,2025-06-01,0,True,False
"Meloxicam 7,5 mg tab",Tablet,2025-07-01,0,True,False
"Meloxicam 7,5 mg tab",Tablet,2025-08-01,0,True,False
"Meloxicam 7,5 mg tab",Tablet,2025-09-01,0,True,False
"Meloxicam 7,5 mg tab",Tablet,2025-10-01,0,True,False
"Meloxicam 7,5 mg tab",Tablet,2025-11-01,0,True,False
"Meloxicam 7,5 mg tab",Tablet,2025-12-01,0,True,False
"Meloxicam 7,5 mg tab",Tablet,2026-01-01,0,False,False
"Meloxicam 7,5 mg tab",Tablet,2026-02-01,0,False,False
Mersibion,Tablet,2024-01-01,205,True,False
Mersibion,Tablet,2024-02-01,120,True,False
Mersibion,Tablet,2024-03-01,25,True,False
Mersibion,Tablet,2024-04-01,55,True,False
Mersibion,Tablet,2024-05-01,40,True,False
Mersibion,Tablet,2024-06-01,60,True,False
Mersibion,Tablet,2024-07-01,180,True,False
Mersibion,Tablet,2024-08-01,35,True,False
Mersibion,Tablet,2024-09-01,125,True,False
Mersibion,Tablet,2024-10-01,125,True,False
Mersibion,Tablet,2024-11-01,75,True,False
Mersibion,Tablet,2024-12-01,0,True,False
Mersibion,Tablet,2025-01-01,0,False,False
Mersibion,Tablet,2025-02-01,0,False,False
Mersibion,Tablet,2025-03-01,0,False,False
Mersibion,Tablet,2025-04-01,0,False,True
Mersibion,Tablet,2025-05-01,0,False,False
Mersibion,Tablet,2025-06-01,0,False,False
Mersibion,Tablet,2025-07-01,0,False,False
Mersibion,Tablet,2025-08-01,0,False,False
Mersibion,Tablet,2025-09-01,0,False,False
Mersibion,Tablet,2025-10-01,0,False,False
Mersibion,Tablet,2025-11-01,0,False,False
Mersibion,Tablet,2025-12-01,0,False,False
Mersibion,Tablet,2026-01-01,0,False,False
Mersibion,Tablet,2026-02-01,0,False,False
Mersibion 5000 inj.,Ampul,2024-01-01,0,True,False
Mersibion 5000 inj.,Ampul,2024-02-01,1,True,False
Mersibion 5000 inj.,Ampul,2024-03-01,16,True,False
Mersibion 5000 inj.,Ampul,2024-04-01,0,True,False
Mersibion 5000 inj.,Ampul,2024-05-01,0,True,False
Mersibion 5000 inj.,Ampul,2024-06-01,0,True,False
Mersibion 5000 inj.,Ampul,2024-07-01,0,True,False
Mersibion 5000 inj.,Ampul,2024-08-01,0,True,False
Mersibion 5000 inj.,Ampul,2024-09-01,0,True,False
Mersibion 5000 inj.,Ampul,2024-10-01,0,True,False
Mersibion 5000 inj.,Ampul,2024-11-01,0,True,False
Mersibion 5000 inj.,Ampul,2024-12-01,0,True,False
Mersibion 5000 inj.,Ampul,2025-01-01,0,False,False
Mersibion 5000 inj.,Ampul,2025-02-01,0,False,False
Mersibion 5000 inj.,Ampul,2025-03-01,0,False,False
Mersibion 5000 inj.,Ampul,2025-04-01,0,False,True
Mersibion 5000 inj.,Ampul,2025-05-01,0,False,False
Mersibion 5000 inj.,Ampul,2025-06-01,0,False,False
Mersibion 5000 inj.,Ampul,2025-07-01,0,False,False
Mersibion 5000 inj.,Ampul,2025-08-01,0,False,False
Mersibion 5000 inj.,Ampul,2025-09-01,0,False,False
Mersibion 5000 inj.,Ampul,2025-10-01,0,False,False
Mersibion 5000 inj.,Ampul,2025-11-01,0,False,False
Mersibion 5000 inj.,Ampul,2025-12-01,0,False,False
Mersibion 5000 inj.,Ampul,2026-01-01,0,False,False
Mersibion 5000 inj.,Ampul,2026-02-01,0,False,False
Metanol teknis,Tidak Diketahui,2024-01-01,0,False,False
Metanol teknis,Tidak Diketahui,2024-02-01,0,False,False
Metanol teknis,Tidak Diketahui,2024-03-01,0,False,False
Metanol teknis,Tidak Diketahui,2024-04-01,0,False,False
Metanol teknis,Tidak Diketahui,2024-05-01,0,False,False
Metanol teknis,Tidak Diketahui,2024-06-01,0,False,False
Metanol teknis,Tidak Diketahui,2024-07-01,0,False,False
Metanol teknis,Tidak Diketahui,2024-08-01,0,False,False
Metanol teknis,Tidak Diketahui,2024-09-01,0,False,False
Metanol teknis,Tidak Diketahui,2024-10-01,0,False,False
Metanol teknis,Tidak Diketahui,2024-11-01,0,False,False
Metanol teknis,Tidak Diketahui,2024-12-01,0,False,False
Metanol teknis,Tidak Diketahui,2025-01-01,0,True,False
Metanol teknis,Tidak Diketahui,2025-02-01,0,True,False
Metanol teknis,Tidak Diketahui,2025-03-01,0,True,False
Metanol teknis,Tidak Diketahui,2025-04-01,0,False,True
Metanol teknis,Tidak Diketahui,2025-05-01,0,True,False
Metanol teknis,Tidak Diketahui,2025-06-01,0,True,False
Metanol teknis,Tidak Diketahui,2025-07-01,0,True,False
Metanol teknis,Tidak Diketahui,2025-08-01,0,True,False
Metanol teknis,Tidak Diketahui,2025-09-01,0,True,False
Metanol teknis,Tidak Diketahui,2025-10-01,0,True,False
Metanol teknis,Tidak Diketahui,2025-11-01,0,True,False
Metanol teknis,Tidak Diketahui,2025-12-01,0,True,False
Metanol teknis,Tidak Diketahui,2026-01-01,0,False,False
Metanol teknis,Tidak Diketahui,2026-02-01,0,False,False
Metformin 500 mg,Tablet,2024-01-01,9240,True,False
Metformin 500 mg,Tablet,2024-02-01,2800,True,False
Metformin 500 mg,Tablet,2024-03-01,1880,True,False
Metformin 500 mg,Tablet,2024-04-01,2410,True,False
Metformin 500 mg,Tablet,2024-05-01,2310,True,False
Metformin 500 mg,Tablet,2024-06-01,2600,True,False
Metformin 500 mg,Tablet,2024-07-01,3600,True,False
Metformin 500 mg,Tablet,2024-08-01,5480,True,False
Metformin 500 mg,Tablet,2024-09-01,6620,True,False
Metformin 500 mg,Tablet,2024-10-01,3930,True,False
Metformin 500 mg,Tablet,2024-11-01,4470,True,False
Metformin 500 mg,Tablet,2024-12-01,4480,True,False
Metformin 500 mg,Tablet,2025-01-01,4920,True,False
Metformin 500 mg,Tablet,2025-02-01,5790,True,False
Metformin 500 mg,Tablet,2025-03-01,3520,True,False
Metformin 500 mg,Tablet,2025-04-01,4660,False,True
Metformin 500 mg,Tablet,2025-05-01,5800,True,False
Metformin 500 mg,Tablet,2025-06-01,2770,True,False
Metformin 500 mg,Tablet,2025-07-01,5300,True,False
Metformin 500 mg,Tablet,2025-08-01,2090,True,False
Metformin 500 mg,Tablet,2025-09-01,14100,True,False
Metformin 500 mg,Tablet,2025-10-01,6360,True,False
Metformin 500 mg,Tablet,2025-11-01,4440,True,False
Metformin 500 mg,Tablet,2025-12-01,1470,True,False
Metformin 500 mg,Tablet,2026-01-01,4530,True,False
Metformin 500 mg,Tablet,2026-02-01,3590,True,False
Methylprednisolon 4 mg,Tablet,2024-01-01,2300,True,False
Methylprednisolon 4 mg,Tablet,2024-02-01,1800,True,False
Methylprednisolon 4 mg,Tablet,2024-03-01,0,True,False
Methylprednisolon 4 mg,Tablet,2024-04-01,0,True,False
Methylprednisolon 4 mg,Tablet,2024-05-01,0,True,False
Methylprednisolon 4 mg,Tablet,2024-06-01,0,True,False
Methylprednisolon 4 mg,Tablet,2024-07-01,0,True,False
Methylprednisolon 4 mg,Tablet,2024-08-01,0,True,False
Methylprednisolon 4 mg,Tablet,2024-09-01,0,True,False
Methylprednisolon 4 mg,Tablet,2024-10-01,0,True,False
Methylprednisolon 4 mg,Tablet,2024-11-01,0,True,False
Methylprednisolon 4 mg,Tablet,2024-12-01,0,True,False
Methylprednisolon 4 mg,Tablet,2025-01-01,0,True,False
Methylprednisolon 4 mg,Tablet,2025-02-01,0,True,False
Methylprednisolon 4 mg,Tablet,2025-03-01,0,True,False
Methylprednisolon 4 mg,Tablet,2025-04-01,0,False,True
Methylprednisolon 4 mg,Tablet,2025-05-01,0,True,False
Methylprednisolon 4 mg,Tablet,2025-06-01,0,True,False
Methylprednisolon 4 mg,Tablet,2025-07-01,0,True,False
Methylprednisolon 4 mg,Tablet,2025-08-01,0,True,False
Methylprednisolon 4 mg,Tablet,2025-09-01,0,True,False
Methylprednisolon 4 mg,Tablet,2025-10-01,0,True,False
Methylprednisolon 4 mg,Tablet,2025-11-01,0,True,False
Methylprednisolon 4 mg,Tablet,2025-12-01,0,True,False
Methylprednisolon 4 mg,Tablet,2026-01-01,0,True,False
Methylprednisolon 4 mg,Tablet,2026-02-01,100,True,False
"Metilergometrin 0,125 mg",Tablet,2024-01-01,0,True,False
"Metilergometrin 0,125 mg",Tablet,2024-02-01,0,True,False
"Metilergometrin 0,125 mg",Tablet,2024-03-01,0,True,False
"Metilergometrin 0,125 mg",Tablet,2024-04-01,0,True,False
"Metilergometrin 0,125 mg",Tablet,2024-05-01,0,True,False
"Metilergometrin 0,125 mg",Tablet,2024-06-01,0,True,False
"Metilergometrin 0,125 mg",Tablet,2024-07-01,0,True,False
"Metilergometrin 0,125 mg",Tablet,2024-08-01,0,True,False
"Metilergometrin 0,125 mg",Tablet,2024-09-01,0,True,False
"Metilergometrin 0,125 mg",Tablet,2024-10-01,0,True,False
"Metilergometrin 0,125 mg",Tablet,2024-11-01,0,True,False
"Metilergometrin 0,125 mg",Tablet,2024-12-01,0,True,False
"Metilergometrin 0,125 mg",Tablet,2025-01-01,0,True,False
"Metilergometrin 0,125 mg",Tablet,2025-02-01,0,True,False
"Metilergometrin 0,125 mg",Tablet,2025-03-01,0,True,False
"Metilergometrin 0,125 mg",Tablet,2025-04-01,0,False,True
"Metilergometrin 0,125 mg",Tablet,2025-05-01,0,True,False
"Metilergometrin 0,125 mg",Tablet,2025-06-01,0,True,False
"Metilergometrin 0,125 mg",Tablet,2025-07-01,0,True,False
"Metilergometrin 0,125 mg",Tablet,2025-08-01,0,True,False
"Metilergometrin 0,125 mg",Tablet,2025-09-01,0,True,False
"Metilergometrin 0,125 mg",Tablet,2025-10-01,0,True,False
"Metilergometrin 0,125 mg",Tablet,2025-11-01,0,True,False
"Metilergometrin 0,125 mg",Tablet,2025-12-01,0,True,False
"Metilergometrin 0,125 mg",Tablet,2026-01-01,0,False,False
"Metilergometrin 0,125 mg",Tablet,2026-02-01,0,False,False
"Metilergometrin inj. 0,2 mg/ml",Tidak Diketahui,2024-01-01,0,False,False
"Metilergometrin inj. 0,2 mg/ml",Tidak Diketahui,2024-02-01,0,False,False
"Metilergometrin inj. 0,2 mg/ml",Tidak Diketahui,2024-03-01,0,False,False
"Metilergometrin inj. 0,2 mg/ml",Tidak Diketahui,2024-04-01,0,False,False
"Metilergometrin inj. 0,2 mg/ml",Tidak Diketahui,2024-05-01,0,False,False
"Metilergometrin inj. 0,2 mg/ml",Tidak Diketahui,2024-06-01,0,False,False
"Metilergometrin inj. 0,2 mg/ml",Tidak Diketahui,2024-07-01,0,False,False
"Metilergometrin inj. 0,2 mg/ml",Tidak Diketahui,2024-08-01,0,False,False
"Metilergometrin inj. 0,2 mg/ml",Tidak Diketahui,2024-09-01,0,False,False
"Metilergometrin inj. 0,2 mg/ml",Tidak Diketahui,2024-10-01,0,False,False
"Metilergometrin inj. 0,2 mg/ml",Tidak Diketahui,2024-11-01,0,False,False
"Metilergometrin inj. 0,2 mg/ml",Tidak Diketahui,2024-12-01,0,False,False
"Metilergometrin inj. 0,2 mg/ml",Tidak Diketahui,2025-01-01,0,True,False
"Metilergometrin inj. 0,2 mg/ml",Tidak Diketahui,2025-02-01,0,True,False
"Metilergometrin inj. 0,2 mg/ml",Tidak Diketahui,2025-03-01,0,True,False
"Metilergometrin inj. 0,2 mg/ml",Tidak Diketahui,2025-04-01,0,False,True
"Metilergometrin inj. 0,2 mg/ml",Tidak Diketahui,2025-05-01,0,True,False
"Metilergometrin inj. 0,2 mg/ml",Tidak Diketahui,2025-06-01,0,True,False
"Metilergometrin inj. 0,2 mg/ml",Tidak Diketahui,2025-07-01,0,True,False
"Metilergometrin inj. 0,2 mg/ml",Tidak Diketahui,2025-08-01,0,True,False
"Metilergometrin inj. 0,2 mg/ml",Tidak Diketahui,2025-09-01,0,True,False
"Metilergometrin inj. 0,2 mg/ml",Tidak Diketahui,2025-10-01,0,True,False
"Metilergometrin inj. 0,2 mg/ml",Tidak Diketahui,2025-11-01,0,True,False
"Metilergometrin inj. 0,2 mg/ml",Tidak Diketahui,2025-12-01,0,True,False
"Metilergometrin inj. 0,2 mg/ml",Tidak Diketahui,2026-01-01,0,False,False
"Metilergometrin inj. 0,2 mg/ml",Tidak Diketahui,2026-02-01,0,False,False
Metoklopramid 10 mg,Tablet,2024-01-01,0,True,False
Metoklopramid 10 mg,Tablet,2024-02-01,0,True,False
Metoklopramid 10 mg,Tablet,2024-03-01,0,False,False
Metoklopramid 10 mg,Tablet,2024-04-01,0,False,False
Metoklopramid 10 mg,Tablet,2024-05-01,0,False,False
Metoklopramid 10 mg,Tablet,2024-06-01,0,False,False
Metoklopramid 10 mg,Tablet,2024-07-01,0,False,False
Metoklopramid 10 mg,Tablet,2024-08-01,0,False,False
Metoklopramid 10 mg,Tablet,2024-09-01,0,False,False
Metoklopramid 10 mg,Tablet,2024-10-01,0,False,False
Metoklopramid 10 mg,Tablet,2024-11-01,0,False,False
Metoklopramid 10 mg,Tablet,2024-12-01,0,False,False
Metoklopramid 10 mg,Tablet,2025-01-01,0,True,False
Metoklopramid 10 mg,Tablet,2025-02-01,0,True,False
Metoklopramid 10 mg,Tablet,2025-03-01,0,True,False
Metoklopramid 10 mg,Tablet,2025-04-01,0,False,True
Metoklopramid 10 mg,Tablet,2025-05-01,0,True,False
Metoklopramid 10 mg,Tablet,2025-06-01,0,True,False
Metoklopramid 10 mg,Tablet,2025-07-01,0,True,False
Metoklopramid 10 mg,Tablet,2025-08-01,0,True,False
Metoklopramid 10 mg,Tablet,2025-09-01,0,True,False
Metoklopramid 10 mg,Tablet,2025-10-01,0,True,False
Metoklopramid 10 mg,Tablet,2025-11-01,0,True,False
Metoklopramid 10 mg,Tablet,2025-12-01,0,True,False
Metoklopramid 10 mg,Tablet,2026-01-01,0,False,False
Metoklopramid 10 mg,Tablet,2026-02-01,0,False,False
Metoklopramid inj. 5 mg/ml,Tidak Diketahui,2024-01-01,0,False,False
Metoklopramid inj. 5 mg/ml,Tidak Diketahui,2024-02-01,0,False,False
Metoklopramid inj. 5 mg/ml,Tidak Diketahui,2024-03-01,0,False,False
Metoklopramid inj. 5 mg/ml,Tidak Diketahui,2024-04-01,0,False,False
Metoklopramid inj. 5 mg/ml,Tidak Diketahui,2024-05-01,0,False,False
Metoklopramid inj. 5 mg/ml,Tidak Diketahui,2024-06-01,0,False,False
Metoklopramid inj. 5 mg/ml,Tidak Diketahui,2024-07-01,0,False,False
Metoklopramid inj. 5 mg/ml,Tidak Diketahui,2024-08-01,0,False,False
Metoklopramid inj. 5 mg/ml,Tidak Diketahui,2024-09-01,0,False,False
Metoklopramid inj. 5 mg/ml,Tidak Diketahui,2024-10-01,0,False,False
Metoklopramid inj. 5 mg/ml,Tidak Diketahui,2024-11-01,0,False,False
Metoklopramid inj. 5 mg/ml,Tidak Diketahui,2024-12-01,0,False,False
Metoklopramid inj. 5 mg/ml,Tidak Diketahui,2025-01-01,0,True,False
Metoklopramid inj. 5 mg/ml,Tidak Diketahui,2025-02-01,0,True,False
Metoklopramid inj. 5 mg/ml,Tidak Diketahui,2025-03-01,0,True,False
Metoklopramid inj. 5 mg/ml,Tidak Diketahui,2025-04-01,0,False,True
Metoklopramid inj. 5 mg/ml,Tidak Diketahui,2025-05-01,0,True,False
Metoklopramid inj. 5 mg/ml,Tidak Diketahui,2025-06-01,0,True,False
Metoklopramid inj. 5 mg/ml,Tidak Diketahui,2025-07-01,0,True,False
Metoklopramid inj. 5 mg/ml,Tidak Diketahui,2025-08-01,0,True,False
Metoklopramid inj. 5 mg/ml,Tidak Diketahui,2025-09-01,0,True,False
Metoklopramid inj. 5 mg/ml,Tidak Diketahui,2025-10-01,0,True,False
Metoklopramid inj. 5 mg/ml,Tidak Diketahui,2025-11-01,0,True,False
Metoklopramid inj. 5 mg/ml,Tidak Diketahui,2025-12-01,0,True,False
Metoklopramid inj. 5 mg/ml,Tidak Diketahui,2026-01-01,0,False,False
Metoklopramid inj. 5 mg/ml,Tidak Diketahui,2026-02-01,0,False,False
Metronidazol 500 mg,Tablet,2024-01-01,190,True,False
Metronidazol 500 mg,Tablet,2024-02-01,50,True,False
Metronidazol 500 mg,Tablet,2024-03-01,140,True,False
Metronidazol 500 mg,Tablet,2024-04-01,110,True,False
Metronidazol 500 mg,Tablet,2024-05-01,50,True,False
Metronidazol 500 mg,Tablet,2024-06-01,100,True,False
Metronidazol 500 mg,Tablet,2024-07-01,200,True,False
Metronidazol 500 mg,Tablet,2024-08-01,170,True,False
Metronidazol 500 mg,Tablet,2024-09-01,20,True,False
Metronidazol 500 mg,Tablet,2024-10-01,100,True,False
Metronidazol 500 mg,Tablet,2024-11-01,90,True,False
Metronidazol 500 mg,Tablet,2024-12-01,60,True,False
Metronidazol 500 mg,Tablet,2025-01-01,60,True,False
Metronidazol 500 mg,Tablet,2025-02-01,540,True,False
Metronidazol 500 mg,Tablet,2025-03-01,110,True,False
Metronidazol 500 mg,Tablet,2025-04-01,120,False,True
Metronidazol 500 mg,Tablet,2025-05-01,130,True,False
Metronidazol 500 mg,Tablet,2025-06-01,220,True,False
Metronidazol 500 mg,Tablet,2025-07-01,270,True,False
Metronidazol 500 mg,Tablet,2025-08-01,420,True,False
Metronidazol 500 mg,Tablet,2025-09-01,60,True,False
Metronidazol 500 mg,Tablet,2025-10-01,130,True,False
Metronidazol 500 mg,Tablet,2025-11-01,110,True,False
Metronidazol 500 mg,Tablet,2025-12-01,210,True,False
Metronidazol 500 mg,Tablet,2026-01-01,130,True,False
Metronidazol 500 mg,Tablet,2026-02-01,70,True,False
Metronidazol ovula 500 mg/Vagizol,Supp,2024-01-01,0,False,False
Metronidazol ovula 500 mg/Vagizol,Supp,2024-02-01,0,False,False
Metronidazol ovula 500 mg/Vagizol,Supp,2024-03-01,0,False,False
Metronidazol ovula 500 mg/Vagizol,Supp,2024-04-01,0,False,False
Metronidazol ovula 500 mg/Vagizol,Supp,2024-05-01,0,False,False
Metronidazol ovula 500 mg/Vagizol,Supp,2024-06-01,0,False,False
Metronidazol ovula 500 mg/Vagizol,Supp,2024-07-01,0,False,False
Metronidazol ovula 500 mg/Vagizol,Supp,2024-08-01,0,False,False
Metronidazol ovula 500 mg/Vagizol,Supp,2024-09-01,0,False,False
Metronidazol ovula 500 mg/Vagizol,Supp,2024-10-01,0,False,False
Metronidazol ovula 500 mg/Vagizol,Supp,2024-11-01,0,False,False
Metronidazol ovula 500 mg/Vagizol,Supp,2024-12-01,0,False,False
Metronidazol ovula 500 mg/Vagizol,Supp,2025-01-01,0,True,False
Metronidazol ovula 500 mg/Vagizol,Supp,2025-02-01,0,True,False
Metronidazol ovula 500 mg/Vagizol,Supp,2025-03-01,0,True,False
Metronidazol ovula 500 mg/Vagizol,Supp,2025-04-01,0,False,True
Metronidazol ovula 500 mg/Vagizol,Supp,2025-05-01,0,True,False
Metronidazol ovula 500 mg/Vagizol,Supp,2025-06-01,0,True,False
Metronidazol ovula 500 mg/Vagizol,Supp,2025-07-01,0,True,False
Metronidazol ovula 500 mg/Vagizol,Supp,2025-08-01,0,True,False
Metronidazol ovula 500 mg/Vagizol,Supp,2025-09-01,0,True,False
Metronidazol ovula 500 mg/Vagizol,Supp,2025-10-01,0,True,False
Metronidazol ovula 500 mg/Vagizol,Supp,2025-11-01,0,True,False
Metronidazol ovula 500 mg/Vagizol,Supp,2025-12-01,0,True,False
Metronidazol ovula 500 mg/Vagizol,Supp,2026-01-01,0,False,False
Metronidazol ovula 500 mg/Vagizol,Supp,2026-02-01,0,False,False
Metronidazol supp 500 mg,Supp,2024-01-01,0,True,False
Metronidazol supp 500 mg,Supp,2024-02-01,0,True,False
Metronidazol supp 500 mg,Supp,2024-03-01,0,True,False
Metronidazol supp 500 mg,Supp,2024-04-01,0,True,False
Metronidazol supp 500 mg,Supp,2024-05-01,0,True,False
Metronidazol supp 500 mg,Supp,2024-06-01,0,True,False
Metronidazol supp 500 mg,Supp,2024-07-01,5,True,False
Metronidazol supp 500 mg,Supp,2024-08-01,0,True,False
Metronidazol supp 500 mg,Supp,2024-09-01,0,True,False
Metronidazol supp 500 mg,Supp,2024-10-01,0,True,False
Metronidazol supp 500 mg,Supp,2024-11-01,0,True,False
Metronidazol supp 500 mg,Supp,2024-12-01,0,True,False
Metronidazol supp 500 mg,Supp,2025-01-01,0,False,False
Metronidazol supp 500 mg,Supp,2025-02-01,0,False,False
Metronidazol supp 500 mg,Supp,2025-03-01,0,False,False
Metronidazol supp 500 mg,Supp,2025-04-01,0,False,True
Metronidazol supp 500 mg,Supp,2025-05-01,0,False,False
Metronidazol supp 500 mg,Supp,2025-06-01,0,False,False
Metronidazol supp 500 mg,Supp,2025-07-01,0,False,False
Metronidazol supp 500 mg,Supp,2025-08-01,0,False,False
Metronidazol supp 500 mg,Supp,2025-09-01,0,False,False
Metronidazol supp 500 mg,Supp,2025-10-01,0,False,False
Metronidazol supp 500 mg,Supp,2025-11-01,0,False,False
Metronidazol supp 500 mg,Supp,2025-12-01,0,False,False
Metronidazol supp 500 mg,Supp,2026-01-01,0,False,False
Metronidazol supp 500 mg,Supp,2026-02-01,0,False,False
Miconazol krim 2%,Tube,2024-01-01,11,True,False
Miconazol krim 2%,Tube,2024-02-01,13,True,False
Miconazol krim 2%,Tube,2024-03-01,19,True,False
Miconazol krim 2%,Tube,2024-04-01,21,True,False
Miconazol krim 2%,Tube,2024-05-01,19,True,False
Miconazol krim 2%,Tube,2024-06-01,4,True,False
Miconazol krim 2%,Tube,2024-07-01,1,True,False
Miconazol krim 2%,Tube,2024-08-01,3,True,False
Miconazol krim 2%,Tube,2024-09-01,3,True,False
Miconazol krim 2%,Tube,2024-10-01,2,True,False
Miconazol krim 2%,Tube,2024-11-01,0,True,False
Miconazol krim 2%,Tube,2024-12-01,0,True,False
Miconazol krim 2%,Tube,2025-01-01,0,True,False
Miconazol krim 2%,Tube,2025-02-01,0,True,False
Miconazol krim 2%,Tube,2025-03-01,0,True,False
Miconazol krim 2%,Tube,2025-04-01,0,False,True
Miconazol krim 2%,Tube,2025-05-01,0,True,False
Miconazol krim 2%,Tube,2025-06-01,0,True,False
Miconazol krim 2%,Tube,2025-07-01,0,True,False
Miconazol krim 2%,Tube,2025-08-01,0,True,False
Miconazol krim 2%,Tube,2025-09-01,0,True,False
Miconazol krim 2%,Tube,2025-10-01,0,True,False
Miconazol krim 2%,Tube,2025-11-01,0,True,False
Miconazol krim 2%,Tube,2025-12-01,0,True,False
Miconazol krim 2%,Tube,2026-01-01,0,False,False
Miconazol krim 2%,Tube,2026-02-01,0,False,False
Minosep gargle,Botol,2024-01-01,0,False,False
Minosep gargle,Botol,2024-02-01,0,False,False
Minosep gargle,Botol,2024-03-01,0,False,False
Minosep gargle,Botol,2024-04-01,0,False,False
Minosep gargle,Botol,2024-05-01,0,True,False
Minosep gargle,Botol,2024-06-01,0,True,False
Minosep gargle,Botol,2024-07-01,5,True,False
Minosep gargle,Botol,2024-08-01,0,True,False
Minosep gargle,Botol,2024-09-01,19,True,False
Minosep gargle,Botol,2024-10-01,23,True,False
Minosep gargle,Botol,2024-11-01,19,True,False
Minosep gargle,Botol,2024-12-01,12,True,False
Minosep gargle,Botol,2025-01-01,1,True,False
Minosep gargle,Botol,2025-02-01,2,True,False
Minosep gargle,Botol,2025-03-01,1,True,False
Minosep gargle,Botol,2025-04-01,0,False,True
Minosep gargle,Botol,2025-05-01,0,True,False
Minosep gargle,Botol,2025-06-01,6,True,False
Minosep gargle,Botol,2025-07-01,6,True,False
Minosep gargle,Botol,2025-08-01,5,True,False
Minosep gargle,Botol,2025-09-01,2,True,False
Minosep gargle,Botol,2025-10-01,11,True,False
Minosep gargle,Botol,2025-11-01,5,True,False
Minosep gargle,Botol,2025-12-01,13,True,False
Minosep gargle,Botol,2026-01-01,23,True,False
Minosep gargle,Botol,2026-02-01,13,True,False
Minotrol,Tidak Diketahui,2024-01-01,0,False,False
Minotrol,Tidak Diketahui,2024-02-01,0,False,False
Minotrol,Tidak Diketahui,2024-03-01,0,False,False
Minotrol,Tidak Diketahui,2024-04-01,0,False,False
Minotrol,Tidak Diketahui,2024-05-01,0,False,False
Minotrol,Tidak Diketahui,2024-06-01,0,False,False
Minotrol,Tidak Diketahui,2024-07-01,0,False,False
Minotrol,Tidak Diketahui,2024-08-01,0,False,False
Minotrol,Tidak Diketahui,2024-09-01,0,False,False
Minotrol,Tidak Diketahui,2024-10-01,0,False,False
Minotrol,Tidak Diketahui,2024-11-01,0,False,False
Minotrol,Tidak Diketahui,2024-12-01,0,False,False
Minotrol,Tidak Diketahui,2025-01-01,0,True,False
Minotrol,Tidak Diketahui,2025-02-01,0,True,False
Minotrol,Tidak Diketahui,2025-03-01,0,True,False
Minotrol,Tidak Diketahui,2025-04-01,0,False,True
Minotrol,Tidak Diketahui,2025-05-01,0,True,False
Minotrol,Tidak Diketahui,2025-06-01,0,True,False
Minotrol,Tidak Diketahui,2025-07-01,0,True,False
Minotrol,Tidak Diketahui,2025-08-01,0,True,False
Minotrol,Tidak Diketahui,2025-09-01,0,True,False
Minotrol,Tidak Diketahui,2025-10-01,0,True,False
Minotrol,Tidak Diketahui,2025-11-01,0,True,False
Minotrol,Tidak Diketahui,2025-12-01,0,True,False
Minotrol,Tidak Diketahui,2026-01-01,0,False,False
Minotrol,Tidak Diketahui,2026-02-01,0,False,False
Molagit,Tablet,2024-01-01,150,True,False
Molagit,Tablet,2024-02-01,0,True,False
Molagit,Tablet,2024-03-01,0,False,False
Molagit,Tablet,2024-04-01,0,False,False
Molagit,Tablet,2024-05-01,0,False,False
Molagit,Tablet,2024-06-01,0,False,False
Molagit,Tablet,2024-07-01,0,False,False
Molagit,Tablet,2024-08-01,0,False,False
Molagit,Tablet,2024-09-01,0,True,False
Molagit,Tablet,2024-10-01,180,True,False
Molagit,Tablet,2024-11-01,270,True,False
Molagit,Tablet,2024-12-01,204,True,False
Molagit,Tablet,2025-01-01,346,True,False
Molagit,Tablet,2025-02-01,1676,True,False
Molagit,Tablet,2025-03-01,4,True,False
Molagit,Tablet,2025-04-01,922,False,True
Molagit,Tablet,2025-05-01,1840,True,False
Molagit,Tablet,2025-06-01,110,True,False
Molagit,Tablet,2025-07-01,450,True,False
Molagit,Tablet,2025-08-01,1190,True,False
Molagit,Tablet,2025-09-01,160,True,False
Molagit,Tablet,2025-10-01,610,True,False
Molagit,Tablet,2025-11-01,780,True,False
Molagit,Tablet,2025-12-01,470,True,False
Molagit,Tablet,2026-01-01,0,False,False
Molagit,Tablet,2026-02-01,0,False,False
Molakrim krim,Tidak Diketahui,2024-01-01,0,False,False
Molakrim krim,Tidak Diketahui,2024-02-01,0,False,False
Molakrim krim,Tidak Diketahui,2024-03-01,0,False,False
Molakrim krim,Tidak Diketahui,2024-04-01,0,False,False
Molakrim krim,Tidak Diketahui,2024-05-01,0,False,False
Molakrim krim,Tidak Diketahui,2024-06-01,0,False,False
Molakrim krim,Tidak Diketahui,2024-07-01,0,False,False
Molakrim krim,Tidak Diketahui,2024-08-01,0,False,False
Molakrim krim,Tidak Diketahui,2024-09-01,0,False,False
Molakrim krim,Tidak Diketahui,2024-10-01,0,False,False
Molakrim krim,Tidak Diketahui,2024-11-01,0,False,False
Molakrim krim,Tidak Diketahui,2024-12-01,0,False,False
Molakrim krim,Tidak Diketahui,2025-01-01,0,True,False
Molakrim krim,Tidak Diketahui,2025-02-01,0,True,False
Molakrim krim,Tidak Diketahui,2025-03-01,0,False,False
Molakrim krim,Tidak Diketahui,2025-04-01,0,False,True
Molakrim krim,Tidak Diketahui,2025-05-01,0,False,False
Molakrim krim,Tidak Diketahui,2025-06-01,0,False,False
Molakrim krim,Tidak Diketahui,2025-07-01,0,False,False
Molakrim krim,Tidak Diketahui,2025-08-01,0,False,False
Molakrim krim,Tidak Diketahui,2025-09-01,0,False,False
Molakrim krim,Tidak Diketahui,2025-10-01,0,False,False
Molakrim krim,Tidak Diketahui,2025-11-01,0,False,False
Molakrim krim,Tidak Diketahui,2025-12-01,0,False,False
Molakrim krim,Tidak Diketahui,2026-01-01,0,False,False
Molakrim krim,Tidak Diketahui,2026-02-01,0,False,False
Molakrim krim,Tube,2024-01-01,0,False,False
Molakrim krim,Tube,2024-02-01,0,False,False
Molakrim krim,Tube,2024-03-01,0,False,False
Molakrim krim,Tube,2024-04-01,0,False,False
Molakrim krim,Tube,2024-05-01,0,False,False
Molakrim krim,Tube,2024-06-01,0,False,False
Molakrim krim,Tube,2024-07-01,0,False,False
Molakrim krim,Tube,2024-08-01,0,False,False
Molakrim krim,Tube,2024-09-01,0,False,False
Molakrim krim,Tube,2024-10-01,0,False,False
Molakrim krim,Tube,2024-11-01,0,False,False
Molakrim krim,Tube,2024-12-01,0,False,False
Molakrim krim,Tube,2025-01-01,0,False,False
Molakrim krim,Tube,2025-02-01,0,False,False
Molakrim krim,Tube,2025-03-01,0,True,False
Molakrim krim,Tube,2025-04-01,1,False,True
Molakrim krim,Tube,2025-05-01,2,True,False
Molakrim krim,Tube,2025-06-01,1,True,False
Molakrim krim,Tube,2025-07-01,3,True,False
Molakrim krim,Tube,2025-08-01,1,True,False
Molakrim krim,Tube,2025-09-01,1,True,False
Molakrim krim,Tube,2025-10-01,0,True,False
Molakrim krim,Tube,2025-11-01,1,True,False
Molakrim krim,Tube,2025-12-01,0,True,False
Molakrim krim,Tube,2026-01-01,0,True,False
Molakrim krim,Tube,2026-02-01,7,True,False
Molakrim krim,Tube 30 G,2024-01-01,0,True,False
Molakrim krim,Tube 30 G,2024-02-01,0,True,False
Molakrim krim,Tube 30 G,2024-03-01,0,False,False
Molakrim krim,Tube 30 G,2024-04-01,0,False,False
Molakrim krim,Tube 30 G,2024-05-01,0,False,False
Molakrim krim,Tube 30 G,2024-06-01,0,False,False
Molakrim krim,Tube 30 G,2024-07-01,0,False,False
Molakrim krim,Tube 30 G,2024-08-01,0,False,False
Molakrim krim,Tube 30 G,2024-09-01,0,False,False
Molakrim krim,Tube 30 G,2024-10-01,0,False,False
Molakrim krim,Tube 30 G,2024-11-01,0,False,False
Molakrim krim,Tube 30 G,2024-12-01,0,False,False
Molakrim krim,Tube 30 G,2025-01-01,0,False,False
Molakrim krim,Tube 30 G,2025-02-01,0,False,False
Molakrim krim,Tube 30 G,2025-03-01,0,False,False
Molakrim krim,Tube 30 G,2025-04-01,0,False,True
Molakrim krim,Tube 30 G,2025-05-01,0,False,False
Molakrim krim,Tube 30 G,2025-06-01,0,False,False
Molakrim krim,Tube 30 G,2025-07-01,0,False,False
Molakrim krim,Tube 30 G,2025-08-01,0,False,False
Molakrim krim,Tube 30 G,2025-09-01,0,False,False
Molakrim krim,Tube 30 G,2025-10-01,0,False,False
Molakrim krim,Tube 30 G,2025-11-01,0,False,False
Molakrim krim,Tube 30 G,2025-12-01,0,False,False
Molakrim krim,Tube 30 G,2026-01-01,0,False,False
Molakrim krim,Tube 30 G,2026-02-01,0,False,False
Molexflu,Tablet,2024-01-01,2500,True,False
Molexflu,Tablet,2024-02-01,650,True,False
Molexflu,Tablet,2024-03-01,1050,True,False
Molexflu,Tablet,2024-04-01,3100,True,False
Molexflu,Tablet,2024-05-01,950,True,False
Molexflu,Tablet,2024-06-01,300,True,False
Molexflu,Tablet,2024-07-01,2750,True,False
Molexflu,Tablet,2024-08-01,100,True,False
Molexflu,Tablet,2024-09-01,828,True,False
Molexflu,Tablet,2024-10-01,894,True,False
Molexflu,Tablet,2024-11-01,1528,True,False
Molexflu,Tablet,2024-12-01,700,True,False
Molexflu,Tablet,2025-01-01,2086,True,False
Molexflu,Tablet,2025-02-01,2190,True,False
Molexflu,Tablet,2025-03-01,930,True,False
Molexflu,Tablet,2025-04-01,663,False,True
Molexflu,Tablet,2025-05-01,396,True,False
Molexflu,Tablet,2025-06-01,288,True,False
Molexflu,Tablet,2025-07-01,718,True,False
Molexflu,Tablet,2025-08-01,536,True,False
Molexflu,Tablet,2025-09-01,2160,True,False
Molexflu,Tablet,2025-10-01,680,True,False
Molexflu,Tablet,2025-11-01,1110,True,False
Molexflu,Tablet,2025-12-01,703,True,False
Molexflu,Tablet,2026-01-01,972,True,False
Molexflu,Tablet,2026-02-01,1329,True,False
Molexflu sirup,Tidak Diketahui,2024-01-01,0,False,False
Molexflu sirup,Tidak Diketahui,2024-02-01,0,False,False
Molexflu sirup,Tidak Diketahui,2024-03-01,0,False,False
Molexflu sirup,Tidak Diketahui,2024-04-01,0,False,False
Molexflu sirup,Tidak Diketahui,2024-05-01,0,False,False
Molexflu sirup,Tidak Diketahui,2024-06-01,0,False,False
Molexflu sirup,Tidak Diketahui,2024-07-01,0,False,False
Molexflu sirup,Tidak Diketahui,2024-08-01,0,False,False
Molexflu sirup,Tidak Diketahui,2024-09-01,0,False,False
Molexflu sirup,Tidak Diketahui,2024-10-01,0,False,False
Molexflu sirup,Tidak Diketahui,2024-11-01,0,False,False
Molexflu sirup,Tidak Diketahui,2024-12-01,0,False,False
Molexflu sirup,Tidak Diketahui,2025-01-01,0,True,False
Molexflu sirup,Tidak Diketahui,2025-02-01,0,True,False
Molexflu sirup,Tidak Diketahui,2025-03-01,0,True,False
Molexflu sirup,Tidak Diketahui,2025-04-01,0,False,True
Molexflu sirup,Tidak Diketahui,2025-05-01,0,True,False
Molexflu sirup,Tidak Diketahui,2025-06-01,0,True,False
Molexflu sirup,Tidak Diketahui,2025-07-01,0,True,False
Molexflu sirup,Tidak Diketahui,2025-08-01,0,True,False
Molexflu sirup,Tidak Diketahui,2025-09-01,0,True,False
Molexflu sirup,Tidak Diketahui,2025-10-01,0,True,False
Molexflu sirup,Tidak Diketahui,2025-11-01,0,True,False
Molexflu sirup,Tidak Diketahui,2025-12-01,0,True,False
Molexflu sirup,Tidak Diketahui,2026-01-01,0,False,False
Molexflu sirup,Tidak Diketahui,2026-02-01,0,False,False
Moxifloxacin 400 mg,Tablet,2024-01-01,0,False,False
Moxifloxacin 400 mg,Tablet,2024-02-01,0,False,False
Moxifloxacin 400 mg,Tablet,2024-03-01,0,False,False
Moxifloxacin 400 mg,Tablet,2024-04-01,0,False,False
Moxifloxacin 400 mg,Tablet,2024-05-01,0,False,False
Moxifloxacin 400 mg,Tablet,2024-06-01,0,False,False
Moxifloxacin 400 mg,Tablet,2024-07-01,0,False,False
Moxifloxacin 400 mg,Tablet,2024-08-01,0,False,False
Moxifloxacin 400 mg,Tablet,2024-09-01,0,False,False
Moxifloxacin 400 mg,Tablet,2024-10-01,0,False,False
Moxifloxacin 400 mg,Tablet,2024-11-01,87,True,False
Moxifloxacin 400 mg,Tablet,2024-12-01,0,True,False
Moxifloxacin 400 mg,Tablet,2025-01-01,31,True,False
Moxifloxacin 400 mg,Tablet,2025-02-01,0,True,False
Moxifloxacin 400 mg,Tablet,2025-03-01,0,True,False
Moxifloxacin 400 mg,Tablet,2025-04-01,0,False,True
Moxifloxacin 400 mg,Tablet,2025-05-01,0,True,False
Moxifloxacin 400 mg,Tablet,2025-06-01,209,True,False
Moxifloxacin 400 mg,Tablet,2025-07-01,20,True,False
Moxifloxacin 400 mg,Tablet,2025-08-01,0,True,False
Moxifloxacin 400 mg,Tablet,2025-09-01,0,True,False
Moxifloxacin 400 mg,Tablet,2025-10-01,0,True,False
Moxifloxacin 400 mg,Tablet,2025-11-01,0,True,False
Moxifloxacin 400 mg,Tablet,2025-12-01,100,True,False
Moxifloxacin 400 mg,Tablet,2026-01-01,0,False,False
Moxifloxacin 400 mg,Tablet,2026-02-01,0,False,False
"Na. Klorida 0,9% piggy bag",Botol,2024-01-01,0,False,False
"Na. Klorida 0,9% piggy bag",Botol,2024-02-01,0,False,False
"Na. Klorida 0,9% piggy bag",Botol,2024-03-01,0,False,False
"Na. Klorida 0,9% piggy bag",Botol,2024-04-01,0,False,False
"Na. Klorida 0,9% piggy bag",Botol,2024-05-01,0,False,False
"Na. Klorida 0,9% piggy bag",Botol,2024-06-01,0,False,False
"Na. Klorida 0,9% piggy bag",Botol,2024-07-01,0,False,False
"Na. Klorida 0,9% piggy bag",Botol,2024-08-01,0,False,False
"Na. Klorida 0,9% piggy bag",Botol,2024-09-01,0,False,False
"Na. Klorida 0,9% piggy bag",Botol,2024-10-01,0,False,False
"Na. Klorida 0,9% piggy bag",Botol,2024-11-01,0,False,False
"Na. Klorida 0,9% piggy bag",Botol,2024-12-01,0,False,False
"Na. Klorida 0,9% piggy bag",Botol,2025-01-01,0,True,False
"Na. Klorida 0,9% piggy bag",Botol,2025-02-01,21,True,False
"Na. Klorida 0,9% piggy bag",Botol,2025-03-01,0,True,False
"Na. Klorida 0,9% piggy bag",Botol,2025-04-01,0,False,True
"Na. Klorida 0,9% piggy bag",Botol,2025-05-01,1,True,False
"Na. Klorida 0,9% piggy bag",Botol,2025-06-01,2,True,False
"Na. Klorida 0,9% piggy bag",Botol,2025-07-01,1,True,False
"Na. Klorida 0,9% piggy bag",Botol,2025-08-01,4,True,False
"Na. Klorida 0,9% piggy bag",Botol,2025-09-01,1,True,False
"Na. Klorida 0,9% piggy bag",Botol,2025-10-01,4,True,False
"Na. Klorida 0,9% piggy bag",Botol,2025-11-01,3,True,False
"Na. Klorida 0,9% piggy bag",Botol,2025-12-01,0,True,False
"Na. Klorida 0,9% piggy bag",Botol,2026-01-01,2,True,False
"Na. Klorida 0,9% piggy bag",Botol,2026-02-01,0,True,False
NaCl diluent 9%,Tidak Diketahui,2024-01-01,0,False,False
NaCl diluent 9%,Tidak Diketahui,2024-02-01,0,False,False
NaCl diluent 9%,Tidak Diketahui,2024-03-01,0,False,False
NaCl diluent 9%,Tidak Diketahui,2024-04-01,0,False,False
NaCl diluent 9%,Tidak Diketahui,2024-05-01,0,False,False
NaCl diluent 9%,Tidak Diketahui,2024-06-01,0,False,False
NaCl diluent 9%,Tidak Diketahui,2024-07-01,0,False,False
NaCl diluent 9%,Tidak Diketahui,2024-08-01,0,False,False
NaCl diluent 9%,Tidak Diketahui,2024-09-01,0,False,False
NaCl diluent 9%,Tidak Diketahui,2024-10-01,0,False,False
NaCl diluent 9%,Tidak Diketahui,2024-11-01,0,False,False
NaCl diluent 9%,Tidak Diketahui,2024-12-01,0,False,False
NaCl diluent 9%,Tidak Diketahui,2025-01-01,0,True,False
NaCl diluent 9%,Tidak Diketahui,2025-02-01,0,True,False
NaCl diluent 9%,Tidak Diketahui,2025-03-01,0,True,False
NaCl diluent 9%,Tidak Diketahui,2025-04-01,0,False,True
NaCl diluent 9%,Tidak Diketahui,2025-05-01,0,True,False
NaCl diluent 9%,Tidak Diketahui,2025-06-01,0,True,False
NaCl diluent 9%,Tidak Diketahui,2025-07-01,0,True,False
NaCl diluent 9%,Tidak Diketahui,2025-08-01,0,True,False
NaCl diluent 9%,Tidak Diketahui,2025-09-01,0,True,False
NaCl diluent 9%,Tidak Diketahui,2025-10-01,0,True,False
NaCl diluent 9%,Tidak Diketahui,2025-11-01,0,True,False
NaCl diluent 9%,Tidak Diketahui,2025-12-01,0,True,False
NaCl diluent 9%,Tidak Diketahui,2026-01-01,0,False,False
NaCl diluent 9%,Tidak Diketahui,2026-02-01,0,False,False
Nacl 0.9 % 500 ml,Botol,2024-01-01,0,True,False
Nacl 0.9 % 500 ml,Botol,2024-02-01,0,True,False
Nacl 0.9 % 500 ml,Botol,2024-03-01,0,False,False
Nacl 0.9 % 500 ml,Botol,2024-04-01,0,False,False
Nacl 0.9 % 500 ml,Botol,2024-05-01,0,False,False
Nacl 0.9 % 500 ml,Botol,2024-06-01,0,False,False
Nacl 0.9 % 500 ml,Botol,2024-07-01,0,False,False
Nacl 0.9 % 500 ml,Botol,2024-08-01,0,False,False
Nacl 0.9 % 500 ml,Botol,2024-09-01,0,False,False
Nacl 0.9 % 500 ml,Botol,2024-10-01,0,False,False
Nacl 0.9 % 500 ml,Botol,2024-11-01,0,False,False
Nacl 0.9 % 500 ml,Botol,2024-12-01,0,False,False
Nacl 0.9 % 500 ml,Botol,2025-01-01,0,False,False
Nacl 0.9 % 500 ml,Botol,2025-02-01,0,False,False
Nacl 0.9 % 500 ml,Botol,2025-03-01,0,False,False
Nacl 0.9 % 500 ml,Botol,2025-04-01,0,False,True
Nacl 0.9 % 500 ml,Botol,2025-05-01,0,False,False
Nacl 0.9 % 500 ml,Botol,2025-06-01,0,False,False
Nacl 0.9 % 500 ml,Botol,2025-07-01,0,False,False
Nacl 0.9 % 500 ml,Botol,2025-08-01,0,False,False
Nacl 0.9 % 500 ml,Botol,2025-09-01,0,False,False
Nacl 0.9 % 500 ml,Botol,2025-10-01,0,False,False
Nacl 0.9 % 500 ml,Botol,2025-11-01,0,False,False
Nacl 0.9 % 500 ml,Botol,2025-12-01,0,False,False
Nacl 0.9 % 500 ml,Botol,2026-01-01,0,False,False
Nacl 0.9 % 500 ml,Botol,2026-02-01,0,False,False
Natrium Diklofenak 50 mg,Tablet,2024-01-01,410,True,False
Natrium Diklofenak 50 mg,Tablet,2024-02-01,1660,True,False
Natrium Diklofenak 50 mg,Tablet,2024-03-01,150,True,False
Natrium Diklofenak 50 mg,Tablet,2024-04-01,1050,True,False
Natrium Diklofenak 50 mg,Tablet,2024-05-01,2100,True,False
Natrium Diklofenak 50 mg,Tablet,2024-06-01,1240,True,False
Natrium Diklofenak 50 mg,Tablet,2024-07-01,2450,True,False
Natrium Diklofenak 50 mg,Tablet,2024-08-01,2210,True,False
Natrium Diklofenak 50 mg,Tablet,2024-09-01,1200,True,False
Natrium Diklofenak 50 mg,Tablet,2024-10-01,3110,True,False
Natrium Diklofenak 50 mg,Tablet,2024-11-01,530,True,False
Natrium Diklofenak 50 mg,Tablet,2024-12-01,1660,True,False
Natrium Diklofenak 50 mg,Tablet,2025-01-01,0,False,False
Natrium Diklofenak 50 mg,Tablet,2025-02-01,0,False,False
Natrium Diklofenak 50 mg,Tablet,2025-03-01,0,False,False
Natrium Diklofenak 50 mg,Tablet,2025-04-01,0,False,True
Natrium Diklofenak 50 mg,Tablet,2025-05-01,0,False,False
Natrium Diklofenak 50 mg,Tablet,2025-06-01,0,False,False
Natrium Diklofenak 50 mg,Tablet,2025-07-01,0,False,False
Natrium Diklofenak 50 mg,Tablet,2025-08-01,0,False,False
Natrium Diklofenak 50 mg,Tablet,2025-09-01,0,False,False
Natrium Diklofenak 50 mg,Tablet,2025-10-01,0,False,False
Natrium Diklofenak 50 mg,Tablet,2025-11-01,0,False,False
Natrium Diklofenak 50 mg,Tablet,2025-12-01,0,False,False
Natrium Diklofenak 50 mg,Tablet,2026-01-01,0,False,False
Natrium Diklofenak 50 mg,Tablet,2026-02-01,0,False,False
"Natrium klorida 0,9% NaCl 100 ml",Botol,2024-01-01,0,True,False
"Natrium klorida 0,9% NaCl 100 ml",Botol,2024-02-01,1,True,False
"Natrium klorida 0,9% NaCl 100 ml",Botol,2024-03-01,2,True,False
"Natrium klorida 0,9% NaCl 100 ml",Botol,2024-04-01,0,True,False
"Natrium klorida 0,9% NaCl 100 ml",Botol,2024-05-01,1,True,False
"Natrium klorida 0,9% NaCl 100 ml",Botol,2024-06-01,2,True,False
"Natrium klorida 0,9% NaCl 100 ml",Botol,2024-07-01,1,True,False
"Natrium klorida 0,9% NaCl 100 ml",Botol,2024-08-01,0,True,False
"Natrium klorida 0,9% NaCl 100 ml",Botol,2024-09-01,0,True,False
"Natrium klorida 0,9% NaCl 100 ml",Botol,2024-10-01,0,True,False
"Natrium klorida 0,9% NaCl 100 ml",Botol,2024-11-01,0,True,False
"Natrium klorida 0,9% NaCl 100 ml",Botol,2024-12-01,0,True,False
"Natrium klorida 0,9% NaCl 100 ml",Botol,2025-01-01,0,False,False
"Natrium klorida 0,9% NaCl 100 ml",Botol,2025-02-01,0,False,False
"Natrium klorida 0,9% NaCl 100 ml",Botol,2025-03-01,0,False,False
"Natrium klorida 0,9% NaCl 100 ml",Botol,2025-04-01,0,False,True
"Natrium klorida 0,9% NaCl 100 ml",Botol,2025-05-01,0,False,False
"Natrium klorida 0,9% NaCl 100 ml",Botol,2025-06-01,0,False,False
"Natrium klorida 0,9% NaCl 100 ml",Botol,2025-07-01,0,False,False
"Natrium klorida 0,9% NaCl 100 ml",Botol,2025-08-01,0,False,False
"Natrium klorida 0,9% NaCl 100 ml",Botol,2025-09-01,0,False,False
"Natrium klorida 0,9% NaCl 100 ml",Botol,2025-10-01,0,False,False
"Natrium klorida 0,9% NaCl 100 ml",Botol,2025-11-01,0,False,False
"Natrium klorida 0,9% NaCl 100 ml",Botol,2025-12-01,0,False,False
"Natrium klorida 0,9% NaCl 100 ml",Botol,2026-01-01,0,False,False
"Natrium klorida 0,9% NaCl 100 ml",Botol,2026-02-01,0,False,False
"Natrium klorida 0,9% NaCl 500 ml",Botol,2024-01-01,7,True,False
"Natrium klorida 0,9% NaCl 500 ml",Botol,2024-02-01,12,True,False
"Natrium klorida 0,9% NaCl 500 ml",Botol,2024-03-01,1,True,False
"Natrium klorida 0,9% NaCl 500 ml",Botol,2024-04-01,0,True,False
"Natrium klorida 0,9% NaCl 500 ml",Botol,2024-05-01,0,True,False
"Natrium klorida 0,9% NaCl 500 ml",Botol,2024-06-01,19,True,False
"Natrium klorida 0,9% NaCl 500 ml",Botol,2024-07-01,3,True,False
"Natrium klorida 0,9% NaCl 500 ml",Botol,2024-08-01,0,True,False
"Natrium klorida 0,9% NaCl 500 ml",Botol,2024-09-01,0,True,False
"Natrium klorida 0,9% NaCl 500 ml",Botol,2024-10-01,7,True,False
"Natrium klorida 0,9% NaCl 500 ml",Botol,2024-11-01,2,True,False
"Natrium klorida 0,9% NaCl 500 ml",Botol,2024-12-01,8,True,False
"Natrium klorida 0,9% NaCl 500 ml",Botol,2025-01-01,0,False,False
"Natrium klorida 0,9% NaCl 500 ml",Botol,2025-02-01,0,False,False
"Natrium klorida 0,9% NaCl 500 ml",Botol,2025-03-01,0,False,False
"Natrium klorida 0,9% NaCl 500 ml",Botol,2025-04-01,0,False,True
"Natrium klorida 0,9% NaCl 500 ml",Botol,2025-05-01,0,False,False
"Natrium klorida 0,9% NaCl 500 ml",Botol,2025-06-01,0,False,False
"Natrium klorida 0,9% NaCl 500 ml",Botol,2025-07-01,0,False,False
"Natrium klorida 0,9% NaCl 500 ml",Botol,2025-08-01,0,False,False
"Natrium klorida 0,9% NaCl 500 ml",Botol,2025-09-01,0,False,False
"Natrium klorida 0,9% NaCl 500 ml",Botol,2025-10-01,0,False,False
"Natrium klorida 0,9% NaCl 500 ml",Botol,2025-11-01,0,False,False
"Natrium klorida 0,9% NaCl 500 ml",Botol,2025-12-01,0,False,False
"Natrium klorida 0,9% NaCl 500 ml",Botol,2026-01-01,0,False,False
"Natrium klorida 0,9% NaCl 500 ml",Botol,2026-02-01,0,False,False
Neo Diaform,Tablet,2024-01-01,0,False,False
Neo Diaform,Tablet,2024-02-01,0,False,False
Neo Diaform,Tablet,2024-03-01,0,False,False
Neo Diaform,Tablet,2024-04-01,0,False,False
Neo Diaform,Tablet,2024-05-01,0,False,False
Neo Diaform,Tablet,2024-06-01,0,False,False
Neo Diaform,Tablet,2024-07-01,0,False,False
Neo Diaform,Tablet,2024-08-01,0,False,False
Neo Diaform,Tablet,2024-09-01,0,False,False
Neo Diaform,Tablet,2024-10-01,0,False,False
Neo Diaform,Tablet,2024-11-01,0,False,False
Neo Diaform,Tablet,2024-12-01,0,False,False
Neo Diaform,Tablet,2025-01-01,0,True,False
Neo Diaform,Tablet,2025-02-01,0,True,False
Neo Diaform,Tablet,2025-03-01,0,True,False
Neo Diaform,Tablet,2025-04-01,0,False,True
Neo Diaform,Tablet,2025-05-01,0,True,False
Neo Diaform,Tablet,2025-06-01,0,True,False
Neo Diaform,Tablet,2025-07-01,0,True,False
Neo Diaform,Tablet,2025-08-01,0,True,False
Neo Diaform,Tablet,2025-09-01,0,True,False
Neo Diaform,Tablet,2025-10-01,0,True,False
Neo Diaform,Tablet,2025-11-01,0,True,False
Neo Diaform,Tablet,2025-12-01,0,True,False
Neo Diaform,Tablet,2026-01-01,0,False,False
Neo Diaform,Tablet,2026-02-01,0,False,False
Neo Kaolana / Neo Kaominal suspensi,Botol,2024-01-01,5,True,False
Neo Kaolana / Neo Kaominal suspensi,Botol,2024-02-01,0,True,False
Neo Kaolana / Neo Kaominal suspensi,Botol,2024-03-01,0,True,False
Neo Kaolana / Neo Kaominal suspensi,Botol,2024-04-01,0,True,False
Neo Kaolana / Neo Kaominal suspensi,Botol,2024-05-01,0,True,False
Neo Kaolana / Neo Kaominal suspensi,Botol,2024-06-01,0,True,False
Neo Kaolana / Neo Kaominal suspensi,Botol,2024-07-01,0,True,False
Neo Kaolana / Neo Kaominal suspensi,Botol,2024-08-01,0,True,False
Neo Kaolana / Neo Kaominal suspensi,Botol,2024-09-01,0,True,False
Neo Kaolana / Neo Kaominal suspensi,Botol,2024-10-01,0,True,False
Neo Kaolana / Neo Kaominal suspensi,Botol,2024-11-01,0,True,False
Neo Kaolana / Neo Kaominal suspensi,Botol,2024-12-01,0,True,False
Neo Kaolana / Neo Kaominal suspensi,Botol,2025-01-01,0,True,False
Neo Kaolana / Neo Kaominal suspensi,Botol,2025-02-01,0,True,False
Neo Kaolana / Neo Kaominal suspensi,Botol,2025-03-01,0,True,False
Neo Kaolana / Neo Kaominal suspensi,Botol,2025-04-01,0,False,True
Neo Kaolana / Neo Kaominal suspensi,Botol,2025-05-01,0,False,False
Neo Kaolana / Neo Kaominal suspensi,Botol,2025-06-01,0,False,False
Neo Kaolana / Neo Kaominal suspensi,Botol,2025-07-01,0,False,False
Neo Kaolana / Neo Kaominal suspensi,Botol,2025-08-01,0,False,False
Neo Kaolana / Neo Kaominal suspensi,Botol,2025-09-01,0,False,False
Neo Kaolana / Neo Kaominal suspensi,Botol,2025-10-01,0,False,False
Neo Kaolana / Neo Kaominal suspensi,Botol,2025-11-01,0,False,False
Neo Kaolana / Neo Kaominal suspensi,Botol,2025-12-01,0,False,False
Neo Kaolana / Neo Kaominal suspensi,Botol,2026-01-01,0,False,False
Neo Kaolana / Neo Kaominal suspensi,Botol,2026-02-01,0,False,False
Neurosanbe 5000 / Mersibion,Tablet,2024-01-01,0,False,False
Neurosanbe 5000 / Mersibion,Tablet,2024-02-01,0,False,False
Neurosanbe 5000 / Mersibion,Tablet,2024-03-01,0,False,False
Neurosanbe 5000 / Mersibion,Tablet,2024-04-01,0,False,False
Neurosanbe 5000 / Mersibion,Tablet,2024-05-01,0,False,False
Neurosanbe 5000 / Mersibion,Tablet,2024-06-01,0,False,False
Neurosanbe 5000 / Mersibion,Tablet,2024-07-01,0,False,False
Neurosanbe 5000 / Mersibion,Tablet,2024-08-01,0,False,False
Neurosanbe 5000 / Mersibion,Tablet,2024-09-01,0,False,False
Neurosanbe 5000 / Mersibion,Tablet,2024-10-01,0,False,False
Neurosanbe 5000 / Mersibion,Tablet,2024-11-01,0,False,False
Neurosanbe 5000 / Mersibion,Tablet,2024-12-01,0,False,False
Neurosanbe 5000 / Mersibion,Tablet,2025-01-01,0,True,False
Neurosanbe 5000 / Mersibion,Tablet,2025-02-01,0,True,False
Neurosanbe 5000 / Mersibion,Tablet,2025-03-01,0,True,False
Neurosanbe 5000 / Mersibion,Tablet,2025-04-01,0,False,True
Neurosanbe 5000 / Mersibion,Tablet,2025-05-01,0,True,False
Neurosanbe 5000 / Mersibion,Tablet,2025-06-01,0,True,False
Neurosanbe 5000 / Mersibion,Tablet,2025-07-01,0,True,False
Neurosanbe 5000 / Mersibion,Tablet,2025-08-01,0,True,False
Neurosanbe 5000 / Mersibion,Tablet,2025-09-01,0,True,False
Neurosanbe 5000 / Mersibion,Tablet,2025-10-01,0,True,False
Neurosanbe 5000 / Mersibion,Tablet,2025-11-01,0,True,False
Neurosanbe 5000 / Mersibion,Tablet,2025-12-01,0,True,False
Neurosanbe 5000 / Mersibion,Tablet,2026-01-01,0,False,False
Neurosanbe 5000 / Mersibion,Tablet,2026-02-01,0,False,False
Neurosanbe Plus / Pritagesic,Tidak Diketahui,2024-01-01,0,False,False
Neurosanbe Plus / Pritagesic,Tidak Diketahui,2024-02-01,0,False,False
Neurosanbe Plus / Pritagesic,Tidak Diketahui,2024-03-01,0,False,False
Neurosanbe Plus / Pritagesic,Tidak Diketahui,2024-04-01,0,False,False
Neurosanbe Plus / Pritagesic,Tidak Diketahui,2024-05-01,0,False,False
Neurosanbe Plus / Pritagesic,Tidak Diketahui,2024-06-01,0,False,False
Neurosanbe Plus / Pritagesic,Tidak Diketahui,2024-07-01,0,False,False
Neurosanbe Plus / Pritagesic,Tidak Diketahui,2024-08-01,0,False,False
Neurosanbe Plus / Pritagesic,Tidak Diketahui,2024-09-01,0,False,False
Neurosanbe Plus / Pritagesic,Tidak Diketahui,2024-10-01,0,False,False
Neurosanbe Plus / Pritagesic,Tidak Diketahui,2024-11-01,0,False,False
Neurosanbe Plus / Pritagesic,Tidak Diketahui,2024-12-01,0,False,False
Neurosanbe Plus / Pritagesic,Tidak Diketahui,2025-01-01,0,True,False
Neurosanbe Plus / Pritagesic,Tidak Diketahui,2025-02-01,0,True,False
Neurosanbe Plus / Pritagesic,Tidak Diketahui,2025-03-01,0,True,False
Neurosanbe Plus / Pritagesic,Tidak Diketahui,2025-04-01,0,False,True
Neurosanbe Plus / Pritagesic,Tidak Diketahui,2025-05-01,0,True,False
Neurosanbe Plus / Pritagesic,Tidak Diketahui,2025-06-01,0,True,False
Neurosanbe Plus / Pritagesic,Tidak Diketahui,2025-07-01,0,True,False
Neurosanbe Plus / Pritagesic,Tidak Diketahui,2025-08-01,0,True,False
Neurosanbe Plus / Pritagesic,Tidak Diketahui,2025-09-01,0,True,False
Neurosanbe Plus / Pritagesic,Tidak Diketahui,2025-10-01,0,True,False
Neurosanbe Plus / Pritagesic,Tidak Diketahui,2025-11-01,0,True,False
Neurosanbe Plus / Pritagesic,Tidak Diketahui,2025-12-01,0,True,False
Neurosanbe Plus / Pritagesic,Tidak Diketahui,2026-01-01,0,False,False
Neurosanbe Plus / Pritagesic,Tidak Diketahui,2026-02-01,0,False,False
Neurosanbe inj / Mersibion,Tablet,2024-01-01,0,False,False
Neurosanbe inj / Mersibion,Tablet,2024-02-01,0,False,False
Neurosanbe inj / Mersibion,Tablet,2024-03-01,0,False,False
Neurosanbe inj / Mersibion,Tablet,2024-04-01,0,False,False
Neurosanbe inj / Mersibion,Tablet,2024-05-01,0,False,False
Neurosanbe inj / Mersibion,Tablet,2024-06-01,0,False,False
Neurosanbe inj / Mersibion,Tablet,2024-07-01,0,False,False
Neurosanbe inj / Mersibion,Tablet,2024-08-01,0,False,False
Neurosanbe inj / Mersibion,Tablet,2024-09-01,0,False,False
Neurosanbe inj / Mersibion,Tablet,2024-10-01,0,False,False
Neurosanbe inj / Mersibion,Tablet,2024-11-01,0,False,False
Neurosanbe inj / Mersibion,Tablet,2024-12-01,0,False,False
Neurosanbe inj / Mersibion,Tablet,2025-01-01,0,True,False
Neurosanbe inj / Mersibion,Tablet,2025-02-01,0,True,False
Neurosanbe inj / Mersibion,Tablet,2025-03-01,0,True,False
Neurosanbe inj / Mersibion,Tablet,2025-04-01,0,False,True
Neurosanbe inj / Mersibion,Tablet,2025-05-01,0,True,False
Neurosanbe inj / Mersibion,Tablet,2025-06-01,0,True,False
Neurosanbe inj / Mersibion,Tablet,2025-07-01,0,True,False
Neurosanbe inj / Mersibion,Tablet,2025-08-01,0,True,False
Neurosanbe inj / Mersibion,Tablet,2025-09-01,0,True,False
Neurosanbe inj / Mersibion,Tablet,2025-10-01,0,True,False
Neurosanbe inj / Mersibion,Tablet,2025-11-01,0,True,False
Neurosanbe inj / Mersibion,Tablet,2025-12-01,0,True,False
Neurosanbe inj / Mersibion,Tablet,2026-01-01,0,True,False
Neurosanbe inj / Mersibion,Tablet,2026-02-01,0,True,False
Neurosanbe tab / Ifibion,Tidak Diketahui,2024-01-01,0,False,False
Neurosanbe tab / Ifibion,Tidak Diketahui,2024-02-01,0,False,False
Neurosanbe tab / Ifibion,Tidak Diketahui,2024-03-01,0,False,False
Neurosanbe tab / Ifibion,Tidak Diketahui,2024-04-01,0,False,False
Neurosanbe tab / Ifibion,Tidak Diketahui,2024-05-01,0,False,False
Neurosanbe tab / Ifibion,Tidak Diketahui,2024-06-01,0,False,False
Neurosanbe tab / Ifibion,Tidak Diketahui,2024-07-01,0,False,False
Neurosanbe tab / Ifibion,Tidak Diketahui,2024-08-01,0,False,False
Neurosanbe tab / Ifibion,Tidak Diketahui,2024-09-01,0,False,False
Neurosanbe tab / Ifibion,Tidak Diketahui,2024-10-01,0,False,False
Neurosanbe tab / Ifibion,Tidak Diketahui,2024-11-01,0,False,False
Neurosanbe tab / Ifibion,Tidak Diketahui,2024-12-01,0,False,False
Neurosanbe tab / Ifibion,Tidak Diketahui,2025-01-01,0,True,False
Neurosanbe tab / Ifibion,Tidak Diketahui,2025-02-01,0,True,False
Neurosanbe tab / Ifibion,Tidak Diketahui,2025-03-01,0,True,False
Neurosanbe tab / Ifibion,Tidak Diketahui,2025-04-01,0,False,True
Neurosanbe tab / Ifibion,Tidak Diketahui,2025-05-01,0,True,False
Neurosanbe tab / Ifibion,Tidak Diketahui,2025-06-01,0,True,False
Neurosanbe tab / Ifibion,Tidak Diketahui,2025-07-01,0,True,False
Neurosanbe tab / Ifibion,Tidak Diketahui,2025-08-01,0,True,False
Neurosanbe tab / Ifibion,Tidak Diketahui,2025-09-01,0,True,False
Neurosanbe tab / Ifibion,Tidak Diketahui,2025-10-01,0,True,False
Neurosanbe tab / Ifibion,Tidak Diketahui,2025-11-01,0,True,False
Neurosanbe tab / Ifibion,Tidak Diketahui,2025-12-01,0,True,False
Neurosanbe tab / Ifibion,Tidak Diketahui,2026-01-01,0,False,False
Neurosanbe tab / Ifibion,Tidak Diketahui,2026-02-01,0,False,False
Nevirapine 200 mg,Tablet,2024-01-01,0,True,False
Nevirapine 200 mg,Tablet,2024-02-01,0,True,False
Nevirapine 200 mg,Tablet,2024-03-01,0,False,False
Nevirapine 200 mg,Tablet,2024-04-01,0,False,False
Nevirapine 200 mg,Tablet,2024-05-01,0,False,False
Nevirapine 200 mg,Tablet,2024-06-01,0,False,False
Nevirapine 200 mg,Tablet,2024-07-01,0,False,False
Nevirapine 200 mg,Tablet,2024-08-01,0,False,False
Nevirapine 200 mg,Tablet,2024-09-01,0,False,False
Nevirapine 200 mg,Tablet,2024-10-01,0,False,False
Nevirapine 200 mg,Tablet,2024-11-01,0,False,False
Nevirapine 200 mg,Tablet,2024-12-01,0,False,False
Nevirapine 200 mg,Tablet,2025-01-01,0,False,False
Nevirapine 200 mg,Tablet,2025-02-01,0,False,False
Nevirapine 200 mg,Tablet,2025-03-01,0,False,False
Nevirapine 200 mg,Tablet,2025-04-01,0,False,True
Nevirapine 200 mg,Tablet,2025-05-01,0,False,False
Nevirapine 200 mg,Tablet,2025-06-01,0,False,False
Nevirapine 200 mg,Tablet,2025-07-01,0,False,False
Nevirapine 200 mg,Tablet,2025-08-01,0,False,False
Nevirapine 200 mg,Tablet,2025-09-01,0,False,False
Nevirapine 200 mg,Tablet,2025-10-01,0,False,False
Nevirapine 200 mg,Tablet,2025-11-01,0,False,False
Nevirapine 200 mg,Tablet,2025-12-01,0,False,False
Nevirapine 200 mg,Tablet,2026-01-01,0,False,False
Nevirapine 200 mg,Tablet,2026-02-01,0,False,False
Nichofed,Tablet,2024-01-01,60,True,False
Nichofed,Tablet,2024-02-01,150,True,False
Nichofed,Tablet,2024-03-01,340,True,False
Nichofed,Tablet,2024-04-01,200,True,False
Nichofed,Tablet,2024-05-01,140,True,False
Nichofed,Tablet,2024-06-01,0,True,False
Nichofed,Tablet,2024-07-01,80,True,False
Nichofed,Tablet,2024-08-01,90,True,False
Nichofed,Tablet,2024-09-01,40,True,False
Nichofed,Tablet,2024-10-01,50,True,False
Nichofed,Tablet,2024-11-01,0,True,False
Nichofed,Tablet,2024-12-01,90,True,False
Nichofed,Tablet,2025-01-01,0,False,False
Nichofed,Tablet,2025-02-01,0,False,False
Nichofed,Tablet,2025-03-01,0,False,False
Nichofed,Tablet,2025-04-01,0,False,True
Nichofed,Tablet,2025-05-01,0,False,False
Nichofed,Tablet,2025-06-01,0,False,False
Nichofed,Tablet,2025-07-01,0,False,False
Nichofed,Tablet,2025-08-01,0,False,False
Nichofed,Tablet,2025-09-01,0,False,False
Nichofed,Tablet,2025-10-01,0,False,False
Nichofed,Tablet,2025-11-01,0,False,False
Nichofed,Tablet,2025-12-01,0,False,False
Nichofed,Tablet,2026-01-01,0,False,False
Nichofed,Tablet,2026-02-01,0,False,False
Nifedipin 10 mg,Tablet,2024-01-01,100,True,False
Nifedipin 10 mg,Tablet,2024-02-01,0,True,False
Nifedipin 10 mg,Tablet,2024-03-01,70,True,False
Nifedipin 10 mg,Tablet,2024-04-01,0,True,False
Nifedipin 10 mg,Tablet,2024-05-01,30,True,False
Nifedipin 10 mg,Tablet,2024-06-01,90,True,False
Nifedipin 10 mg,Tablet,2024-07-01,190,True,False
Nifedipin 10 mg,Tablet,2024-08-01,280,True,False
Nifedipin 10 mg,Tablet,2024-09-01,250,True,False
Nifedipin 10 mg,Tablet,2024-10-01,650,True,False
Nifedipin 10 mg,Tablet,2024-11-01,260,True,False
Nifedipin 10 mg,Tablet,2024-12-01,250,True,False
Nifedipin 10 mg,Tablet,2025-01-01,230,True,False
Nifedipin 10 mg,Tablet,2025-02-01,190,True,False
Nifedipin 10 mg,Tablet,2025-03-01,10,True,False
Nifedipin 10 mg,Tablet,2025-04-01,195,False,True
Nifedipin 10 mg,Tablet,2025-05-01,380,True,False
Nifedipin 10 mg,Tablet,2025-06-01,290,True,False
Nifedipin 10 mg,Tablet,2025-07-01,130,True,False
Nifedipin 10 mg,Tablet,2025-08-01,130,True,False
Nifedipin 10 mg,Tablet,2025-09-01,300,True,False
Nifedipin 10 mg,Tablet,2025-10-01,250,True,False
Nifedipin 10 mg,Tablet,2025-11-01,130,True,False
Nifedipin 10 mg,Tablet,2025-12-01,120,True,False
Nifedipin 10 mg,Tablet,2026-01-01,70,True,False
Nifedipin 10 mg,Tablet,2026-02-01,250,True,False
Nifedipin GITS (Adalat Oros) 30 mg,Tidak Diketahui,2024-01-01,0,False,False
Nifedipin GITS (Adalat Oros) 30 mg,Tidak Diketahui,2024-02-01,0,False,False
Nifedipin GITS (Adalat Oros) 30 mg,Tidak Diketahui,2024-03-01,0,False,False
Nifedipin GITS (Adalat Oros) 30 mg,Tidak Diketahui,2024-04-01,0,False,False
Nifedipin GITS (Adalat Oros) 30 mg,Tidak Diketahui,2024-05-01,0,False,False
Nifedipin GITS (Adalat Oros) 30 mg,Tidak Diketahui,2024-06-01,0,False,False
Nifedipin GITS (Adalat Oros) 30 mg,Tidak Diketahui,2024-07-01,0,False,False
Nifedipin GITS (Adalat Oros) 30 mg,Tidak Diketahui,2024-08-01,0,False,False
Nifedipin GITS (Adalat Oros) 30 mg,Tidak Diketahui,2024-09-01,0,False,False
Nifedipin GITS (Adalat Oros) 30 mg,Tidak Diketahui,2024-10-01,0,False,False
Nifedipin GITS (Adalat Oros) 30 mg,Tidak Diketahui,2024-11-01,0,False,False
Nifedipin GITS (Adalat Oros) 30 mg,Tidak Diketahui,2024-12-01,0,False,False
Nifedipin GITS (Adalat Oros) 30 mg,Tidak Diketahui,2025-01-01,0,True,False
Nifedipin GITS (Adalat Oros) 30 mg,Tidak Diketahui,2025-02-01,0,True,False
Nifedipin GITS (Adalat Oros) 30 mg,Tidak Diketahui,2025-03-01,0,True,False
Nifedipin GITS (Adalat Oros) 30 mg,Tidak Diketahui,2025-04-01,0,False,True
Nifedipin GITS (Adalat Oros) 30 mg,Tidak Diketahui,2025-05-01,0,True,False
Nifedipin GITS (Adalat Oros) 30 mg,Tidak Diketahui,2025-06-01,0,True,False
Nifedipin GITS (Adalat Oros) 30 mg,Tidak Diketahui,2025-07-01,0,True,False
Nifedipin GITS (Adalat Oros) 30 mg,Tidak Diketahui,2025-08-01,0,True,False
Nifedipin GITS (Adalat Oros) 30 mg,Tidak Diketahui,2025-09-01,0,True,False
Nifedipin GITS (Adalat Oros) 30 mg,Tidak Diketahui,2025-10-01,0,True,False
Nifedipin GITS (Adalat Oros) 30 mg,Tidak Diketahui,2025-11-01,0,True,False
Nifedipin GITS (Adalat Oros) 30 mg,Tidak Diketahui,2025-12-01,0,True,False
Nifedipin GITS (Adalat Oros) 30 mg,Tidak Diketahui,2026-01-01,0,False,False
Nifedipin GITS (Adalat Oros) 30 mg,Tidak Diketahui,2026-02-01,0,False,False
Nistatin 100.000 IU,Ovula,2024-01-01,6,True,False
Nistatin 100.000 IU,Ovula,2024-02-01,32,True,False
Nistatin 100.000 IU,Ovula,2024-03-01,0,True,False
Nistatin 100.000 IU,Ovula,2024-04-01,21,True,False
Nistatin 100.000 IU,Ovula,2024-05-01,20,True,False
Nistatin 100.000 IU,Ovula,2024-06-01,6,True,False
Nistatin 100.000 IU,Ovula,2024-07-01,7,True,False
Nistatin 100.000 IU,Ovula,2024-08-01,5,True,False
Nistatin 100.000 IU,Ovula,2024-09-01,0,True,False
Nistatin 100.000 IU,Ovula,2024-10-01,7,True,False
Nistatin 100.000 IU,Ovula,2024-11-01,11,True,False
Nistatin 100.000 IU,Ovula,2024-12-01,6,True,False
Nistatin 100.000 IU,Ovula,2025-01-01,0,False,False
Nistatin 100.000 IU,Ovula,2025-02-01,0,False,False
Nistatin 100.000 IU,Ovula,2025-03-01,0,False,False
Nistatin 100.000 IU,Ovula,2025-04-01,0,False,True
Nistatin 100.000 IU,Ovula,2025-05-01,0,False,False
Nistatin 100.000 IU,Ovula,2025-06-01,0,False,False
Nistatin 100.000 IU,Ovula,2025-07-01,0,False,False
Nistatin 100.000 IU,Ovula,2025-08-01,0,False,False
Nistatin 100.000 IU,Ovula,2025-09-01,0,False,False
Nistatin 100.000 IU,Ovula,2025-10-01,0,False,False
Nistatin 100.000 IU,Ovula,2025-11-01,0,False,False
Nistatin 100.000 IU,Ovula,2025-12-01,0,False,False
Nistatin 100.000 IU,Ovula,2026-01-01,0,False,False
Nistatin 100.000 IU,Ovula,2026-02-01,0,False,False
Nistatin 500.000 IU,Tablet,2024-01-01,45,True,False
Nistatin 500.000 IU,Tablet,2024-02-01,0,True,False
Nistatin 500.000 IU,Tablet,2024-03-01,0,True,False
Nistatin 500.000 IU,Tablet,2024-04-01,0,True,False
Nistatin 500.000 IU,Tablet,2024-05-01,0,True,False
Nistatin 500.000 IU,Tablet,2024-06-01,0,True,False
Nistatin 500.000 IU,Tablet,2024-07-01,0,True,False
Nistatin 500.000 IU,Tablet,2024-08-01,0,True,False
Nistatin 500.000 IU,Tablet,2024-09-01,0,True,False
Nistatin 500.000 IU,Tablet,2024-10-01,0,True,False
Nistatin 500.000 IU,Tablet,2024-11-01,0,True,False
Nistatin 500.000 IU,Tablet,2024-12-01,0,True,False
Nistatin 500.000 IU,Tablet,2025-01-01,0,False,False
Nistatin 500.000 IU,Tablet,2025-02-01,0,False,False
Nistatin 500.000 IU,Tablet,2025-03-01,0,False,False
Nistatin 500.000 IU,Tablet,2025-04-01,0,False,True
Nistatin 500.000 IU,Tablet,2025-05-01,0,False,False
Nistatin 500.000 IU,Tablet,2025-06-01,0,False,False
Nistatin 500.000 IU,Tablet,2025-07-01,0,False,False
Nistatin 500.000 IU,Tablet,2025-08-01,0,False,False
Nistatin 500.000 IU,Tablet,2025-09-01,0,False,False
Nistatin 500.000 IU,Tablet,2025-10-01,0,False,False
Nistatin 500.000 IU,Tablet,2025-11-01,0,False,False
Nistatin 500.000 IU,Tablet,2025-12-01,0,False,False
Nistatin 500.000 IU,Tablet,2026-01-01,0,False,False
Nistatin 500.000 IU,Tablet,2026-02-01,0,False,False
Nistatin suspensi 100.000 IU,Tidak Diketahui,2024-01-01,0,False,False
Nistatin suspensi 100.000 IU,Tidak Diketahui,2024-02-01,0,False,False
Nistatin suspensi 100.000 IU,Tidak Diketahui,2024-03-01,0,False,False
Nistatin suspensi 100.000 IU,Tidak Diketahui,2024-04-01,0,False,False
Nistatin suspensi 100.000 IU,Tidak Diketahui,2024-05-01,0,False,False
Nistatin suspensi 100.000 IU,Tidak Diketahui,2024-06-01,0,False,False
Nistatin suspensi 100.000 IU,Tidak Diketahui,2024-07-01,0,False,False
Nistatin suspensi 100.000 IU,Tidak Diketahui,2024-08-01,0,False,False
Nistatin suspensi 100.000 IU,Tidak Diketahui,2024-09-01,0,False,False
Nistatin suspensi 100.000 IU,Tidak Diketahui,2024-10-01,0,False,False
Nistatin suspensi 100.000 IU,Tidak Diketahui,2024-11-01,0,False,False
Nistatin suspensi 100.000 IU,Tidak Diketahui,2024-12-01,0,False,False
Nistatin suspensi 100.000 IU,Tidak Diketahui,2025-01-01,0,True,False
Nistatin suspensi 100.000 IU,Tidak Diketahui,2025-02-01,0,True,False
Nistatin suspensi 100.000 IU,Tidak Diketahui,2025-03-01,0,True,False
Nistatin suspensi 100.000 IU,Tidak Diketahui,2025-04-01,0,False,True
Nistatin suspensi 100.000 IU,Tidak Diketahui,2025-05-01,0,True,False
Nistatin suspensi 100.000 IU,Tidak Diketahui,2025-06-01,0,True,False
Nistatin suspensi 100.000 IU,Tidak Diketahui,2025-07-01,0,True,False
Nistatin suspensi 100.000 IU,Tidak Diketahui,2025-08-01,0,True,False
Nistatin suspensi 100.000 IU,Tidak Diketahui,2025-09-01,0,True,False
Nistatin suspensi 100.000 IU,Tidak Diketahui,2025-10-01,0,True,False
Nistatin suspensi 100.000 IU,Tidak Diketahui,2025-11-01,0,True,False
Nistatin suspensi 100.000 IU,Tidak Diketahui,2025-12-01,0,True,False
Nistatin suspensi 100.000 IU,Tidak Diketahui,2026-01-01,0,False,False
Nistatin suspensi 100.000 IU,Tidak Diketahui,2026-02-01,0,False,False
Norma cont3,Tidak Diketahui,2024-01-01,0,False,False
Norma cont3,Tidak Diketahui,2024-02-01,0,False,False
Norma cont3,Tidak Diketahui,2024-03-01,0,False,False
Norma cont3,Tidak Diketahui,2024-04-01,0,False,False
Norma cont3,Tidak Diketahui,2024-05-01,0,False,False
Norma cont3,Tidak Diketahui,2024-06-01,0,False,False
Norma cont3,Tidak Diketahui,2024-07-01,0,False,False
Norma cont3,Tidak Diketahui,2024-08-01,0,False,False
Norma cont3,Tidak Diketahui,2024-09-01,0,False,False
Norma cont3,Tidak Diketahui,2024-10-01,0,False,False
Norma cont3,Tidak Diketahui,2024-11-01,0,False,False
Norma cont3,Tidak Diketahui,2024-12-01,0,False,False
Norma cont3,Tidak Diketahui,2025-01-01,0,True,False
Norma cont3,Tidak Diketahui,2025-02-01,0,True,False
Norma cont3,Tidak Diketahui,2025-03-01,0,True,False
Norma cont3,Tidak Diketahui,2025-04-01,0,False,True
Norma cont3,Tidak Diketahui,2025-05-01,0,True,False
Norma cont3,Tidak Diketahui,2025-06-01,0,True,False
Norma cont3,Tidak Diketahui,2025-07-01,0,True,False
Norma cont3,Tidak Diketahui,2025-08-01,0,True,False
Norma cont3,Tidak Diketahui,2025-09-01,0,True,False
Norma cont3,Tidak Diketahui,2025-10-01,0,True,False
Norma cont3,Tidak Diketahui,2025-11-01,0,True,False
Norma cont3,Tidak Diketahui,2025-12-01,0,True,False
Norma cont3,Tidak Diketahui,2026-01-01,0,False,False
Norma cont3,Tidak Diketahui,2026-02-01,0,False,False
Norma iDil3,Tidak Diketahui,2024-01-01,0,False,False
Norma iDil3,Tidak Diketahui,2024-02-01,0,False,False
Norma iDil3,Tidak Diketahui,2024-03-01,0,False,False
Norma iDil3,Tidak Diketahui,2024-04-01,0,False,False
Norma iDil3,Tidak Diketahui,2024-05-01,0,False,False
Norma iDil3,Tidak Diketahui,2024-06-01,0,False,False
Norma iDil3,Tidak Diketahui,2024-07-01,0,False,False
Norma iDil3,Tidak Diketahui,2024-08-01,0,False,False
Norma iDil3,Tidak Diketahui,2024-09-01,0,False,False
Norma iDil3,Tidak Diketahui,2024-10-01,0,False,False
Norma iDil3,Tidak Diketahui,2024-11-01,0,False,False
Norma iDil3,Tidak Diketahui,2024-12-01,0,False,False
Norma iDil3,Tidak Diketahui,2025-01-01,0,True,False
Norma iDil3,Tidak Diketahui,2025-02-01,0,True,False
Norma iDil3,Tidak Diketahui,2025-03-01,0,True,False
Norma iDil3,Tidak Diketahui,2025-04-01,0,False,True
Norma iDil3,Tidak Diketahui,2025-05-01,0,True,False
Norma iDil3,Tidak Diketahui,2025-06-01,0,True,False
Norma iDil3,Tidak Diketahui,2025-07-01,0,True,False
Norma iDil3,Tidak Diketahui,2025-08-01,0,True,False
Norma iDil3,Tidak Diketahui,2025-09-01,0,True,False
Norma iDil3,Tidak Diketahui,2025-10-01,0,True,False
Norma iDil3,Tidak Diketahui,2025-11-01,0,True,False
Norma iDil3,Tidak Diketahui,2025-12-01,0,True,False
Norma iDil3,Tidak Diketahui,2026-01-01,0,False,False
Norma iDil3,Tidak Diketahui,2026-02-01,0,False,False
Norma iLyse3,Tidak Diketahui,2024-01-01,0,False,False
Norma iLyse3,Tidak Diketahui,2024-02-01,0,False,False
Norma iLyse3,Tidak Diketahui,2024-03-01,0,False,False
Norma iLyse3,Tidak Diketahui,2024-04-01,0,False,False
Norma iLyse3,Tidak Diketahui,2024-05-01,0,False,False
Norma iLyse3,Tidak Diketahui,2024-06-01,0,False,False
Norma iLyse3,Tidak Diketahui,2024-07-01,0,False,False
Norma iLyse3,Tidak Diketahui,2024-08-01,0,False,False
Norma iLyse3,Tidak Diketahui,2024-09-01,0,False,False
Norma iLyse3,Tidak Diketahui,2024-10-01,0,False,False
Norma iLyse3,Tidak Diketahui,2024-11-01,0,False,False
Norma iLyse3,Tidak Diketahui,2024-12-01,0,False,False
Norma iLyse3,Tidak Diketahui,2025-01-01,0,True,False
Norma iLyse3,Tidak Diketahui,2025-02-01,0,True,False
Norma iLyse3,Tidak Diketahui,2025-03-01,0,True,False
Norma iLyse3,Tidak Diketahui,2025-04-01,0,False,True
Norma iLyse3,Tidak Diketahui,2025-05-01,0,True,False
Norma iLyse3,Tidak Diketahui,2025-06-01,0,True,False
Norma iLyse3,Tidak Diketahui,2025-07-01,0,True,False
Norma iLyse3,Tidak Diketahui,2025-08-01,0,True,False
Norma iLyse3,Tidak Diketahui,2025-09-01,0,True,False
Norma iLyse3,Tidak Diketahui,2025-10-01,0,True,False
Norma iLyse3,Tidak Diketahui,2025-11-01,0,True,False
Norma iLyse3,Tidak Diketahui,2025-12-01,0,True,False
Norma iLyse3,Tidak Diketahui,2026-01-01,0,False,False
Norma iLyse3,Tidak Diketahui,2026-02-01,0,False,False
Norma iSol3,Tidak Diketahui,2024-01-01,0,False,False
Norma iSol3,Tidak Diketahui,2024-02-01,0,False,False
Norma iSol3,Tidak Diketahui,2024-03-01,0,False,False
Norma iSol3,Tidak Diketahui,2024-04-01,0,False,False
Norma iSol3,Tidak Diketahui,2024-05-01,0,False,False
Norma iSol3,Tidak Diketahui,2024-06-01,0,False,False
Norma iSol3,Tidak Diketahui,2024-07-01,0,False,False
Norma iSol3,Tidak Diketahui,2024-08-01,0,False,False
Norma iSol3,Tidak Diketahui,2024-09-01,0,False,False
Norma iSol3,Tidak Diketahui,2024-10-01,0,False,False
Norma iSol3,Tidak Diketahui,2024-11-01,0,False,False
Norma iSol3,Tidak Diketahui,2024-12-01,0,False,False
Norma iSol3,Tidak Diketahui,2025-01-01,0,True,False
Norma iSol3,Tidak Diketahui,2025-02-01,0,True,False
Norma iSol3,Tidak Diketahui,2025-03-01,0,True,False
Norma iSol3,Tidak Diketahui,2025-04-01,0,False,True
Norma iSol3,Tidak Diketahui,2025-05-01,0,True,False
Norma iSol3,Tidak Diketahui,2025-06-01,0,True,False
Norma iSol3,Tidak Diketahui,2025-07-01,0,True,False
Norma iSol3,Tidak Diketahui,2025-08-01,0,True,False
Norma iSol3,Tidak Diketahui,2025-09-01,0,True,False
Norma iSol3,Tidak Diketahui,2025-10-01,0,True,False
Norma iSol3,Tidak Diketahui,2025-11-01,0,True,False
Norma iSol3,Tidak Diketahui,2025-12-01,0,True,False
Norma iSol3,Tidak Diketahui,2026-01-01,0,False,False
Norma iSol3,Tidak Diketahui,2026-02-01,0,False,False
Nystatin 100.000 IU tab.vag,Ovula,2024-01-01,0,False,False
Nystatin 100.000 IU tab.vag,Ovula,2024-02-01,0,False,False
Nystatin 100.000 IU tab.vag,Ovula,2024-03-01,0,False,False
Nystatin 100.000 IU tab.vag,Ovula,2024-04-01,0,False,False
Nystatin 100.000 IU tab.vag,Ovula,2024-05-01,0,False,False
Nystatin 100.000 IU tab.vag,Ovula,2024-06-01,0,False,False
Nystatin 100.000 IU tab.vag,Ovula,2024-07-01,0,False,False
Nystatin 100.000 IU tab.vag,Ovula,2024-08-01,0,False,False
Nystatin 100.000 IU tab.vag,Ovula,2024-09-01,0,False,False
Nystatin 100.000 IU tab.vag,Ovula,2024-10-01,0,False,False
Nystatin 100.000 IU tab.vag,Ovula,2024-11-01,0,False,False
Nystatin 100.000 IU tab.vag,Ovula,2024-12-01,0,False,False
Nystatin 100.000 IU tab.vag,Ovula,2025-01-01,6,True,False
Nystatin 100.000 IU tab.vag,Ovula,2025-02-01,3,True,False
Nystatin 100.000 IU tab.vag,Ovula,2025-03-01,3,True,False
Nystatin 100.000 IU tab.vag,Ovula,2025-04-01,2,False,True
Nystatin 100.000 IU tab.vag,Ovula,2025-05-01,0,True,False
Nystatin 100.000 IU tab.vag,Ovula,2025-06-01,12,True,False
Nystatin 100.000 IU tab.vag,Ovula,2025-07-01,13,True,False
Nystatin 100.000 IU tab.vag,Ovula,2025-08-01,0,True,False
Nystatin 100.000 IU tab.vag,Ovula,2025-09-01,9,True,False
Nystatin 100.000 IU tab.vag,Ovula,2025-10-01,10,True,False
Nystatin 100.000 IU tab.vag,Ovula,2025-11-01,6,True,False
Nystatin 100.000 IU tab.vag,Ovula,2025-12-01,9,True,False
Nystatin 100.000 IU tab.vag,Ovula,2026-01-01,20,True,False
Nystatin 100.000 IU tab.vag,Ovula,2026-02-01,34,True,False
Nystatin 500.000 IU tab,Tablet,2024-01-01,0,False,False
Nystatin 500.000 IU tab,Tablet,2024-02-01,0,False,False
Nystatin 500.000 IU tab,Tablet,2024-03-01,0,False,False
Nystatin 500.000 IU tab,Tablet,2024-04-01,0,False,False
Nystatin 500.000 IU tab,Tablet,2024-05-01,0,False,False
Nystatin 500.000 IU tab,Tablet,2024-06-01,0,False,False
Nystatin 500.000 IU tab,Tablet,2024-07-01,0,False,False
Nystatin 500.000 IU tab,Tablet,2024-08-01,0,False,False
Nystatin 500.000 IU tab,Tablet,2024-09-01,0,False,False
Nystatin 500.000 IU tab,Tablet,2024-10-01,0,False,False
Nystatin 500.000 IU tab,Tablet,2024-11-01,0,False,False
Nystatin 500.000 IU tab,Tablet,2024-12-01,0,False,False
Nystatin 500.000 IU tab,Tablet,2025-01-01,0,True,False
Nystatin 500.000 IU tab,Tablet,2025-02-01,0,True,False
Nystatin 500.000 IU tab,Tablet,2025-03-01,0,True,False
Nystatin 500.000 IU tab,Tablet,2025-04-01,0,False,True
Nystatin 500.000 IU tab,Tablet,2025-05-01,0,True,False
Nystatin 500.000 IU tab,Tablet,2025-06-01,0,True,False
Nystatin 500.000 IU tab,Tablet,2025-07-01,0,True,False
Nystatin 500.000 IU tab,Tablet,2025-08-01,0,True,False
Nystatin 500.000 IU tab,Tablet,2025-09-01,0,True,False
Nystatin 500.000 IU tab,Tablet,2025-10-01,0,True,False
Nystatin 500.000 IU tab,Tablet,2025-11-01,0,True,False
Nystatin 500.000 IU tab,Tablet,2025-12-01,20,True,False
Nystatin 500.000 IU tab,Tablet,2026-01-01,0,True,False
Nystatin 500.000 IU tab,Tablet,2026-02-01,40,True,False
OAT Kombipak (Cefixime + Azithromycin),Paket,2024-01-01,0,False,False
OAT Kombipak (Cefixime + Azithromycin),Paket,2024-02-01,0,False,False
OAT Kombipak (Cefixime + Azithromycin),Paket,2024-03-01,0,False,False
OAT Kombipak (Cefixime + Azithromycin),Paket,2024-04-01,0,False,False
OAT Kombipak (Cefixime + Azithromycin),Paket,2024-05-01,0,False,False
OAT Kombipak (Cefixime + Azithromycin),Paket,2024-06-01,0,False,False
OAT Kombipak (Cefixime + Azithromycin),Paket,2024-07-01,0,False,False
OAT Kombipak (Cefixime + Azithromycin),Paket,2024-08-01,0,False,False
OAT Kombipak (Cefixime + Azithromycin),Paket,2024-09-01,0,False,False
OAT Kombipak (Cefixime + Azithromycin),Paket,2024-10-01,0,False,False
OAT Kombipak (Cefixime + Azithromycin),Paket,2024-11-01,0,False,False
OAT Kombipak (Cefixime + Azithromycin),Paket,2024-12-01,0,False,False
OAT Kombipak (Cefixime + Azithromycin),Paket,2025-01-01,0,True,False
OAT Kombipak (Cefixime + Azithromycin),Paket,2025-02-01,0,True,False
OAT Kombipak (Cefixime + Azithromycin),Paket,2025-03-01,0,True,False
OAT Kombipak (Cefixime + Azithromycin),Paket,2025-04-01,0,False,True
OAT Kombipak (Cefixime + Azithromycin),Paket,2025-05-01,0,True,False
OAT Kombipak (Cefixime + Azithromycin),Paket,2025-06-01,0,True,False
OAT Kombipak (Cefixime + Azithromycin),Paket,2025-07-01,0,True,False
OAT Kombipak (Cefixime + Azithromycin),Paket,2025-08-01,0,True,False
OAT Kombipak (Cefixime + Azithromycin),Paket,2025-09-01,0,True,False
OAT Kombipak (Cefixime + Azithromycin),Paket,2025-10-01,0,True,False
OAT Kombipak (Cefixime + Azithromycin),Paket,2025-11-01,0,True,False
OAT Kombipak (Cefixime + Azithromycin),Paket,2025-12-01,0,True,False
OAT Kombipak (Cefixime + Azithromycin),Paket,2026-01-01,0,False,False
OAT Kombipak (Cefixime + Azithromycin),Paket,2026-02-01,0,False,False
OBH Plus Anak,Botol,2024-01-01,0,False,False
OBH Plus Anak,Botol,2024-02-01,0,False,False
OBH Plus Anak,Botol,2024-03-01,0,False,False
OBH Plus Anak,Botol,2024-04-01,0,False,False
OBH Plus Anak,Botol,2024-05-01,0,False,False
OBH Plus Anak,Botol,2024-06-01,0,False,False
OBH Plus Anak,Botol,2024-07-01,0,False,False
OBH Plus Anak,Botol,2024-08-01,0,False,False
OBH Plus Anak,Botol,2024-09-01,0,False,False
OBH Plus Anak,Botol,2024-10-01,0,False,False
OBH Plus Anak,Botol,2024-11-01,0,False,False
OBH Plus Anak,Botol,2024-12-01,0,False,False
OBH Plus Anak,Botol,2025-01-01,0,True,False
OBH Plus Anak,Botol,2025-02-01,0,True,False
OBH Plus Anak,Botol,2025-03-01,0,True,False
OBH Plus Anak,Botol,2025-04-01,0,False,True
OBH Plus Anak,Botol,2025-05-01,0,True,False
OBH Plus Anak,Botol,2025-06-01,0,True,False
OBH Plus Anak,Botol,2025-07-01,0,True,False
OBH Plus Anak,Botol,2025-08-01,0,True,False
OBH Plus Anak,Botol,2025-09-01,0,True,False
OBH Plus Anak,Botol,2025-10-01,0,True,False
OBH Plus Anak,Botol,2025-11-01,0,True,False
OBH Plus Anak,Botol,2025-12-01,0,True,False
OBH Plus Anak,Botol,2026-01-01,0,False,False
OBH Plus Anak,Botol,2026-02-01,0,False,False
OBH Plus Dewasa/Herbakof,Botol,2024-01-01,0,False,False
OBH Plus Dewasa/Herbakof,Botol,2024-02-01,0,False,False
OBH Plus Dewasa/Herbakof,Botol,2024-03-01,0,False,False
OBH Plus Dewasa/Herbakof,Botol,2024-04-01,0,False,False
OBH Plus Dewasa/Herbakof,Botol,2024-05-01,0,False,False
OBH Plus Dewasa/Herbakof,Botol,2024-06-01,0,False,False
OBH Plus Dewasa/Herbakof,Botol,2024-07-01,0,False,False
OBH Plus Dewasa/Herbakof,Botol,2024-08-01,0,False,False
OBH Plus Dewasa/Herbakof,Botol,2024-09-01,0,False,False
OBH Plus Dewasa/Herbakof,Botol,2024-10-01,0,False,False
OBH Plus Dewasa/Herbakof,Botol,2024-11-01,0,False,False
OBH Plus Dewasa/Herbakof,Botol,2024-12-01,0,False,False
OBH Plus Dewasa/Herbakof,Botol,2025-01-01,0,True,False
OBH Plus Dewasa/Herbakof,Botol,2025-02-01,3,True,False
OBH Plus Dewasa/Herbakof,Botol,2025-03-01,4,True,False
OBH Plus Dewasa/Herbakof,Botol,2025-04-01,4,False,True
OBH Plus Dewasa/Herbakof,Botol,2025-05-01,4,True,False
OBH Plus Dewasa/Herbakof,Botol,2025-06-01,8,True,False
OBH Plus Dewasa/Herbakof,Botol,2025-07-01,44,True,False
OBH Plus Dewasa/Herbakof,Botol,2025-08-01,22,True,False
OBH Plus Dewasa/Herbakof,Botol,2025-09-01,8,True,False
OBH Plus Dewasa/Herbakof,Botol,2025-10-01,6,True,False
OBH Plus Dewasa/Herbakof,Botol,2025-11-01,8,True,False
OBH Plus Dewasa/Herbakof,Botol,2025-12-01,6,True,False
OBH Plus Dewasa/Herbakof,Botol,2026-01-01,2,True,False
OBH Plus Dewasa/Herbakof,Botol,2026-02-01,3,True,False
Oksitetrasiklin HCl 1% s.m,Tidak Diketahui,2024-01-01,0,False,False
Oksitetrasiklin HCl 1% s.m,Tidak Diketahui,2024-02-01,0,False,False
Oksitetrasiklin HCl 1% s.m,Tidak Diketahui,2024-03-01,0,False,False
Oksitetrasiklin HCl 1% s.m,Tidak Diketahui,2024-04-01,0,False,False
Oksitetrasiklin HCl 1% s.m,Tidak Diketahui,2024-05-01,0,False,False
Oksitetrasiklin HCl 1% s.m,Tidak Diketahui,2024-06-01,0,False,False
Oksitetrasiklin HCl 1% s.m,Tidak Diketahui,2024-07-01,0,False,False
Oksitetrasiklin HCl 1% s.m,Tidak Diketahui,2024-08-01,0,False,False
Oksitetrasiklin HCl 1% s.m,Tidak Diketahui,2024-09-01,0,False,False
Oksitetrasiklin HCl 1% s.m,Tidak Diketahui,2024-10-01,0,False,False
Oksitetrasiklin HCl 1% s.m,Tidak Diketahui,2024-11-01,0,False,False
Oksitetrasiklin HCl 1% s.m,Tidak Diketahui,2024-12-01,0,False,False
Oksitetrasiklin HCl 1% s.m,Tidak Diketahui,2025-01-01,0,True,False
Oksitetrasiklin HCl 1% s.m,Tidak Diketahui,2025-02-01,0,True,False
Oksitetrasiklin HCl 1% s.m,Tidak Diketahui,2025-03-01,0,True,False
Oksitetrasiklin HCl 1% s.m,Tidak Diketahui,2025-04-01,0,False,True
Oksitetrasiklin HCl 1% s.m,Tidak Diketahui,2025-05-01,0,True,False
Oksitetrasiklin HCl 1% s.m,Tidak Diketahui,2025-06-01,0,True,False
Oksitetrasiklin HCl 1% s.m,Tidak Diketahui,2025-07-01,0,True,False
Oksitetrasiklin HCl 1% s.m,Tidak Diketahui,2025-08-01,0,True,False
Oksitetrasiklin HCl 1% s.m,Tidak Diketahui,2025-09-01,0,True,False
Oksitetrasiklin HCl 1% s.m,Tidak Diketahui,2025-10-01,0,True,False
Oksitetrasiklin HCl 1% s.m,Tidak Diketahui,2025-11-01,0,True,False
Oksitetrasiklin HCl 1% s.m,Tidak Diketahui,2025-12-01,0,True,False
Oksitetrasiklin HCl 1% s.m,Tidak Diketahui,2026-01-01,0,False,False
Oksitetrasiklin HCl 1% s.m,Tidak Diketahui,2026-02-01,0,False,False
Oksitetrasiklin HCl sk 3%,Tidak Diketahui,2024-01-01,0,False,False
Oksitetrasiklin HCl sk 3%,Tidak Diketahui,2024-02-01,0,False,False
Oksitetrasiklin HCl sk 3%,Tidak Diketahui,2024-03-01,0,False,False
Oksitetrasiklin HCl sk 3%,Tidak Diketahui,2024-04-01,0,False,False
Oksitetrasiklin HCl sk 3%,Tidak Diketahui,2024-05-01,0,False,False
Oksitetrasiklin HCl sk 3%,Tidak Diketahui,2024-06-01,0,False,False
Oksitetrasiklin HCl sk 3%,Tidak Diketahui,2024-07-01,0,False,False
Oksitetrasiklin HCl sk 3%,Tidak Diketahui,2024-08-01,0,False,False
Oksitetrasiklin HCl sk 3%,Tidak Diketahui,2024-09-01,0,False,False
Oksitetrasiklin HCl sk 3%,Tidak Diketahui,2024-10-01,0,False,False
Oksitetrasiklin HCl sk 3%,Tidak Diketahui,2024-11-01,0,False,False
Oksitetrasiklin HCl sk 3%,Tidak Diketahui,2024-12-01,0,False,False
Oksitetrasiklin HCl sk 3%,Tidak Diketahui,2025-01-01,0,True,False
Oksitetrasiklin HCl sk 3%,Tidak Diketahui,2025-02-01,0,True,False
Oksitetrasiklin HCl sk 3%,Tidak Diketahui,2025-03-01,0,True,False
Oksitetrasiklin HCl sk 3%,Tidak Diketahui,2025-04-01,0,False,True
Oksitetrasiklin HCl sk 3%,Tidak Diketahui,2025-05-01,0,True,False
Oksitetrasiklin HCl sk 3%,Tidak Diketahui,2025-06-01,0,True,False
Oksitetrasiklin HCl sk 3%,Tidak Diketahui,2025-07-01,0,True,False
Oksitetrasiklin HCl sk 3%,Tidak Diketahui,2025-08-01,0,True,False
Oksitetrasiklin HCl sk 3%,Tidak Diketahui,2025-09-01,0,True,False
Oksitetrasiklin HCl sk 3%,Tidak Diketahui,2025-10-01,0,True,False
Oksitetrasiklin HCl sk 3%,Tidak Diketahui,2025-11-01,0,True,False
Oksitetrasiklin HCl sk 3%,Tidak Diketahui,2025-12-01,0,True,False
Oksitetrasiklin HCl sk 3%,Tidak Diketahui,2026-01-01,0,False,False
Oksitetrasiklin HCl sk 3%,Tidak Diketahui,2026-02-01,0,False,False
Oksitosin inj 10 IU/ml,Tube,2024-01-01,0,False,False
Oksitosin inj 10 IU/ml,Tube,2024-02-01,0,False,False
Oksitosin inj 10 IU/ml,Tube,2024-03-01,0,False,False
Oksitosin inj 10 IU/ml,Tube,2024-04-01,0,False,False
Oksitosin inj 10 IU/ml,Tube,2024-05-01,0,False,False
Oksitosin inj 10 IU/ml,Tube,2024-06-01,0,False,False
Oksitosin inj 10 IU/ml,Tube,2024-07-01,0,False,False
Oksitosin inj 10 IU/ml,Tube,2024-08-01,0,False,False
Oksitosin inj 10 IU/ml,Tube,2024-09-01,0,False,False
Oksitosin inj 10 IU/ml,Tube,2024-10-01,0,False,False
Oksitosin inj 10 IU/ml,Tube,2024-11-01,0,False,False
Oksitosin inj 10 IU/ml,Tube,2024-12-01,0,False,False
Oksitosin inj 10 IU/ml,Tube,2025-01-01,0,True,False
Oksitosin inj 10 IU/ml,Tube,2025-02-01,0,True,False
Oksitosin inj 10 IU/ml,Tube,2025-03-01,0,True,False
Oksitosin inj 10 IU/ml,Tube,2025-04-01,0,False,True
Oksitosin inj 10 IU/ml,Tube,2025-05-01,0,True,False
Oksitosin inj 10 IU/ml,Tube,2025-06-01,0,True,False
Oksitosin inj 10 IU/ml,Tube,2025-07-01,0,True,False
Oksitosin inj 10 IU/ml,Tube,2025-08-01,0,True,False
Oksitosin inj 10 IU/ml,Tube,2025-09-01,0,True,False
Oksitosin inj 10 IU/ml,Tube,2025-10-01,0,True,False
Oksitosin inj 10 IU/ml,Tube,2025-11-01,0,True,False
Oksitosin inj 10 IU/ml,Tube,2025-12-01,0,True,False
Oksitosin inj 10 IU/ml,Tube,2026-01-01,0,False,False
Oksitosin inj 10 IU/ml,Tube,2026-02-01,0,False,False
Omeprazol 20 mg tab,Tablet,2024-01-01,300,True,False
Omeprazol 20 mg tab,Tablet,2024-02-01,300,True,False
Omeprazol 20 mg tab,Tablet,2024-03-01,75,True,False
Omeprazol 20 mg tab,Tablet,2024-04-01,140,True,False
Omeprazol 20 mg tab,Tablet,2024-05-01,185,True,False
Omeprazol 20 mg tab,Tablet,2024-06-01,310,True,False
Omeprazol 20 mg tab,Tablet,2024-07-01,690,True,False
Omeprazol 20 mg tab,Tablet,2024-08-01,200,True,False
Omeprazol 20 mg tab,Tablet,2024-09-01,570,True,False
Omeprazol 20 mg tab,Tablet,2024-10-01,375,True,False
Omeprazol 20 mg tab,Tablet,2024-11-01,355,True,False
Omeprazol 20 mg tab,Tablet,2024-12-01,615,True,False
Omeprazol 20 mg tab,Tablet,2025-01-01,585,True,False
Omeprazol 20 mg tab,Tablet,2025-02-01,855,True,False
Omeprazol 20 mg tab,Tablet,2025-03-01,145,True,False
Omeprazol 20 mg tab,Tablet,2025-04-01,72,False,True
Omeprazol 20 mg tab,Tablet,2025-05-01,0,True,False
Omeprazol 20 mg tab,Tablet,2025-06-01,100,True,False
Omeprazol 20 mg tab,Tablet,2025-07-01,520,True,False
Omeprazol 20 mg tab,Tablet,2025-08-01,330,True,False
Omeprazol 20 mg tab,Tablet,2025-09-01,640,True,False
Omeprazol 20 mg tab,Tablet,2025-10-01,340,True,False
Omeprazol 20 mg tab,Tablet,2025-11-01,390,True,False
Omeprazol 20 mg tab,Tablet,2025-12-01,120,True,False
Omeprazol 20 mg tab,Tablet,2026-01-01,660,True,False
Omeprazol 20 mg tab,Tablet,2026-02-01,250,True,False
Omeprazol inj. 40 mg/10 ml,Tidak Diketahui,2024-01-01,0,False,False
Omeprazol inj. 40 mg/10 ml,Tidak Diketahui,2024-02-01,0,False,False
Omeprazol inj. 40 mg/10 ml,Tidak Diketahui,2024-03-01,0,False,False
Omeprazol inj. 40 mg/10 ml,Tidak Diketahui,2024-04-01,0,False,False
Omeprazol inj. 40 mg/10 ml,Tidak Diketahui,2024-05-01,0,False,False
Omeprazol inj. 40 mg/10 ml,Tidak Diketahui,2024-06-01,0,False,False
Omeprazol inj. 40 mg/10 ml,Tidak Diketahui,2024-07-01,0,False,False
Omeprazol inj. 40 mg/10 ml,Tidak Diketahui,2024-08-01,0,False,False
Omeprazol inj. 40 mg/10 ml,Tidak Diketahui,2024-09-01,0,False,False
Omeprazol inj. 40 mg/10 ml,Tidak Diketahui,2024-10-01,0,False,False
Omeprazol inj. 40 mg/10 ml,Tidak Diketahui,2024-11-01,0,False,False
Omeprazol inj. 40 mg/10 ml,Tidak Diketahui,2024-12-01,0,False,False
Omeprazol inj. 40 mg/10 ml,Tidak Diketahui,2025-01-01,0,True,False
Omeprazol inj. 40 mg/10 ml,Tidak Diketahui,2025-02-01,0,True,False
Omeprazol inj. 40 mg/10 ml,Tidak Diketahui,2025-03-01,0,True,False
Omeprazol inj. 40 mg/10 ml,Tidak Diketahui,2025-04-01,0,False,True
Omeprazol inj. 40 mg/10 ml,Tidak Diketahui,2025-05-01,0,True,False
Omeprazol inj. 40 mg/10 ml,Tidak Diketahui,2025-06-01,0,True,False
Omeprazol inj. 40 mg/10 ml,Tidak Diketahui,2025-07-01,0,True,False
Omeprazol inj. 40 mg/10 ml,Tidak Diketahui,2025-08-01,0,True,False
Omeprazol inj. 40 mg/10 ml,Tidak Diketahui,2025-09-01,0,True,False
Omeprazol inj. 40 mg/10 ml,Tidak Diketahui,2025-10-01,0,True,False
Omeprazol inj. 40 mg/10 ml,Tidak Diketahui,2025-11-01,0,True,False
Omeprazol inj. 40 mg/10 ml,Tidak Diketahui,2025-12-01,0,True,False
Omeprazol inj. 40 mg/10 ml,Tidak Diketahui,2026-01-01,0,False,False
Omeprazol inj. 40 mg/10 ml,Tidak Diketahui,2026-02-01,0,False,False
Ondansetron 4 mg/2 ml inj.,Ampul,2024-01-01,0,True,False
Ondansetron 4 mg/2 ml inj.,Ampul,2024-02-01,0,True,False
Ondansetron 4 mg/2 ml inj.,Ampul,2024-03-01,0,True,False
Ondansetron 4 mg/2 ml inj.,Ampul,2024-04-01,0,True,False
Ondansetron 4 mg/2 ml inj.,Ampul,2024-05-01,0,True,False
Ondansetron 4 mg/2 ml inj.,Ampul,2024-06-01,0,True,False
Ondansetron 4 mg/2 ml inj.,Ampul,2024-07-01,44,True,False
Ondansetron 4 mg/2 ml inj.,Ampul,2024-08-01,0,True,False
Ondansetron 4 mg/2 ml inj.,Ampul,2024-09-01,0,True,False
Ondansetron 4 mg/2 ml inj.,Ampul,2024-10-01,0,True,False
Ondansetron 4 mg/2 ml inj.,Ampul,2024-11-01,0,True,False
Ondansetron 4 mg/2 ml inj.,Ampul,2024-12-01,0,True,False
Ondansetron 4 mg/2 ml inj.,Ampul,2025-01-01,0,True,False
Ondansetron 4 mg/2 ml inj.,Ampul,2025-02-01,0,True,False
Ondansetron 4 mg/2 ml inj.,Ampul,2025-03-01,0,True,False
Ondansetron 4 mg/2 ml inj.,Ampul,2025-04-01,0,False,True
Ondansetron 4 mg/2 ml inj.,Ampul,2025-05-01,0,True,False
Ondansetron 4 mg/2 ml inj.,Ampul,2025-06-01,0,True,False
Ondansetron 4 mg/2 ml inj.,Ampul,2025-07-01,0,True,False
Ondansetron 4 mg/2 ml inj.,Ampul,2025-08-01,0,True,False
Ondansetron 4 mg/2 ml inj.,Ampul,2025-09-01,0,True,False
Ondansetron 4 mg/2 ml inj.,Ampul,2025-10-01,0,True,False
Ondansetron 4 mg/2 ml inj.,Ampul,2025-11-01,2,True,False
Ondansetron 4 mg/2 ml inj.,Ampul,2025-12-01,8,True,False
Ondansetron 4 mg/2 ml inj.,Ampul,2026-01-01,0,True,False
Ondansetron 4 mg/2 ml inj.,Ampul,2026-02-01,0,True,False
Ondansetron 8 mg tab,Tablet,2024-01-01,30,True,False
Ondansetron 8 mg tab,Tablet,2024-02-01,0,True,False
Ondansetron 8 mg tab,Tablet,2024-03-01,0,True,False
Ondansetron 8 mg tab,Tablet,2024-04-01,0,True,False
Ondansetron 8 mg tab,Tablet,2024-05-01,0,True,False
Ondansetron 8 mg tab,Tablet,2024-06-01,0,True,False
Ondansetron 8 mg tab,Tablet,2024-07-01,0,True,False
Ondansetron 8 mg tab,Tablet,2024-08-01,0,True,False
Ondansetron 8 mg tab,Tablet,2024-09-01,0,True,False
Ondansetron 8 mg tab,Tablet,2024-10-01,0,True,False
Ondansetron 8 mg tab,Tablet,2024-11-01,0,True,False
Ondansetron 8 mg tab,Tablet,2024-12-01,0,True,False
Ondansetron 8 mg tab,Tablet,2025-01-01,0,True,False
Ondansetron 8 mg tab,Tablet,2025-02-01,0,True,False
Ondansetron 8 mg tab,Tablet,2025-03-01,0,True,False
Ondansetron 8 mg tab,Tablet,2025-04-01,0,False,True
Ondansetron 8 mg tab,Tablet,2025-05-01,0,True,False
Ondansetron 8 mg tab,Tablet,2025-06-01,0,True,False
Ondansetron 8 mg tab,Tablet,2025-07-01,0,True,False
Ondansetron 8 mg tab,Tablet,2025-08-01,0,True,False
Ondansetron 8 mg tab,Tablet,2025-09-01,0,True,False
Ondansetron 8 mg tab,Tablet,2025-10-01,0,True,False
Ondansetron 8 mg tab,Tablet,2025-11-01,0,True,False
Ondansetron 8 mg tab,Tablet,2025-12-01,0,True,False
Ondansetron 8 mg tab,Tablet,2026-01-01,0,False,False
Ondansetron 8 mg tab,Tablet,2026-02-01,0,False,False
Oralit 200 ml,Sachet,2024-01-01,0,False,False
Oralit 200 ml,Sachet,2024-02-01,0,False,False
Oralit 200 ml,Sachet,2024-03-01,0,False,False
Oralit 200 ml,Sachet,2024-04-01,0,False,False
Oralit 200 ml,Sachet,2024-05-01,0,False,False
Oralit 200 ml,Sachet,2024-06-01,0,False,False
Oralit 200 ml,Sachet,2024-07-01,0,False,False
Oralit 200 ml,Sachet,2024-08-01,0,False,False
Oralit 200 ml,Sachet,2024-09-01,0,False,False
Oralit 200 ml,Sachet,2024-10-01,0,False,False
Oralit 200 ml,Sachet,2024-11-01,0,False,False
Oralit 200 ml,Sachet,2024-12-01,0,False,False
Oralit 200 ml,Sachet,2025-01-01,200,True,False
Oralit 200 ml,Sachet,2025-02-01,166,True,False
Oralit 200 ml,Sachet,2025-03-01,111,True,False
Oralit 200 ml,Sachet,2025-04-01,176,False,True
Oralit 200 ml,Sachet,2025-05-01,240,True,False
Oralit 200 ml,Sachet,2025-06-01,188,True,False
Oralit 200 ml,Sachet,2025-07-01,62,True,False
Oralit 200 ml,Sachet,2025-08-01,0,True,False
Oralit 200 ml,Sachet,2025-09-01,50,True,False
Oralit 200 ml,Sachet,2025-10-01,72,True,False
Oralit 200 ml,Sachet,2025-11-01,78,True,False
Oralit 200 ml,Sachet,2025-12-01,0,True,False
Oralit 200 ml,Sachet,2026-01-01,0,False,False
Oralit 200 ml,Sachet,2026-02-01,0,False,False
Oste Forte,Kaplet,2024-01-01,0,False,False
Oste Forte,Kaplet,2024-02-01,0,False,False
Oste Forte,Kaplet,2024-03-01,0,False,False
Oste Forte,Kaplet,2024-04-01,0,False,False
Oste Forte,Kaplet,2024-05-01,0,False,False
Oste Forte,Kaplet,2024-06-01,0,False,False
Oste Forte,Kaplet,2024-07-01,0,False,False
Oste Forte,Kaplet,2024-08-01,0,False,False
Oste Forte,Kaplet,2024-09-01,0,False,False
Oste Forte,Kaplet,2024-10-01,0,False,False
Oste Forte,Kaplet,2024-11-01,0,False,False
Oste Forte,Kaplet,2024-12-01,0,False,False
Oste Forte,Kaplet,2025-01-01,0,True,False
Oste Forte,Kaplet,2025-02-01,0,True,False
Oste Forte,Kaplet,2025-03-01,0,True,False
Oste Forte,Kaplet,2025-04-01,0,False,True
Oste Forte,Kaplet,2025-05-01,0,True,False
Oste Forte,Kaplet,2025-06-01,0,True,False
Oste Forte,Kaplet,2025-07-01,0,True,False
Oste Forte,Kaplet,2025-08-01,0,True,False
Oste Forte,Kaplet,2025-09-01,0,True,False
Oste Forte,Kaplet,2025-10-01,0,True,False
Oste Forte,Kaplet,2025-11-01,0,True,False
Oste Forte,Kaplet,2025-12-01,0,True,False
Oste Forte,Kaplet,2026-01-01,0,False,False
Oste Forte,Kaplet,2026-02-01,0,False,False
Oste forte,Tablet,2024-01-01,0,False,False
Oste forte,Tablet,2024-02-01,0,False,False
Oste forte,Tablet,2024-03-01,45,True,False
Oste forte,Tablet,2024-04-01,15,True,False
Oste forte,Tablet,2024-05-01,60,True,False
Oste forte,Tablet,2024-06-01,0,True,False
Oste forte,Tablet,2024-07-01,0,True,False
Oste forte,Tablet,2024-08-01,0,True,False
Oste forte,Tablet,2024-09-01,0,True,False
Oste forte,Tablet,2024-10-01,0,True,False
Oste forte,Tablet,2024-11-01,0,True,False
Oste forte,Tablet,2024-12-01,0,True,False
Oste forte,Tablet,2025-01-01,0,False,False
Oste forte,Tablet,2025-02-01,0,False,False
Oste forte,Tablet,2025-03-01,0,False,False
Oste forte,Tablet,2025-04-01,0,False,True
Oste forte,Tablet,2025-05-01,0,False,False
Oste forte,Tablet,2025-06-01,0,False,False
Oste forte,Tablet,2025-07-01,0,False,False
Oste forte,Tablet,2025-08-01,0,False,False
Oste forte,Tablet,2025-09-01,0,False,False
Oste forte,Tablet,2025-10-01,0,False,False
Oste forte,Tablet,2025-11-01,0,False,False
Oste forte,Tablet,2025-12-01,0,False,False
Oste forte,Tablet,2026-01-01,0,False,False
Oste forte,Tablet,2026-02-01,0,False,False
Osteotin,Tablet,2024-01-01,0,True,False
Osteotin,Tablet,2024-02-01,0,True,False
Osteotin,Tablet,2024-03-01,0,True,False
Osteotin,Tablet,2024-04-01,0,True,False
Osteotin,Tablet,2024-05-01,90,True,False
Osteotin,Tablet,2024-06-01,0,True,False
Osteotin,Tablet,2024-07-01,120,True,False
Osteotin,Tablet,2024-08-01,102,True,False
Osteotin,Tablet,2024-09-01,30,True,False
Osteotin,Tablet,2024-10-01,81,True,False
Osteotin,Tablet,2024-11-01,87,True,False
Osteotin,Tablet,2024-12-01,60,True,False
Osteotin,Tablet,2025-01-01,0,False,False
Osteotin,Tablet,2025-02-01,0,False,False
Osteotin,Tablet,2025-03-01,0,False,False
Osteotin,Tablet,2025-04-01,0,False,True
Osteotin,Tablet,2025-05-01,0,False,False
Osteotin,Tablet,2025-06-01,0,False,False
Osteotin,Tablet,2025-07-01,0,False,False
Osteotin,Tablet,2025-08-01,0,False,False
Osteotin,Tablet,2025-09-01,0,False,False
Osteotin,Tablet,2025-10-01,0,False,False
Osteotin,Tablet,2025-11-01,0,False,False
Osteotin,Tablet,2025-12-01,0,False,False
Osteotin,Tablet,2026-01-01,0,False,False
Osteotin,Tablet,2026-02-01,0,False,False
Osteotin tab,Tablet,2024-01-01,0,False,False
Osteotin tab,Tablet,2024-02-01,0,False,False
Osteotin tab,Tablet,2024-03-01,0,False,False
Osteotin tab,Tablet,2024-04-01,0,False,False
Osteotin tab,Tablet,2024-05-01,0,False,False
Osteotin tab,Tablet,2024-06-01,0,False,False
Osteotin tab,Tablet,2024-07-01,0,False,False
Osteotin tab,Tablet,2024-08-01,0,False,False
Osteotin tab,Tablet,2024-09-01,0,False,False
Osteotin tab,Tablet,2024-10-01,0,False,False
Osteotin tab,Tablet,2024-11-01,0,False,False
Osteotin tab,Tablet,2024-12-01,0,False,False
Osteotin tab,Tablet,2025-01-01,30,True,False
Osteotin tab,Tablet,2025-02-01,0,True,False
Osteotin tab,Tablet,2025-03-01,0,True,False
Osteotin tab,Tablet,2025-04-01,0,False,True
Osteotin tab,Tablet,2025-05-01,0,True,False
Osteotin tab,Tablet,2025-06-01,0,True,False
Osteotin tab,Tablet,2025-07-01,0,True,False
Osteotin tab,Tablet,2025-08-01,0,True,False
Osteotin tab,Tablet,2025-09-01,0,True,False
Osteotin tab,Tablet,2025-10-01,0,True,False
Osteotin tab,Tablet,2025-11-01,0,True,False
Osteotin tab,Tablet,2025-12-01,0,True,False
Osteotin tab,Tablet,2026-01-01,0,False,False
Osteotin tab,Tablet,2026-02-01,0,False,False
Oxytocin inj.,Ampul,2024-01-01,0,False,False
Oxytocin inj.,Ampul,2024-02-01,0,False,False
Oxytocin inj.,Ampul,2024-03-01,0,False,False
Oxytocin inj.,Ampul,2024-04-01,0,False,False
Oxytocin inj.,Ampul,2024-05-01,0,False,False
Oxytocin inj.,Ampul,2024-06-01,0,False,False
Oxytocin inj.,Ampul,2024-07-01,0,False,False
Oxytocin inj.,Ampul,2024-08-01,0,False,False
Oxytocin inj.,Ampul,2024-09-01,0,False,False
Oxytocin inj.,Ampul,2024-10-01,45,True,False
Oxytocin inj.,Ampul,2024-11-01,55,True,False
Oxytocin inj.,Ampul,2024-12-01,0,True,False
Oxytocin inj.,Ampul,2025-01-01,0,True,False
Oxytocin inj.,Ampul,2025-02-01,0,True,False
Oxytocin inj.,Ampul,2025-03-01,0,True,False
Oxytocin inj.,Ampul,2025-04-01,0,False,True
Oxytocin inj.,Ampul,2025-05-01,0,True,False
Oxytocin inj.,Ampul,2025-06-01,0,True,False
Oxytocin inj.,Ampul,2025-07-01,0,True,False
Oxytocin inj.,Ampul,2025-08-01,0,True,False
Oxytocin inj.,Ampul,2025-09-01,0,True,False
Oxytocin inj.,Ampul,2025-10-01,0,True,False
Oxytocin inj.,Ampul,2025-11-01,0,True,False
Oxytocin inj.,Ampul,2025-12-01,0,True,False
Oxytocin inj.,Ampul,2026-01-01,0,True,False
Oxytocin inj.,Ampul,2026-02-01,100,True,False
P.K serbuk 5 gram,Botol 5 G,2024-01-01,0,True,False
P.K serbuk 5 gram,Botol 5 G,2024-02-01,0,True,False
P.K serbuk 5 gram,Botol 5 G,2024-03-01,0,True,False
P.K serbuk 5 gram,Botol 5 G,2024-04-01,0,True,False
P.K serbuk 5 gram,Botol 5 G,2024-05-01,0,True,False
P.K serbuk 5 gram,Botol 5 G,2024-06-01,0,True,False
P.K serbuk 5 gram,Botol 5 G,2024-07-01,0,True,False
P.K serbuk 5 gram,Botol 5 G,2024-08-01,0,True,False
P.K serbuk 5 gram,Botol 5 G,2024-09-01,0,True,False
P.K serbuk 5 gram,Botol 5 G,2024-10-01,0,True,False
P.K serbuk 5 gram,Botol 5 G,2024-11-01,0,True,False
P.K serbuk 5 gram,Botol 5 G,2024-12-01,0,True,False
P.K serbuk 5 gram,Botol 5 G,2025-01-01,0,True,False
P.K serbuk 5 gram,Botol 5 G,2025-02-01,0,True,False
P.K serbuk 5 gram,Botol 5 G,2025-03-01,0,True,False
P.K serbuk 5 gram,Botol 5 G,2025-04-01,0,False,True
P.K serbuk 5 gram,Botol 5 G,2025-05-01,0,True,False
P.K serbuk 5 gram,Botol 5 G,2025-06-01,0,True,False
P.K serbuk 5 gram,Botol 5 G,2025-07-01,0,True,False
P.K serbuk 5 gram,Botol 5 G,2025-08-01,0,True,False
P.K serbuk 5 gram,Botol 5 G,2025-09-01,0,True,False
P.K serbuk 5 gram,Botol 5 G,2025-10-01,0,True,False
P.K serbuk 5 gram,Botol 5 G,2025-11-01,0,True,False
P.K serbuk 5 gram,Botol 5 G,2025-12-01,0,True,False
P.K serbuk 5 gram,Botol 5 G,2026-01-01,0,False,False
P.K serbuk 5 gram,Botol 5 G,2026-02-01,0,False,False
POCH-D,Kotak 5 Ltr,2024-01-01,0,False,False
POCH-D,Kotak 5 Ltr,2024-02-01,0,False,False
POCH-D,Kotak 5 Ltr,2024-03-01,0,False,False
POCH-D,Kotak 5 Ltr,2024-04-01,0,False,False
POCH-D,Kotak 5 Ltr,2024-05-01,0,False,False
POCH-D,Kotak 5 Ltr,2024-06-01,0,False,False
POCH-D,Kotak 5 Ltr,2024-07-01,0,False,False
POCH-D,Kotak 5 Ltr,2024-08-01,0,False,False
POCH-D,Kotak 5 Ltr,2024-09-01,0,False,False
POCH-D,Kotak 5 Ltr,2024-10-01,0,False,False
POCH-D,Kotak 5 Ltr,2024-11-01,0,False,False
POCH-D,Kotak 5 Ltr,2024-12-01,0,False,False
POCH-D,Kotak 5 Ltr,2025-01-01,0,True,False
POCH-D,Kotak 5 Ltr,2025-02-01,0,True,False
POCH-D,Kotak 5 Ltr,2025-03-01,0,True,False
POCH-D,Kotak 5 Ltr,2025-04-01,0,False,True
POCH-D,Kotak 5 Ltr,2025-05-01,0,True,False
POCH-D,Kotak 5 Ltr,2025-06-01,2,True,False
POCH-D,Kotak 5 Ltr,2025-07-01,0,True,False
POCH-D,Kotak 5 Ltr,2025-08-01,0,True,False
POCH-D,Kotak 5 Ltr,2025-09-01,0,True,False
POCH-D,Kotak 5 Ltr,2025-10-01,0,True,False
POCH-D,Kotak 5 Ltr,2025-11-01,2,True,False
POCH-D,Kotak 5 Ltr,2025-12-01,2,True,False
POCH-D,Kotak 5 Ltr,2026-01-01,0,True,False
POCH-D,Kotak 5 Ltr,2026-02-01,1,True,False
POCH-L,Botol 500 Ml,2024-01-01,0,False,False
POCH-L,Botol 500 Ml,2024-02-01,0,False,False
POCH-L,Botol 500 Ml,2024-03-01,0,False,False
POCH-L,Botol 500 Ml,2024-04-01,0,False,False
POCH-L,Botol 500 Ml,2024-05-01,0,False,False
POCH-L,Botol 500 Ml,2024-06-01,0,False,False
POCH-L,Botol 500 Ml,2024-07-01,0,False,False
POCH-L,Botol 500 Ml,2024-08-01,0,False,False
POCH-L,Botol 500 Ml,2024-09-01,0,False,False
POCH-L,Botol 500 Ml,2024-10-01,0,False,False
POCH-L,Botol 500 Ml,2024-11-01,0,False,False
POCH-L,Botol 500 Ml,2024-12-01,0,False,False
POCH-L,Botol 500 Ml,2025-01-01,0,True,False
POCH-L,Botol 500 Ml,2025-02-01,0,True,False
POCH-L,Botol 500 Ml,2025-03-01,0,True,False
POCH-L,Botol 500 Ml,2025-04-01,0,False,True
POCH-L,Botol 500 Ml,2025-05-01,0,True,False
POCH-L,Botol 500 Ml,2025-06-01,0,True,False
POCH-L,Botol 500 Ml,2025-07-01,0,True,False
POCH-L,Botol 500 Ml,2025-08-01,0,True,False
POCH-L,Botol 500 Ml,2025-09-01,0,True,False
POCH-L,Botol 500 Ml,2025-10-01,0,True,False
POCH-L,Botol 500 Ml,2025-11-01,0,True,False
POCH-L,Botol 500 Ml,2025-12-01,1,True,False
POCH-L,Botol 500 Ml,2026-01-01,0,True,False
POCH-L,Botol 500 Ml,2026-02-01,1,True,False
"Pantocain 0,5 % 5 ml TM",Botol,2024-01-01,0,True,False
"Pantocain 0,5 % 5 ml TM",Botol,2024-02-01,0,True,False
"Pantocain 0,5 % 5 ml TM",Botol,2024-03-01,0,False,False
"Pantocain 0,5 % 5 ml TM",Botol,2024-04-01,0,False,False
"Pantocain 0,5 % 5 ml TM",Botol,2024-05-01,0,False,False
"Pantocain 0,5 % 5 ml TM",Botol,2024-06-01,0,False,False
"Pantocain 0,5 % 5 ml TM",Botol,2024-07-01,0,False,False
"Pantocain 0,5 % 5 ml TM",Botol,2024-08-01,0,False,False
"Pantocain 0,5 % 5 ml TM",Botol,2024-09-01,0,False,False
"Pantocain 0,5 % 5 ml TM",Botol,2024-10-01,0,False,False
"Pantocain 0,5 % 5 ml TM",Botol,2024-11-01,0,False,False
"Pantocain 0,5 % 5 ml TM",Botol,2024-12-01,0,False,False
"Pantocain 0,5 % 5 ml TM",Botol,2025-01-01,0,False,False
"Pantocain 0,5 % 5 ml TM",Botol,2025-02-01,0,False,False
"Pantocain 0,5 % 5 ml TM",Botol,2025-03-01,0,False,False
"Pantocain 0,5 % 5 ml TM",Botol,2025-04-01,0,False,True
"Pantocain 0,5 % 5 ml TM",Botol,2025-05-01,0,False,False
"Pantocain 0,5 % 5 ml TM",Botol,2025-06-01,0,False,False
"Pantocain 0,5 % 5 ml TM",Botol,2025-07-01,0,False,False
"Pantocain 0,5 % 5 ml TM",Botol,2025-08-01,0,False,False
"Pantocain 0,5 % 5 ml TM",Botol,2025-09-01,0,False,False
"Pantocain 0,5 % 5 ml TM",Botol,2025-10-01,0,False,False
"Pantocain 0,5 % 5 ml TM",Botol,2025-11-01,0,False,False
"Pantocain 0,5 % 5 ml TM",Botol,2025-12-01,0,False,False
"Pantocain 0,5 % 5 ml TM",Botol,2026-01-01,0,False,False
"Pantocain 0,5 % 5 ml TM",Botol,2026-02-01,0,False,False
Papaverin 40 mg,Tablet,2024-01-01,0,True,False
Papaverin 40 mg,Tablet,2024-02-01,0,True,False
Papaverin 40 mg,Tablet,2024-03-01,0,True,False
Papaverin 40 mg,Tablet,2024-04-01,0,True,False
Papaverin 40 mg,Tablet,2024-05-01,0,True,False
Papaverin 40 mg,Tablet,2024-06-01,0,True,False
Papaverin 40 mg,Tablet,2024-07-01,0,True,False
Papaverin 40 mg,Tablet,2024-08-01,0,True,False
Papaverin 40 mg,Tablet,2024-09-01,0,True,False
Papaverin 40 mg,Tablet,2024-10-01,0,True,False
Papaverin 40 mg,Tablet,2024-11-01,0,True,False
Papaverin 40 mg,Tablet,2024-12-01,0,True,False
Papaverin 40 mg,Tablet,2025-01-01,0,False,False
Papaverin 40 mg,Tablet,2025-02-01,0,False,False
Papaverin 40 mg,Tablet,2025-03-01,0,False,False
Papaverin 40 mg,Tablet,2025-04-01,0,False,True
Papaverin 40 mg,Tablet,2025-05-01,0,False,False
Papaverin 40 mg,Tablet,2025-06-01,0,False,False
Papaverin 40 mg,Tablet,2025-07-01,0,False,False
Papaverin 40 mg,Tablet,2025-08-01,0,False,False
Papaverin 40 mg,Tablet,2025-09-01,0,False,False
Papaverin 40 mg,Tablet,2025-10-01,0,False,False
Papaverin 40 mg,Tablet,2025-11-01,0,False,False
Papaverin 40 mg,Tablet,2025-12-01,0,False,False
Papaverin 40 mg,Tablet,2026-01-01,0,False,False
Papaverin 40 mg,Tablet,2026-02-01,0,False,False
Parasetamol 500 mg,Tablet,2024-01-01,2600,True,False
Parasetamol 500 mg,Tablet,2024-02-01,2000,True,False
Parasetamol 500 mg,Tablet,2024-03-01,1700,True,False
Parasetamol 500 mg,Tablet,2024-04-01,1800,True,False
Parasetamol 500 mg,Tablet,2024-05-01,1700,True,False
Parasetamol 500 mg,Tablet,2024-06-01,2240,True,False
Parasetamol 500 mg,Tablet,2024-07-01,4060,True,False
Parasetamol 500 mg,Tablet,2024-08-01,2950,True,False
Parasetamol 500 mg,Tablet,2024-09-01,1900,True,False
Parasetamol 500 mg,Tablet,2024-10-01,5100,True,False
Parasetamol 500 mg,Tablet,2024-11-01,2040,True,False
Parasetamol 500 mg,Tablet,2024-12-01,7440,True,False
Parasetamol 500 mg,Tablet,2025-01-01,3690,True,False
Parasetamol 500 mg,Tablet,2025-02-01,3369,True,False
Parasetamol 500 mg,Tablet,2025-03-01,2141,True,False
Parasetamol 500 mg,Tablet,2025-04-01,9696,False,True
Parasetamol 500 mg,Tablet,2025-05-01,17250,True,False
Parasetamol 500 mg,Tablet,2025-06-01,12070,True,False
Parasetamol 500 mg,Tablet,2025-07-01,2320,True,False
Parasetamol 500 mg,Tablet,2025-08-01,28010,True,False
Parasetamol 500 mg,Tablet,2025-09-01,12060,True,False
Parasetamol 500 mg,Tablet,2025-10-01,12440,True,False
Parasetamol 500 mg,Tablet,2025-11-01,2600,True,False
Parasetamol 500 mg,Tablet,2025-12-01,20931,True,False
Parasetamol 500 mg,Tablet,2026-01-01,3053,True,False
Parasetamol 500 mg,Tablet,2026-02-01,2191,True,False
Parasetamol Supp,Supp,2024-01-01,0,True,False
Parasetamol Supp,Supp,2024-02-01,0,True,False
Parasetamol Supp,Supp,2024-03-01,0,True,False
Parasetamol Supp,Supp,2024-04-01,0,True,False
Parasetamol Supp,Supp,2024-05-01,0,True,False
Parasetamol Supp,Supp,2024-06-01,7,True,False
Parasetamol Supp,Supp,2024-07-01,0,True,False
Parasetamol Supp,Supp,2024-08-01,3,True,False
Parasetamol Supp,Supp,2024-09-01,9,True,False
Parasetamol Supp,Supp,2024-10-01,24,True,False
Parasetamol Supp,Supp,2024-11-01,0,True,False
Parasetamol Supp,Supp,2024-12-01,0,True,False
Parasetamol Supp,Supp,2025-01-01,72,True,False
Parasetamol Supp,Supp,2025-02-01,0,True,False
Parasetamol Supp,Supp,2025-03-01,0,True,False
Parasetamol Supp,Supp,2025-04-01,0,False,True
Parasetamol Supp,Supp,2025-05-01,0,True,False
Parasetamol Supp,Supp,2025-06-01,12,True,False
Parasetamol Supp,Supp,2025-07-01,0,True,False
Parasetamol Supp,Supp,2025-08-01,0,True,False
Parasetamol Supp,Supp,2025-09-01,0,True,False
Parasetamol Supp,Supp,2025-10-01,0,True,False
Parasetamol Supp,Supp,2025-11-01,6,True,False
Parasetamol Supp,Supp,2025-12-01,0,True,False
Parasetamol Supp,Supp,2026-01-01,0,True,False
Parasetamol Supp,Supp,2026-02-01,0,True,False
Parasetamol drops 100 mg/ml,Tidak Diketahui,2024-01-01,0,False,False
Parasetamol drops 100 mg/ml,Tidak Diketahui,2024-02-01,0,False,False
Parasetamol drops 100 mg/ml,Tidak Diketahui,2024-03-01,0,False,False
Parasetamol drops 100 mg/ml,Tidak Diketahui,2024-04-01,0,False,False
Parasetamol drops 100 mg/ml,Tidak Diketahui,2024-05-01,0,False,False
Parasetamol drops 100 mg/ml,Tidak Diketahui,2024-06-01,0,False,False
Parasetamol drops 100 mg/ml,Tidak Diketahui,2024-07-01,0,False,False
Parasetamol drops 100 mg/ml,Tidak Diketahui,2024-08-01,0,False,False
Parasetamol drops 100 mg/ml,Tidak Diketahui,2024-09-01,0,False,False
Parasetamol drops 100 mg/ml,Tidak Diketahui,2024-10-01,0,False,False
Parasetamol drops 100 mg/ml,Tidak Diketahui,2024-11-01,0,False,False
Parasetamol drops 100 mg/ml,Tidak Diketahui,2024-12-01,0,False,False
Parasetamol drops 100 mg/ml,Tidak Diketahui,2025-01-01,0,True,False
Parasetamol drops 100 mg/ml,Tidak Diketahui,2025-02-01,0,True,False
Parasetamol drops 100 mg/ml,Tidak Diketahui,2025-03-01,0,True,False
Parasetamol drops 100 mg/ml,Tidak Diketahui,2025-04-01,0,False,True
Parasetamol drops 100 mg/ml,Tidak Diketahui,2025-05-01,0,True,False
Parasetamol drops 100 mg/ml,Tidak Diketahui,2025-06-01,0,True,False
Parasetamol drops 100 mg/ml,Tidak Diketahui,2025-07-01,0,True,False
Parasetamol drops 100 mg/ml,Tidak Diketahui,2025-08-01,0,True,False
Parasetamol drops 100 mg/ml,Tidak Diketahui,2025-09-01,0,True,False
Parasetamol drops 100 mg/ml,Tidak Diketahui,2025-10-01,0,True,False
Parasetamol drops 100 mg/ml,Tidak Diketahui,2025-11-01,0,True,False
Parasetamol drops 100 mg/ml,Tidak Diketahui,2025-12-01,0,True,False
Parasetamol drops 100 mg/ml,Tidak Diketahui,2026-01-01,0,False,False
Parasetamol drops 100 mg/ml,Tidak Diketahui,2026-02-01,0,False,False
Parasetamol sirup 120 mg/5 ml,Botol 60 Ml,2024-01-01,22,True,False
Parasetamol sirup 120 mg/5 ml,Botol 60 Ml,2024-02-01,31,True,False
Parasetamol sirup 120 mg/5 ml,Botol 60 Ml,2024-03-01,34,True,False
Parasetamol sirup 120 mg/5 ml,Botol 60 Ml,2024-04-01,9,True,False
Parasetamol sirup 120 mg/5 ml,Botol 60 Ml,2024-05-01,47,True,False
Parasetamol sirup 120 mg/5 ml,Botol 60 Ml,2024-06-01,25,True,False
Parasetamol sirup 120 mg/5 ml,Botol 60 Ml,2024-07-01,31,True,False
Parasetamol sirup 120 mg/5 ml,Botol 60 Ml,2024-08-01,19,True,False
Parasetamol sirup 120 mg/5 ml,Botol 60 Ml,2024-09-01,15,True,False
Parasetamol sirup 120 mg/5 ml,Botol 60 Ml,2024-10-01,21,True,False
Parasetamol sirup 120 mg/5 ml,Botol 60 Ml,2024-11-01,7,True,False
Parasetamol sirup 120 mg/5 ml,Botol 60 Ml,2024-12-01,18,True,False
Parasetamol sirup 120 mg/5 ml,Botol 60 Ml,2025-01-01,4,True,False
Parasetamol sirup 120 mg/5 ml,Botol 60 Ml,2025-02-01,18,True,False
Parasetamol sirup 120 mg/5 ml,Botol 60 Ml,2025-03-01,13,True,False
Parasetamol sirup 120 mg/5 ml,Botol 60 Ml,2025-04-01,22,False,True
Parasetamol sirup 120 mg/5 ml,Botol 60 Ml,2025-05-01,31,True,False
Parasetamol sirup 120 mg/5 ml,Botol 60 Ml,2025-06-01,22,True,False
Parasetamol sirup 120 mg/5 ml,Botol 60 Ml,2025-07-01,4,True,False
Parasetamol sirup 120 mg/5 ml,Botol 60 Ml,2025-08-01,0,True,False
Parasetamol sirup 120 mg/5 ml,Botol 60 Ml,2025-09-01,98,True,False
Parasetamol sirup 120 mg/5 ml,Botol 60 Ml,2025-10-01,27,True,False
Parasetamol sirup 120 mg/5 ml,Botol 60 Ml,2025-11-01,14,True,False
Parasetamol sirup 120 mg/5 ml,Botol 60 Ml,2025-12-01,15,True,False
Parasetamol sirup 120 mg/5 ml,Botol 60 Ml,2026-01-01,23,True,False
Parasetamol sirup 120 mg/5 ml,Botol 60 Ml,2026-02-01,23,True,False
Perak Sulfadiazine,Tube,2024-01-01,0,False,False
Perak Sulfadiazine,Tube,2024-02-01,1,True,False
Perak Sulfadiazine,Tube,2024-03-01,0,True,False
Perak Sulfadiazine,Tube,2024-04-01,3,True,False
Perak Sulfadiazine,Tube,2024-05-01,0,True,False
Perak Sulfadiazine,Tube,2024-06-01,0,True,False
Perak Sulfadiazine,Tube,2024-07-01,0,True,False
Perak Sulfadiazine,Tube,2024-08-01,1,True,False
Perak Sulfadiazine,Tube,2024-09-01,3,True,False
Perak Sulfadiazine,Tube,2024-10-01,0,True,False
Perak Sulfadiazine,Tube,2024-11-01,3,True,False
Perak Sulfadiazine,Tube,2024-12-01,0,True,False
Perak Sulfadiazine,Tube,2025-01-01,0,False,False
Perak Sulfadiazine,Tube,2025-02-01,0,False,False
Perak Sulfadiazine,Tube,2025-03-01,0,False,False
Perak Sulfadiazine,Tube,2025-04-01,0,False,True
Perak Sulfadiazine,Tube,2025-05-01,0,False,False
Perak Sulfadiazine,Tube,2025-06-01,0,False,False
Perak Sulfadiazine,Tube,2025-07-01,0,False,False
Perak Sulfadiazine,Tube,2025-08-01,0,False,False
Perak Sulfadiazine,Tube,2025-09-01,0,False,False
Perak Sulfadiazine,Tube,2025-10-01,0,False,False
Perak Sulfadiazine,Tube,2025-11-01,0,False,False
Perak Sulfadiazine,Tube,2025-12-01,0,False,False
Perak Sulfadiazine,Tube,2026-01-01,0,True,False
Perak Sulfadiazine,Tube,2026-02-01,1,True,False
Permethrin cream,Tube,2024-01-01,0,False,False
Permethrin cream,Tube,2024-02-01,0,False,False
Permethrin cream,Tube,2024-03-01,0,False,False
Permethrin cream,Tube,2024-04-01,0,False,False
Permethrin cream,Tube,2024-05-01,0,False,False
Permethrin cream,Tube,2024-06-01,0,False,False
Permethrin cream,Tube,2024-07-01,0,False,False
Permethrin cream,Tube,2024-08-01,0,False,False
Permethrin cream,Tube,2024-09-01,0,False,False
Permethrin cream,Tube,2024-10-01,0,False,False
Permethrin cream,Tube,2024-11-01,0,False,False
Permethrin cream,Tube,2024-12-01,0,False,False
Permethrin cream,Tube,2025-01-01,0,False,False
Permethrin cream,Tube,2025-02-01,0,False,False
Permethrin cream,Tube,2025-03-01,0,False,False
Permethrin cream,Tube,2025-04-01,0,False,True
Permethrin cream,Tube,2025-05-01,0,False,False
Permethrin cream,Tube,2025-06-01,0,False,False
Permethrin cream,Tube,2025-07-01,0,False,False
Permethrin cream,Tube,2025-08-01,0,False,False
Permethrin cream,Tube,2025-09-01,0,False,False
Permethrin cream,Tube,2025-10-01,0,False,False
Permethrin cream,Tube,2025-11-01,0,False,False
Permethrin cream,Tube,2025-12-01,0,False,False
Permethrin cream,Tube,2026-01-01,6,True,False
Permethrin cream,Tube,2026-02-01,1,True,False
Permethrin cream 10,Tube,2024-01-01,0,False,False
Permethrin cream 10,Tube,2024-02-01,0,False,False
Permethrin cream 10,Tube,2024-03-01,0,False,False
Permethrin cream 10,Tube,2024-04-01,0,False,False
Permethrin cream 10,Tube,2024-05-01,0,False,False
Permethrin cream 10,Tube,2024-06-01,0,False,False
Permethrin cream 10,Tube,2024-07-01,0,False,False
Permethrin cream 10,Tube,2024-08-01,0,False,False
Permethrin cream 10,Tube,2024-09-01,0,False,False
Permethrin cream 10,Tube,2024-10-01,0,False,False
Permethrin cream 10,Tube,2024-11-01,0,False,False
Permethrin cream 10,Tube,2024-12-01,0,False,False
Permethrin cream 10,Tube,2025-01-01,0,True,False
Permethrin cream 10,Tube,2025-02-01,5,True,False
Permethrin cream 10,Tube,2025-03-01,4,True,False
Permethrin cream 10,Tube,2025-04-01,4,False,True
Permethrin cream 10,Tube,2025-05-01,3,True,False
Permethrin cream 10,Tube,2025-06-01,8,True,False
Permethrin cream 10,Tube,2025-07-01,14,True,False
Permethrin cream 10,Tube,2025-08-01,0,True,False
Permethrin cream 10,Tube,2025-09-01,0,True,False
Permethrin cream 10,Tube,2025-10-01,0,True,False
Permethrin cream 10,Tube,2025-11-01,0,True,False
Permethrin cream 10,Tube,2025-12-01,0,True,False
Permethrin cream 10,Tube,2026-01-01,0,False,False
Permethrin cream 10,Tube,2026-02-01,0,False,False
Permethrin cream 11,Tube,2024-01-01,0,False,False
Permethrin cream 11,Tube,2024-02-01,0,False,False
Permethrin cream 11,Tube,2024-03-01,0,False,False
Permethrin cream 11,Tube,2024-04-01,0,False,False
Permethrin cream 11,Tube,2024-05-01,0,False,False
Permethrin cream 11,Tube,2024-06-01,0,False,False
Permethrin cream 11,Tube,2024-07-01,0,False,False
Permethrin cream 11,Tube,2024-08-01,0,False,False
Permethrin cream 11,Tube,2024-09-01,0,False,False
Permethrin cream 11,Tube,2024-10-01,0,False,False
Permethrin cream 11,Tube,2024-11-01,0,False,False
Permethrin cream 11,Tube,2024-12-01,0,False,False
Permethrin cream 11,Tube,2025-01-01,1,True,False
Permethrin cream 11,Tube,2025-02-01,0,False,False
Permethrin cream 11,Tube,2025-03-01,0,False,False
Permethrin cream 11,Tube,2025-04-01,0,False,True
Permethrin cream 11,Tube,2025-05-01,0,True,False
Permethrin cream 11,Tube,2025-06-01,0,True,False
Permethrin cream 11,Tube,2025-07-01,0,True,False
Permethrin cream 11,Tube,2025-08-01,2,True,False
Permethrin cream 11,Tube,2025-09-01,5,True,False
Permethrin cream 11,Tube,2025-10-01,3,True,False
Permethrin cream 11,Tube,2025-11-01,3,True,False
Permethrin cream 11,Tube,2025-12-01,4,True,False
Permethrin cream 11,Tube,2026-01-01,0,False,False
Permethrin cream 11,Tube,2026-02-01,0,False,False
Pharmaton Vit,Tidak Diketahui,2024-01-01,0,False,False
Pharmaton Vit,Tidak Diketahui,2024-02-01,0,False,False
Pharmaton Vit,Tidak Diketahui,2024-03-01,0,False,False
Pharmaton Vit,Tidak Diketahui,2024-04-01,0,False,False
Pharmaton Vit,Tidak Diketahui,2024-05-01,0,False,False
Pharmaton Vit,Tidak Diketahui,2024-06-01,0,False,False
Pharmaton Vit,Tidak Diketahui,2024-07-01,0,False,False
Pharmaton Vit,Tidak Diketahui,2024-08-01,0,False,False
Pharmaton Vit,Tidak Diketahui,2024-09-01,0,False,False
Pharmaton Vit,Tidak Diketahui,2024-10-01,0,False,False
Pharmaton Vit,Tidak Diketahui,2024-11-01,0,False,False
Pharmaton Vit,Tidak Diketahui,2024-12-01,0,False,False
Pharmaton Vit,Tidak Diketahui,2025-01-01,0,True,False
Pharmaton Vit,Tidak Diketahui,2025-02-01,0,True,False
Pharmaton Vit,Tidak Diketahui,2025-03-01,0,True,False
Pharmaton Vit,Tidak Diketahui,2025-04-01,0,False,True
Pharmaton Vit,Tidak Diketahui,2025-05-01,0,True,False
Pharmaton Vit,Tidak Diketahui,2025-06-01,0,True,False
Pharmaton Vit,Tidak Diketahui,2025-07-01,0,True,False
Pharmaton Vit,Tidak Diketahui,2025-08-01,0,True,False
Pharmaton Vit,Tidak Diketahui,2025-09-01,0,True,False
Pharmaton Vit,Tidak Diketahui,2025-10-01,0,True,False
Pharmaton Vit,Tidak Diketahui,2025-11-01,0,True,False
Pharmaton Vit,Tidak Diketahui,2025-12-01,0,True,False
Pharmaton Vit,Tidak Diketahui,2026-01-01,0,False,False
Pharmaton Vit,Tidak Diketahui,2026-02-01,0,False,False
Pinkid's Obat Batuk Anak,Botol,2024-01-01,0,False,False
Pinkid's Obat Batuk Anak,Botol,2024-02-01,0,False,False
Pinkid's Obat Batuk Anak,Botol,2024-03-01,0,False,False
Pinkid's Obat Batuk Anak,Botol,2024-04-01,0,False,False
Pinkid's Obat Batuk Anak,Botol,2024-05-01,0,False,False
Pinkid's Obat Batuk Anak,Botol,2024-06-01,0,False,False
Pinkid's Obat Batuk Anak,Botol,2024-07-01,0,False,False
Pinkid's Obat Batuk Anak,Botol,2024-08-01,0,False,False
Pinkid's Obat Batuk Anak,Botol,2024-09-01,0,False,False
Pinkid's Obat Batuk Anak,Botol,2024-10-01,0,False,False
Pinkid's Obat Batuk Anak,Botol,2024-11-01,0,False,False
Pinkid's Obat Batuk Anak,Botol,2024-12-01,0,False,False
Pinkid's Obat Batuk Anak,Botol,2025-01-01,0,False,False
Pinkid's Obat Batuk Anak,Botol,2025-02-01,0,True,False
Pinkid's Obat Batuk Anak,Botol,2025-03-01,1,True,False
Pinkid's Obat Batuk Anak,Botol,2025-04-01,8,False,True
Pinkid's Obat Batuk Anak,Botol,2025-05-01,14,True,False
Pinkid's Obat Batuk Anak,Botol,2025-06-01,11,True,False
Pinkid's Obat Batuk Anak,Botol,2025-07-01,12,True,False
Pinkid's Obat Batuk Anak,Botol,2025-08-01,64,True,False
Pinkid's Obat Batuk Anak,Botol,2025-09-01,15,True,False
Pinkid's Obat Batuk Anak,Botol,2025-10-01,49,True,False
Pinkid's Obat Batuk Anak,Botol,2025-11-01,49,True,False
Pinkid's Obat Batuk Anak,Botol,2025-12-01,31,True,False
Pinkid's Obat Batuk Anak,Botol,2026-01-01,3,True,False
Pinkid's Obat Batuk Anak,Botol,2026-02-01,31,True,False
Piracetam 400 mg kapsul,Tidak Diketahui,2024-01-01,0,False,False
Piracetam 400 mg kapsul,Tidak Diketahui,2024-02-01,0,False,False
Piracetam 400 mg kapsul,Tidak Diketahui,2024-03-01,0,False,False
Piracetam 400 mg kapsul,Tidak Diketahui,2024-04-01,0,False,False
Piracetam 400 mg kapsul,Tidak Diketahui,2024-05-01,0,False,False
Piracetam 400 mg kapsul,Tidak Diketahui,2024-06-01,0,False,False
Piracetam 400 mg kapsul,Tidak Diketahui,2024-07-01,0,False,False
Piracetam 400 mg kapsul,Tidak Diketahui,2024-08-01,0,False,False
Piracetam 400 mg kapsul,Tidak Diketahui,2024-09-01,0,False,False
Piracetam 400 mg kapsul,Tidak Diketahui,2024-10-01,0,False,False
Piracetam 400 mg kapsul,Tidak Diketahui,2024-11-01,0,False,False
Piracetam 400 mg kapsul,Tidak Diketahui,2024-12-01,0,False,False
Piracetam 400 mg kapsul,Tidak Diketahui,2025-01-01,0,True,False
Piracetam 400 mg kapsul,Tidak Diketahui,2025-02-01,0,True,False
Piracetam 400 mg kapsul,Tidak Diketahui,2025-03-01,0,True,False
Piracetam 400 mg kapsul,Tidak Diketahui,2025-04-01,0,False,True
Piracetam 400 mg kapsul,Tidak Diketahui,2025-05-01,0,True,False
Piracetam 400 mg kapsul,Tidak Diketahui,2025-06-01,0,True,False
Piracetam 400 mg kapsul,Tidak Diketahui,2025-07-01,0,True,False
Piracetam 400 mg kapsul,Tidak Diketahui,2025-08-01,0,True,False
Piracetam 400 mg kapsul,Tidak Diketahui,2025-09-01,0,True,False
Piracetam 400 mg kapsul,Tidak Diketahui,2025-10-01,0,True,False
Piracetam 400 mg kapsul,Tidak Diketahui,2025-11-01,0,True,False
Piracetam 400 mg kapsul,Tidak Diketahui,2025-12-01,0,True,False
Piracetam 400 mg kapsul,Tidak Diketahui,2026-01-01,0,False,False
Piracetam 400 mg kapsul,Tidak Diketahui,2026-02-01,0,False,False
Piracetam inj 1 g/5 ml,Tidak Diketahui,2024-01-01,0,False,False
Piracetam inj 1 g/5 ml,Tidak Diketahui,2024-02-01,0,False,False
Piracetam inj 1 g/5 ml,Tidak Diketahui,2024-03-01,0,False,False
Piracetam inj 1 g/5 ml,Tidak Diketahui,2024-04-01,0,False,False
Piracetam inj 1 g/5 ml,Tidak Diketahui,2024-05-01,0,False,False
Piracetam inj 1 g/5 ml,Tidak Diketahui,2024-06-01,0,False,False
Piracetam inj 1 g/5 ml,Tidak Diketahui,2024-07-01,0,False,False
Piracetam inj 1 g/5 ml,Tidak Diketahui,2024-08-01,0,False,False
Piracetam inj 1 g/5 ml,Tidak Diketahui,2024-09-01,0,False,False
Piracetam inj 1 g/5 ml,Tidak Diketahui,2024-10-01,0,False,False
Piracetam inj 1 g/5 ml,Tidak Diketahui,2024-11-01,0,False,False
Piracetam inj 1 g/5 ml,Tidak Diketahui,2024-12-01,0,False,False
Piracetam inj 1 g/5 ml,Tidak Diketahui,2025-01-01,0,True,False
Piracetam inj 1 g/5 ml,Tidak Diketahui,2025-02-01,0,True,False
Piracetam inj 1 g/5 ml,Tidak Diketahui,2025-03-01,0,True,False
Piracetam inj 1 g/5 ml,Tidak Diketahui,2025-04-01,0,False,True
Piracetam inj 1 g/5 ml,Tidak Diketahui,2025-05-01,0,True,False
Piracetam inj 1 g/5 ml,Tidak Diketahui,2025-06-01,0,True,False
Piracetam inj 1 g/5 ml,Tidak Diketahui,2025-07-01,0,True,False
Piracetam inj 1 g/5 ml,Tidak Diketahui,2025-08-01,0,True,False
Piracetam inj 1 g/5 ml,Tidak Diketahui,2025-09-01,0,True,False
Piracetam inj 1 g/5 ml,Tidak Diketahui,2025-10-01,0,True,False
Piracetam inj 1 g/5 ml,Tidak Diketahui,2025-11-01,0,True,False
Piracetam inj 1 g/5 ml,Tidak Diketahui,2025-12-01,0,True,False
Piracetam inj 1 g/5 ml,Tidak Diketahui,2026-01-01,0,False,False
Piracetam inj 1 g/5 ml,Tidak Diketahui,2026-02-01,0,False,False
Piracetam inj 3 g / 15 ml,Tidak Diketahui,2024-01-01,0,False,False
Piracetam inj 3 g / 15 ml,Tidak Diketahui,2024-02-01,0,False,False
Piracetam inj 3 g / 15 ml,Tidak Diketahui,2024-03-01,0,False,False
Piracetam inj 3 g / 15 ml,Tidak Diketahui,2024-04-01,0,False,False
Piracetam inj 3 g / 15 ml,Tidak Diketahui,2024-05-01,0,False,False
Piracetam inj 3 g / 15 ml,Tidak Diketahui,2024-06-01,0,False,False
Piracetam inj 3 g / 15 ml,Tidak Diketahui,2024-07-01,0,False,False
Piracetam inj 3 g / 15 ml,Tidak Diketahui,2024-08-01,0,False,False
Piracetam inj 3 g / 15 ml,Tidak Diketahui,2024-09-01,0,False,False
Piracetam inj 3 g / 15 ml,Tidak Diketahui,2024-10-01,0,False,False
Piracetam inj 3 g / 15 ml,Tidak Diketahui,2024-11-01,0,False,False
Piracetam inj 3 g / 15 ml,Tidak Diketahui,2024-12-01,0,False,False
Piracetam inj 3 g / 15 ml,Tidak Diketahui,2025-01-01,0,True,False
Piracetam inj 3 g / 15 ml,Tidak Diketahui,2025-02-01,0,True,False
Piracetam inj 3 g / 15 ml,Tidak Diketahui,2025-03-01,0,True,False
Piracetam inj 3 g / 15 ml,Tidak Diketahui,2025-04-01,0,False,True
Piracetam inj 3 g / 15 ml,Tidak Diketahui,2025-05-01,0,True,False
Piracetam inj 3 g / 15 ml,Tidak Diketahui,2025-06-01,0,True,False
Piracetam inj 3 g / 15 ml,Tidak Diketahui,2025-07-01,0,True,False
Piracetam inj 3 g / 15 ml,Tidak Diketahui,2025-08-01,0,True,False
Piracetam inj 3 g / 15 ml,Tidak Diketahui,2025-09-01,0,True,False
Piracetam inj 3 g / 15 ml,Tidak Diketahui,2025-10-01,0,True,False
Piracetam inj 3 g / 15 ml,Tidak Diketahui,2025-11-01,0,True,False
Piracetam inj 3 g / 15 ml,Tidak Diketahui,2025-12-01,0,True,False
Piracetam inj 3 g / 15 ml,Tidak Diketahui,2026-01-01,0,False,False
Piracetam inj 3 g / 15 ml,Tidak Diketahui,2026-02-01,0,False,False
Pirantel 125 mg,Tidak Diketahui,2024-01-01,0,False,False
Pirantel 125 mg,Tidak Diketahui,2024-02-01,0,False,False
Pirantel 125 mg,Tidak Diketahui,2024-03-01,0,False,False
Pirantel 125 mg,Tidak Diketahui,2024-04-01,0,False,False
Pirantel 125 mg,Tidak Diketahui,2024-05-01,0,False,False
Pirantel 125 mg,Tidak Diketahui,2024-06-01,0,False,False
Pirantel 125 mg,Tidak Diketahui,2024-07-01,0,False,False
Pirantel 125 mg,Tidak Diketahui,2024-08-01,0,False,False
Pirantel 125 mg,Tidak Diketahui,2024-09-01,0,False,False
Pirantel 125 mg,Tidak Diketahui,2024-10-01,0,False,False
Pirantel 125 mg,Tidak Diketahui,2024-11-01,0,False,False
Pirantel 125 mg,Tidak Diketahui,2024-12-01,0,False,False
Pirantel 125 mg,Tidak Diketahui,2025-01-01,0,True,False
Pirantel 125 mg,Tidak Diketahui,2025-02-01,0,True,False
Pirantel 125 mg,Tidak Diketahui,2025-03-01,0,True,False
Pirantel 125 mg,Tidak Diketahui,2025-04-01,0,False,True
Pirantel 125 mg,Tidak Diketahui,2025-05-01,0,True,False
Pirantel 125 mg,Tidak Diketahui,2025-06-01,0,True,False
Pirantel 125 mg,Tidak Diketahui,2025-07-01,0,True,False
Pirantel 125 mg,Tidak Diketahui,2025-08-01,0,True,False
Pirantel 125 mg,Tidak Diketahui,2025-09-01,0,True,False
Pirantel 125 mg,Tidak Diketahui,2025-10-01,0,True,False
Pirantel 125 mg,Tidak Diketahui,2025-11-01,0,True,False
Pirantel 125 mg,Tidak Diketahui,2025-12-01,0,True,False
Pirantel 125 mg,Tidak Diketahui,2026-01-01,0,False,False
Pirantel 125 mg,Tidak Diketahui,2026-02-01,0,False,False
Piridoksin / Vitamin B6 25 mg,Tablet,2024-01-01,0,False,False
Piridoksin / Vitamin B6 25 mg,Tablet,2024-02-01,0,False,False
Piridoksin / Vitamin B6 25 mg,Tablet,2024-03-01,0,False,False
Piridoksin / Vitamin B6 25 mg,Tablet,2024-04-01,0,False,False
Piridoksin / Vitamin B6 25 mg,Tablet,2024-05-01,0,False,False
Piridoksin / Vitamin B6 25 mg,Tablet,2024-06-01,0,False,False
Piridoksin / Vitamin B6 25 mg,Tablet,2024-07-01,0,False,False
Piridoksin / Vitamin B6 25 mg,Tablet,2024-08-01,0,False,False
Piridoksin / Vitamin B6 25 mg,Tablet,2024-09-01,0,False,False
Piridoksin / Vitamin B6 25 mg,Tablet,2024-10-01,0,True,False
Piridoksin / Vitamin B6 25 mg,Tablet,2024-11-01,0,True,False
Piridoksin / Vitamin B6 25 mg,Tablet,2024-12-01,0,True,False
Piridoksin / Vitamin B6 25 mg,Tablet,2025-01-01,367,True,False
Piridoksin / Vitamin B6 25 mg,Tablet,2025-02-01,90,True,False
Piridoksin / Vitamin B6 25 mg,Tablet,2025-03-01,60,True,False
Piridoksin / Vitamin B6 25 mg,Tablet,2025-04-01,160,False,True
Piridoksin / Vitamin B6 25 mg,Tablet,2025-05-01,260,True,False
Piridoksin / Vitamin B6 25 mg,Tablet,2025-06-01,260,True,False
Piridoksin / Vitamin B6 25 mg,Tablet,2025-07-01,100,True,False
Piridoksin / Vitamin B6 25 mg,Tablet,2025-08-01,400,True,False
Piridoksin / Vitamin B6 25 mg,Tablet,2025-09-01,0,True,False
Piridoksin / Vitamin B6 25 mg,Tablet,2025-10-01,260,True,False
Piridoksin / Vitamin B6 25 mg,Tablet,2025-11-01,0,True,False
Piridoksin / Vitamin B6 25 mg,Tablet,2025-12-01,290,True,False
Piridoksin / Vitamin B6 25 mg,Tablet,2026-01-01,72,True,False
Piridoksin / Vitamin B6 25 mg,Tablet,2026-02-01,450,True,False
Piridoksin 10 mg (Vit. B6),Tablet,2024-01-01,0,False,False
Piridoksin 10 mg (Vit. B6),Tablet,2024-02-01,0,False,False
Piridoksin 10 mg (Vit. B6),Tablet,2024-03-01,0,False,False
Piridoksin 10 mg (Vit. B6),Tablet,2024-04-01,0,False,False
Piridoksin 10 mg (Vit. B6),Tablet,2024-05-01,0,False,False
Piridoksin 10 mg (Vit. B6),Tablet,2024-06-01,0,False,False
Piridoksin 10 mg (Vit. B6),Tablet,2024-07-01,0,False,False
Piridoksin 10 mg (Vit. B6),Tablet,2024-08-01,0,False,False
Piridoksin 10 mg (Vit. B6),Tablet,2024-09-01,0,False,False
Piridoksin 10 mg (Vit. B6),Tablet,2024-10-01,0,False,False
Piridoksin 10 mg (Vit. B6),Tablet,2024-11-01,0,False,False
Piridoksin 10 mg (Vit. B6),Tablet,2024-12-01,0,False,False
Piridoksin 10 mg (Vit. B6),Tablet,2025-01-01,60,True,False
Piridoksin 10 mg (Vit. B6),Tablet,2025-02-01,1770,True,False
Piridoksin 10 mg (Vit. B6),Tablet,2025-03-01,240,True,False
Piridoksin 10 mg (Vit. B6),Tablet,2025-04-01,120,False,True
Piridoksin 10 mg (Vit. B6),Tablet,2025-05-01,0,True,False
Piridoksin 10 mg (Vit. B6),Tablet,2025-06-01,20,True,False
Piridoksin 10 mg (Vit. B6),Tablet,2025-07-01,100,True,False
Piridoksin 10 mg (Vit. B6),Tablet,2025-08-01,400,True,False
Piridoksin 10 mg (Vit. B6),Tablet,2025-09-01,620,True,False
Piridoksin 10 mg (Vit. B6),Tablet,2025-10-01,195,True,False
Piridoksin 10 mg (Vit. B6),Tablet,2025-11-01,45,True,False
Piridoksin 10 mg (Vit. B6),Tablet,2025-12-01,254,True,False
Piridoksin 10 mg (Vit. B6),Tablet,2026-01-01,0,True,False
Piridoksin 10 mg (Vit. B6),Tablet,2026-02-01,250,True,False
Piroksikam 10 mg,Tablet,2024-01-01,0,True,False
Piroksikam 10 mg,Tablet,2024-02-01,0,True,False
Piroksikam 10 mg,Tablet,2024-03-01,340,True,False
Piroksikam 10 mg,Tablet,2024-04-01,600,True,False
Piroksikam 10 mg,Tablet,2024-05-01,260,True,False
Piroksikam 10 mg,Tablet,2024-06-01,0,True,False
Piroksikam 10 mg,Tablet,2024-07-01,0,True,False
Piroksikam 10 mg,Tablet,2024-08-01,0,True,False
Piroksikam 10 mg,Tablet,2024-09-01,0,True,False
Piroksikam 10 mg,Tablet,2024-10-01,0,True,False
Piroksikam 10 mg,Tablet,2024-11-01,0,True,False
Piroksikam 10 mg,Tablet,2024-12-01,0,True,False
Piroksikam 10 mg,Tablet,2025-01-01,0,True,False
Piroksikam 10 mg,Tablet,2025-02-01,0,True,False
Piroksikam 10 mg,Tablet,2025-03-01,0,True,False
Piroksikam 10 mg,Tablet,2025-04-01,0,False,True
Piroksikam 10 mg,Tablet,2025-05-01,0,True,False
Piroksikam 10 mg,Tablet,2025-06-01,0,True,False
Piroksikam 10 mg,Tablet,2025-07-01,0,True,False
Piroksikam 10 mg,Tablet,2025-08-01,0,True,False
Piroksikam 10 mg,Tablet,2025-09-01,0,True,False
Piroksikam 10 mg,Tablet,2025-10-01,0,True,False
Piroksikam 10 mg,Tablet,2025-11-01,0,True,False
Piroksikam 10 mg,Tablet,2025-12-01,0,True,False
Piroksikam 10 mg,Tablet,2026-01-01,0,True,False
Piroksikam 10 mg,Tablet,2026-02-01,0,True,False
Piroksikam 20 mg,Tablet,2024-01-01,1240,True,False
Piroksikam 20 mg,Tablet,2024-02-01,1590,True,False
Piroksikam 20 mg,Tablet,2024-03-01,0,True,False
Piroksikam 20 mg,Tablet,2024-04-01,0,True,False
Piroksikam 20 mg,Tablet,2024-05-01,0,True,False
Piroksikam 20 mg,Tablet,2024-06-01,0,True,False
Piroksikam 20 mg,Tablet,2024-07-01,0,True,False
Piroksikam 20 mg,Tablet,2024-08-01,0,True,False
Piroksikam 20 mg,Tablet,2024-09-01,0,True,False
Piroksikam 20 mg,Tablet,2024-10-01,0,True,False
Piroksikam 20 mg,Tablet,2024-11-01,0,True,False
Piroksikam 20 mg,Tablet,2024-12-01,0,True,False
Piroksikam 20 mg,Tablet,2025-01-01,0,True,False
Piroksikam 20 mg,Tablet,2025-02-01,0,True,False
Piroksikam 20 mg,Tablet,2025-03-01,0,True,False
Piroksikam 20 mg,Tablet,2025-04-01,0,False,True
Piroksikam 20 mg,Tablet,2025-05-01,0,True,False
Piroksikam 20 mg,Tablet,2025-06-01,0,True,False
Piroksikam 20 mg,Tablet,2025-07-01,0,True,False
Piroksikam 20 mg,Tablet,2025-08-01,0,True,False
Piroksikam 20 mg,Tablet,2025-09-01,0,True,False
Piroksikam 20 mg,Tablet,2025-10-01,0,True,False
Piroksikam 20 mg,Tablet,2025-11-01,0,True,False
Piroksikam 20 mg,Tablet,2025-12-01,0,True,False
Piroksikam 20 mg,Tablet,2026-01-01,0,True,False
Piroksikam 20 mg,Tablet,2026-02-01,0,True,False
Plaque Disclosing 10 ml,Botol,2024-01-01,0,False,False
Plaque Disclosing 10 ml,Botol,2024-02-01,0,False,False
Plaque Disclosing 10 ml,Botol,2024-03-01,0,False,False
Plaque Disclosing 10 ml,Botol,2024-04-01,0,False,False
Plaque Disclosing 10 ml,Botol,2024-05-01,0,False,False
Plaque Disclosing 10 ml,Botol,2024-06-01,0,False,False
Plaque Disclosing 10 ml,Botol,2024-07-01,0,False,False
Plaque Disclosing 10 ml,Botol,2024-08-01,0,False,False
Plaque Disclosing 10 ml,Botol,2024-09-01,0,False,False
Plaque Disclosing 10 ml,Botol,2024-10-01,0,False,False
Plaque Disclosing 10 ml,Botol,2024-11-01,0,False,False
Plaque Disclosing 10 ml,Botol,2024-12-01,0,False,False
Plaque Disclosing 10 ml,Botol,2025-01-01,0,False,False
Plaque Disclosing 10 ml,Botol,2025-02-01,0,False,False
Plaque Disclosing 10 ml,Botol,2025-03-01,0,False,False
Plaque Disclosing 10 ml,Botol,2025-04-01,0,False,True
Plaque Disclosing 10 ml,Botol,2025-05-01,0,False,False
Plaque Disclosing 10 ml,Botol,2025-06-01,0,False,False
Plaque Disclosing 10 ml,Botol,2025-07-01,0,False,False
Plaque Disclosing 10 ml,Botol,2025-08-01,0,False,False
Plaque Disclosing 10 ml,Botol,2025-09-01,0,False,False
Plaque Disclosing 10 ml,Botol,2025-10-01,0,False,False
Plaque Disclosing 10 ml,Botol,2025-11-01,0,False,False
Plaque Disclosing 10 ml,Botol,2025-12-01,0,False,False
Plaque Disclosing 10 ml,Botol,2026-01-01,0,False,False
Plaque Disclosing 10 ml,Botol,2026-02-01,0,True,False
Polibib,Kotak,2024-01-01,0,False,False
Polibib,Kotak,2024-02-01,0,False,False
Polibib,Kotak,2024-03-01,0,False,False
Polibib,Kotak,2024-04-01,0,False,False
Polibib,Kotak,2024-05-01,0,False,False
Polibib,Kotak,2024-06-01,0,False,False
Polibib,Kotak,2024-07-01,0,False,False
Polibib,Kotak,2024-08-01,0,False,False
Polibib,Kotak,2024-09-01,0,False,False
Polibib,Kotak,2024-10-01,0,False,False
Polibib,Kotak,2024-11-01,0,False,False
Polibib,Kotak,2024-12-01,0,False,False
Polibib,Kotak,2025-01-01,0,False,False
Polibib,Kotak,2025-02-01,0,False,False
Polibib,Kotak,2025-03-01,0,True,False
Polibib,Kotak,2025-04-01,0,False,True
Polibib,Kotak,2025-05-01,0,True,False
Polibib,Kotak,2025-06-01,0,True,False
Polibib,Kotak,2025-07-01,0,True,False
Polibib,Kotak,2025-08-01,0,True,False
Polibib,Kotak,2025-09-01,0,True,False
Polibib,Kotak,2025-10-01,0,True,False
Polibib,Kotak,2025-11-01,0,True,False
Polibib,Kotak,2025-12-01,0,True,False
Polibib,Kotak,2026-01-01,0,False,False
Polibib,Kotak,2026-02-01,0,False,False
Polidemisin eye drop,Tidak Diketahui,2024-01-01,0,False,False
Polidemisin eye drop,Tidak Diketahui,2024-02-01,0,False,False
Polidemisin eye drop,Tidak Diketahui,2024-03-01,0,False,False
Polidemisin eye drop,Tidak Diketahui,2024-04-01,0,False,False
Polidemisin eye drop,Tidak Diketahui,2024-05-01,0,False,False
Polidemisin eye drop,Tidak Diketahui,2024-06-01,0,False,False
Polidemisin eye drop,Tidak Diketahui,2024-07-01,0,False,False
Polidemisin eye drop,Tidak Diketahui,2024-08-01,0,False,False
Polidemisin eye drop,Tidak Diketahui,2024-09-01,0,False,False
Polidemisin eye drop,Tidak Diketahui,2024-10-01,0,False,False
Polidemisin eye drop,Tidak Diketahui,2024-11-01,0,False,False
Polidemisin eye drop,Tidak Diketahui,2024-12-01,0,False,False
Polidemisin eye drop,Tidak Diketahui,2025-01-01,0,True,False
Polidemisin eye drop,Tidak Diketahui,2025-02-01,0,True,False
Polidemisin eye drop,Tidak Diketahui,2025-03-01,0,True,False
Polidemisin eye drop,Tidak Diketahui,2025-04-01,0,False,True
Polidemisin eye drop,Tidak Diketahui,2025-05-01,0,True,False
Polidemisin eye drop,Tidak Diketahui,2025-06-01,0,True,False
Polidemisin eye drop,Tidak Diketahui,2025-07-01,0,True,False
Polidemisin eye drop,Tidak Diketahui,2025-08-01,0,True,False
Polidemisin eye drop,Tidak Diketahui,2025-09-01,0,True,False
Polidemisin eye drop,Tidak Diketahui,2025-10-01,0,True,False
Polidemisin eye drop,Tidak Diketahui,2025-11-01,0,True,False
Polidemisin eye drop,Tidak Diketahui,2025-12-01,0,True,False
Polidemisin eye drop,Tidak Diketahui,2026-01-01,0,False,False
Polidemisin eye drop,Tidak Diketahui,2026-02-01,0,False,False
Polikresulen cairan / Aptil,Botol 10 Ml,2024-01-01,0,True,False
Polikresulen cairan / Aptil,Botol 10 Ml,2024-02-01,0,True,False
Polikresulen cairan / Aptil,Botol 10 Ml,2024-03-01,0,True,False
Polikresulen cairan / Aptil,Botol 10 Ml,2024-04-01,0,True,False
Polikresulen cairan / Aptil,Botol 10 Ml,2024-05-01,0,True,False
Polikresulen cairan / Aptil,Botol 10 Ml,2024-06-01,0,True,False
Polikresulen cairan / Aptil,Botol 10 Ml,2024-07-01,0,True,False
Polikresulen cairan / Aptil,Botol 10 Ml,2024-08-01,0,True,False
Polikresulen cairan / Aptil,Botol 10 Ml,2024-09-01,0,True,False
Polikresulen cairan / Aptil,Botol 10 Ml,2024-10-01,0,True,False
Polikresulen cairan / Aptil,Botol 10 Ml,2024-11-01,0,True,False
Polikresulen cairan / Aptil,Botol 10 Ml,2024-12-01,0,True,False
Polikresulen cairan / Aptil,Botol 10 Ml,2025-01-01,0,True,False
Polikresulen cairan / Aptil,Botol 10 Ml,2025-02-01,0,True,False
Polikresulen cairan / Aptil,Botol 10 Ml,2025-03-01,0,True,False
Polikresulen cairan / Aptil,Botol 10 Ml,2025-04-01,0,False,True
Polikresulen cairan / Aptil,Botol 10 Ml,2025-05-01,0,True,False
Polikresulen cairan / Aptil,Botol 10 Ml,2025-06-01,0,True,False
Polikresulen cairan / Aptil,Botol 10 Ml,2025-07-01,0,True,False
Polikresulen cairan / Aptil,Botol 10 Ml,2025-08-01,0,True,False
Polikresulen cairan / Aptil,Botol 10 Ml,2025-09-01,0,True,False
Polikresulen cairan / Aptil,Botol 10 Ml,2025-10-01,0,True,False
Polikresulen cairan / Aptil,Botol 10 Ml,2025-11-01,0,True,False
Polikresulen cairan / Aptil,Botol 10 Ml,2025-12-01,0,True,False
Polikresulen cairan / Aptil,Botol 10 Ml,2026-01-01,0,False,False
Polikresulen cairan / Aptil,Botol 10 Ml,2026-02-01,0,False,False
Povidon Iodida larutan 10%,Botol 300 Ml,2024-01-01,0,False,False
Povidon Iodida larutan 10%,Botol 300 Ml,2024-02-01,0,False,False
Povidon Iodida larutan 10%,Botol 300 Ml,2024-03-01,0,False,False
Povidon Iodida larutan 10%,Botol 300 Ml,2024-04-01,0,False,False
Povidon Iodida larutan 10%,Botol 300 Ml,2024-05-01,0,False,False
Povidon Iodida larutan 10%,Botol 300 Ml,2024-06-01,0,False,False
Povidon Iodida larutan 10%,Botol 300 Ml,2024-07-01,0,False,False
Povidon Iodida larutan 10%,Botol 300 Ml,2024-08-01,0,False,False
Povidon Iodida larutan 10%,Botol 300 Ml,2024-09-01,0,False,False
Povidon Iodida larutan 10%,Botol 300 Ml,2024-10-01,0,False,False
Povidon Iodida larutan 10%,Botol 300 Ml,2024-11-01,0,False,False
Povidon Iodida larutan 10%,Botol 300 Ml,2024-12-01,0,False,False
Povidon Iodida larutan 10%,Botol 300 Ml,2025-01-01,0,True,False
Povidon Iodida larutan 10%,Botol 300 Ml,2025-02-01,1,True,False
Povidon Iodida larutan 10%,Botol 300 Ml,2025-03-01,0,True,False
Povidon Iodida larutan 10%,Botol 300 Ml,2025-04-01,0,False,True
Povidon Iodida larutan 10%,Botol 300 Ml,2025-05-01,0,True,False
Povidon Iodida larutan 10%,Botol 300 Ml,2025-06-01,1,True,False
Povidon Iodida larutan 10%,Botol 300 Ml,2025-07-01,0,True,False
Povidon Iodida larutan 10%,Botol 300 Ml,2025-08-01,0,True,False
Povidon Iodida larutan 10%,Botol 300 Ml,2025-09-01,1,True,False
Povidon Iodida larutan 10%,Botol 300 Ml,2025-10-01,0,True,False
Povidon Iodida larutan 10%,Botol 300 Ml,2025-11-01,0,True,False
Povidon Iodida larutan 10%,Botol 300 Ml,2025-12-01,0,True,False
Povidon Iodida larutan 10%,Botol 300 Ml,2026-01-01,1,True,False
Povidon Iodida larutan 10%,Botol 300 Ml,2026-02-01,0,True,False
Povidon Iodium 10%,Botol 300 Ml,2024-01-01,0,True,False
Povidon Iodium 10%,Botol 300 Ml,2024-02-01,0,True,False
Povidon Iodium 10%,Botol 300 Ml,2024-03-01,33,True,False
Povidon Iodium 10%,Botol 300 Ml,2024-04-01,0,True,False
Povidon Iodium 10%,Botol 300 Ml,2024-05-01,2,True,False
Povidon Iodium 10%,Botol 300 Ml,2024-06-01,0,True,False
Povidon Iodium 10%,Botol 300 Ml,2024-07-01,0,True,False
Povidon Iodium 10%,Botol 300 Ml,2024-08-01,1,True,False
Povidon Iodium 10%,Botol 300 Ml,2024-09-01,0,True,False
Povidon Iodium 10%,Botol 300 Ml,2024-10-01,0,True,False
Povidon Iodium 10%,Botol 300 Ml,2024-11-01,0,True,False
Povidon Iodium 10%,Botol 300 Ml,2024-12-01,0,True,False
Povidon Iodium 10%,Botol 300 Ml,2025-01-01,0,False,False
Povidon Iodium 10%,Botol 300 Ml,2025-02-01,0,False,False
Povidon Iodium 10%,Botol 300 Ml,2025-03-01,0,False,False
Povidon Iodium 10%,Botol 300 Ml,2025-04-01,0,False,True
Povidon Iodium 10%,Botol 300 Ml,2025-05-01,0,False,False
Povidon Iodium 10%,Botol 300 Ml,2025-06-01,0,False,False
Povidon Iodium 10%,Botol 300 Ml,2025-07-01,0,False,False
Povidon Iodium 10%,Botol 300 Ml,2025-08-01,0,False,False
Povidon Iodium 10%,Botol 300 Ml,2025-09-01,0,False,False
Povidon Iodium 10%,Botol 300 Ml,2025-10-01,0,False,False
Povidon Iodium 10%,Botol 300 Ml,2025-11-01,0,False,False
Povidon Iodium 10%,Botol 300 Ml,2025-12-01,0,False,False
Povidon Iodium 10%,Botol 300 Ml,2026-01-01,0,False,False
Povidon Iodium 10%,Botol 300 Ml,2026-02-01,0,False,False
Precicontrol ClinChem Multi 1,Tidak Diketahui,2024-01-01,0,False,False
Precicontrol ClinChem Multi 1,Tidak Diketahui,2024-02-01,0,False,False
Precicontrol ClinChem Multi 1,Tidak Diketahui,2024-03-01,0,False,False
Precicontrol ClinChem Multi 1,Tidak Diketahui,2024-04-01,0,False,False
Precicontrol ClinChem Multi 1,Tidak Diketahui,2024-05-01,0,False,False
Precicontrol ClinChem Multi 1,Tidak Diketahui,2024-06-01,0,False,False
Precicontrol ClinChem Multi 1,Tidak Diketahui,2024-07-01,0,False,False
Precicontrol ClinChem Multi 1,Tidak Diketahui,2024-08-01,0,False,False
Precicontrol ClinChem Multi 1,Tidak Diketahui,2024-09-01,0,False,False
Precicontrol ClinChem Multi 1,Tidak Diketahui,2024-10-01,0,False,False
Precicontrol ClinChem Multi 1,Tidak Diketahui,2024-11-01,0,False,False
Precicontrol ClinChem Multi 1,Tidak Diketahui,2024-12-01,0,False,False
Precicontrol ClinChem Multi 1,Tidak Diketahui,2025-01-01,0,True,False
Precicontrol ClinChem Multi 1,Tidak Diketahui,2025-02-01,0,True,False
Precicontrol ClinChem Multi 1,Tidak Diketahui,2025-03-01,0,True,False
Precicontrol ClinChem Multi 1,Tidak Diketahui,2025-04-01,0,False,True
Precicontrol ClinChem Multi 1,Tidak Diketahui,2025-05-01,0,True,False
Precicontrol ClinChem Multi 1,Tidak Diketahui,2025-06-01,0,True,False
Precicontrol ClinChem Multi 1,Tidak Diketahui,2025-07-01,0,True,False
Precicontrol ClinChem Multi 1,Tidak Diketahui,2025-08-01,0,True,False
Precicontrol ClinChem Multi 1,Tidak Diketahui,2025-09-01,0,True,False
Precicontrol ClinChem Multi 1,Tidak Diketahui,2025-10-01,0,True,False
Precicontrol ClinChem Multi 1,Tidak Diketahui,2025-11-01,0,True,False
Precicontrol ClinChem Multi 1,Tidak Diketahui,2025-12-01,0,True,False
Precicontrol ClinChem Multi 1,Tidak Diketahui,2026-01-01,0,False,False
Precicontrol ClinChem Multi 1,Tidak Diketahui,2026-02-01,0,False,False
Precicontrol ClinChem Multi 2,Tidak Diketahui,2024-01-01,0,False,False
Precicontrol ClinChem Multi 2,Tidak Diketahui,2024-02-01,0,False,False
Precicontrol ClinChem Multi 2,Tidak Diketahui,2024-03-01,0,False,False
Precicontrol ClinChem Multi 2,Tidak Diketahui,2024-04-01,0,False,False
Precicontrol ClinChem Multi 2,Tidak Diketahui,2024-05-01,0,False,False
Precicontrol ClinChem Multi 2,Tidak Diketahui,2024-06-01,0,False,False
Precicontrol ClinChem Multi 2,Tidak Diketahui,2024-07-01,0,False,False
Precicontrol ClinChem Multi 2,Tidak Diketahui,2024-08-01,0,False,False
Precicontrol ClinChem Multi 2,Tidak Diketahui,2024-09-01,0,False,False
Precicontrol ClinChem Multi 2,Tidak Diketahui,2024-10-01,0,False,False
Precicontrol ClinChem Multi 2,Tidak Diketahui,2024-11-01,0,False,False
Precicontrol ClinChem Multi 2,Tidak Diketahui,2024-12-01,0,False,False
Precicontrol ClinChem Multi 2,Tidak Diketahui,2025-01-01,0,True,False
Precicontrol ClinChem Multi 2,Tidak Diketahui,2025-02-01,0,True,False
Precicontrol ClinChem Multi 2,Tidak Diketahui,2025-03-01,0,True,False
Precicontrol ClinChem Multi 2,Tidak Diketahui,2025-04-01,0,False,True
Precicontrol ClinChem Multi 2,Tidak Diketahui,2025-05-01,0,True,False
Precicontrol ClinChem Multi 2,Tidak Diketahui,2025-06-01,0,True,False
Precicontrol ClinChem Multi 2,Tidak Diketahui,2025-07-01,0,True,False
Precicontrol ClinChem Multi 2,Tidak Diketahui,2025-08-01,0,True,False
Precicontrol ClinChem Multi 2,Tidak Diketahui,2025-09-01,0,True,False
Precicontrol ClinChem Multi 2,Tidak Diketahui,2025-10-01,0,True,False
Precicontrol ClinChem Multi 2,Tidak Diketahui,2025-11-01,0,True,False
Precicontrol ClinChem Multi 2,Tidak Diketahui,2025-12-01,0,True,False
Precicontrol ClinChem Multi 2,Tidak Diketahui,2026-01-01,0,False,False
Precicontrol ClinChem Multi 2,Tidak Diketahui,2026-02-01,0,False,False
Prednison 5 mg,Tablet,2024-01-01,0,True,False
Prednison 5 mg,Tablet,2024-02-01,0,True,False
Prednison 5 mg,Tablet,2024-03-01,0,True,False
Prednison 5 mg,Tablet,2024-04-01,0,True,False
Prednison 5 mg,Tablet,2024-05-01,0,True,False
Prednison 5 mg,Tablet,2024-06-01,0,True,False
Prednison 5 mg,Tablet,2024-07-01,0,True,False
Prednison 5 mg,Tablet,2024-08-01,0,True,False
Prednison 5 mg,Tablet,2024-09-01,0,True,False
Prednison 5 mg,Tablet,2024-10-01,0,True,False
Prednison 5 mg,Tablet,2024-11-01,0,True,False
Prednison 5 mg,Tablet,2024-12-01,0,True,False
Prednison 5 mg,Tablet,2025-01-01,0,True,False
Prednison 5 mg,Tablet,2025-02-01,0,True,False
Prednison 5 mg,Tablet,2025-03-01,0,True,False
Prednison 5 mg,Tablet,2025-04-01,0,False,True
Prednison 5 mg,Tablet,2025-05-01,0,True,False
Prednison 5 mg,Tablet,2025-06-01,0,True,False
Prednison 5 mg,Tablet,2025-07-01,0,True,False
Prednison 5 mg,Tablet,2025-08-01,0,True,False
Prednison 5 mg,Tablet,2025-09-01,0,True,False
Prednison 5 mg,Tablet,2025-10-01,0,True,False
Prednison 5 mg,Tablet,2025-11-01,0,True,False
Prednison 5 mg,Tablet,2025-12-01,0,True,False
Prednison 5 mg,Tablet,2026-01-01,0,False,False
Prednison 5 mg,Tablet,2026-02-01,0,False,False
Pretomanid 200 mg,Tablet,2024-01-01,0,False,False
Pretomanid 200 mg,Tablet,2024-02-01,0,False,False
Pretomanid 200 mg,Tablet,2024-03-01,0,False,False
Pretomanid 200 mg,Tablet,2024-04-01,0,False,False
Pretomanid 200 mg,Tablet,2024-05-01,0,False,False
Pretomanid 200 mg,Tablet,2024-06-01,0,False,False
Pretomanid 200 mg,Tablet,2024-07-01,0,False,False
Pretomanid 200 mg,Tablet,2024-08-01,0,False,False
Pretomanid 200 mg,Tablet,2024-09-01,0,False,False
Pretomanid 200 mg,Tablet,2024-10-01,0,False,False
Pretomanid 200 mg,Tablet,2024-11-01,0,False,False
Pretomanid 200 mg,Tablet,2024-12-01,0,False,False
Pretomanid 200 mg,Tablet,2025-01-01,0,True,False
Pretomanid 200 mg,Tablet,2025-02-01,0,True,False
Pretomanid 200 mg,Tablet,2025-03-01,0,True,False
Pretomanid 200 mg,Tablet,2025-04-01,0,False,True
Pretomanid 200 mg,Tablet,2025-05-01,0,True,False
Pretomanid 200 mg,Tablet,2025-06-01,0,True,False
Pretomanid 200 mg,Tablet,2025-07-01,0,True,False
Pretomanid 200 mg,Tablet,2025-08-01,0,True,False
Pretomanid 200 mg,Tablet,2025-09-01,0,True,False
Pretomanid 200 mg,Tablet,2025-10-01,0,True,False
Pretomanid 200 mg,Tablet,2025-11-01,0,True,False
Pretomanid 200 mg,Tablet,2025-12-01,0,True,False
Pretomanid 200 mg,Tablet,2026-01-01,0,True,False
Pretomanid 200 mg,Tablet,2026-02-01,130,True,False
Procurma Plus sirup,Botol,2024-01-01,0,False,False
Procurma Plus sirup,Botol,2024-02-01,0,False,False
Procurma Plus sirup,Botol,2024-03-01,0,False,False
Procurma Plus sirup,Botol,2024-04-01,0,False,False
Procurma Plus sirup,Botol,2024-05-01,0,False,False
Procurma Plus sirup,Botol,2024-06-01,0,False,False
Procurma Plus sirup,Botol,2024-07-01,0,False,False
Procurma Plus sirup,Botol,2024-08-01,4,True,False
Procurma Plus sirup,Botol,2024-09-01,3,True,False
Procurma Plus sirup,Botol,2024-10-01,10,True,False
Procurma Plus sirup,Botol,2024-11-01,4,True,False
Procurma Plus sirup,Botol,2024-12-01,4,True,False
Procurma Plus sirup,Botol,2025-01-01,0,True,False
Procurma Plus sirup,Botol,2025-02-01,1,True,False
Procurma Plus sirup,Botol,2025-03-01,2,True,False
Procurma Plus sirup,Botol,2025-04-01,4,False,True
Procurma Plus sirup,Botol,2025-05-01,6,True,False
Procurma Plus sirup,Botol,2025-06-01,6,True,False
Procurma Plus sirup,Botol,2025-07-01,0,True,False
Procurma Plus sirup,Botol,2025-08-01,2,True,False
Procurma Plus sirup,Botol,2025-09-01,16,True,False
Procurma Plus sirup,Botol,2025-10-01,13,True,False
Procurma Plus sirup,Botol,2025-11-01,3,True,False
Procurma Plus sirup,Botol,2025-12-01,0,True,False
Procurma Plus sirup,Botol,2026-01-01,0,True,False
Procurma Plus sirup,Botol,2026-02-01,1,True,False
Prontosan Gel,Tidak Diketahui,2024-01-01,0,False,False
Prontosan Gel,Tidak Diketahui,2024-02-01,0,False,False
Prontosan Gel,Tidak Diketahui,2024-03-01,0,False,False
Prontosan Gel,Tidak Diketahui,2024-04-01,0,False,False
Prontosan Gel,Tidak Diketahui,2024-05-01,0,False,False
Prontosan Gel,Tidak Diketahui,2024-06-01,0,False,False
Prontosan Gel,Tidak Diketahui,2024-07-01,0,False,False
Prontosan Gel,Tidak Diketahui,2024-08-01,0,False,False
Prontosan Gel,Tidak Diketahui,2024-09-01,0,False,False
Prontosan Gel,Tidak Diketahui,2024-10-01,0,False,False
Prontosan Gel,Tidak Diketahui,2024-11-01,0,False,False
Prontosan Gel,Tidak Diketahui,2024-12-01,0,False,False
Prontosan Gel,Tidak Diketahui,2025-01-01,0,True,False
Prontosan Gel,Tidak Diketahui,2025-02-01,0,True,False
Prontosan Gel,Tidak Diketahui,2025-03-01,0,True,False
Prontosan Gel,Tidak Diketahui,2025-04-01,0,False,True
Prontosan Gel,Tidak Diketahui,2025-05-01,0,True,False
Prontosan Gel,Tidak Diketahui,2025-06-01,0,True,False
Prontosan Gel,Tidak Diketahui,2025-07-01,0,True,False
Prontosan Gel,Tidak Diketahui,2025-08-01,0,True,False
Prontosan Gel,Tidak Diketahui,2025-09-01,0,True,False
Prontosan Gel,Tidak Diketahui,2025-10-01,0,True,False
Prontosan Gel,Tidak Diketahui,2025-11-01,0,True,False
Prontosan Gel,Tidak Diketahui,2025-12-01,0,True,False
Prontosan Gel,Tidak Diketahui,2026-01-01,0,False,False
Prontosan Gel,Tidak Diketahui,2026-02-01,0,False,False
Prontosan Solution,Tidak Diketahui,2024-01-01,0,False,False
Prontosan Solution,Tidak Diketahui,2024-02-01,0,False,False
Prontosan Solution,Tidak Diketahui,2024-03-01,0,False,False
Prontosan Solution,Tidak Diketahui,2024-04-01,0,False,False
Prontosan Solution,Tidak Diketahui,2024-05-01,0,False,False
Prontosan Solution,Tidak Diketahui,2024-06-01,0,False,False
Prontosan Solution,Tidak Diketahui,2024-07-01,0,False,False
Prontosan Solution,Tidak Diketahui,2024-08-01,0,False,False
Prontosan Solution,Tidak Diketahui,2024-09-01,0,False,False
Prontosan Solution,Tidak Diketahui,2024-10-01,0,False,False
Prontosan Solution,Tidak Diketahui,2024-11-01,0,False,False
Prontosan Solution,Tidak Diketahui,2024-12-01,0,False,False
Prontosan Solution,Tidak Diketahui,2025-01-01,0,True,False
Prontosan Solution,Tidak Diketahui,2025-02-01,0,True,False
Prontosan Solution,Tidak Diketahui,2025-03-01,0,True,False
Prontosan Solution,Tidak Diketahui,2025-04-01,0,False,True
Prontosan Solution,Tidak Diketahui,2025-05-01,0,True,False
Prontosan Solution,Tidak Diketahui,2025-06-01,0,True,False
Prontosan Solution,Tidak Diketahui,2025-07-01,0,True,False
Prontosan Solution,Tidak Diketahui,2025-08-01,0,True,False
Prontosan Solution,Tidak Diketahui,2025-09-01,0,True,False
Prontosan Solution,Tidak Diketahui,2025-10-01,0,True,False
Prontosan Solution,Tidak Diketahui,2025-11-01,0,True,False
Prontosan Solution,Tidak Diketahui,2025-12-01,0,True,False
Prontosan Solution,Tidak Diketahui,2026-01-01,0,False,False
Prontosan Solution,Tidak Diketahui,2026-02-01,0,False,False
Propanolol 10 mg,Tablet,2024-01-01,0,True,False
Propanolol 10 mg,Tablet,2024-02-01,0,True,False
Propanolol 10 mg,Tablet,2024-03-01,0,True,False
Propanolol 10 mg,Tablet,2024-04-01,0,True,False
Propanolol 10 mg,Tablet,2024-05-01,0,True,False
Propanolol 10 mg,Tablet,2024-06-01,0,True,False
Propanolol 10 mg,Tablet,2024-07-01,0,True,False
Propanolol 10 mg,Tablet,2024-08-01,1000,True,False
Propanolol 10 mg,Tablet,2024-09-01,0,True,False
Propanolol 10 mg,Tablet,2024-10-01,0,True,False
Propanolol 10 mg,Tablet,2024-11-01,0,True,False
Propanolol 10 mg,Tablet,2024-12-01,0,True,False
Propanolol 10 mg,Tablet,2025-01-01,0,True,False
Propanolol 10 mg,Tablet,2025-02-01,0,True,False
Propanolol 10 mg,Tablet,2025-03-01,0,True,False
Propanolol 10 mg,Tablet,2025-04-01,0,False,True
Propanolol 10 mg,Tablet,2025-05-01,0,True,False
Propanolol 10 mg,Tablet,2025-06-01,0,True,False
Propanolol 10 mg,Tablet,2025-07-01,0,True,False
Propanolol 10 mg,Tablet,2025-08-01,0,True,False
Propanolol 10 mg,Tablet,2025-09-01,0,True,False
Propanolol 10 mg,Tablet,2025-10-01,0,True,False
Propanolol 10 mg,Tablet,2025-11-01,0,True,False
Propanolol 10 mg,Tablet,2025-12-01,0,True,False
Propanolol 10 mg,Tablet,2026-01-01,0,False,False
Propanolol 10 mg,Tablet,2026-02-01,0,False,False
Propanolol 40 mg,Tablet,2024-01-01,0,False,False
Propanolol 40 mg,Tablet,2024-02-01,0,False,False
Propanolol 40 mg,Tablet,2024-03-01,0,False,False
Propanolol 40 mg,Tablet,2024-04-01,0,False,False
Propanolol 40 mg,Tablet,2024-05-01,0,False,False
Propanolol 40 mg,Tablet,2024-06-01,0,False,False
Propanolol 40 mg,Tablet,2024-07-01,0,False,False
Propanolol 40 mg,Tablet,2024-08-01,0,False,False
Propanolol 40 mg,Tablet,2024-09-01,0,False,False
Propanolol 40 mg,Tablet,2024-10-01,0,False,False
Propanolol 40 mg,Tablet,2024-11-01,0,False,False
Propanolol 40 mg,Tablet,2024-12-01,0,False,False
Propanolol 40 mg,Tablet,2025-01-01,0,True,False
Propanolol 40 mg,Tablet,2025-02-01,0,True,False
Propanolol 40 mg,Tablet,2025-03-01,0,True,False
Propanolol 40 mg,Tablet,2025-04-01,0,False,True
Propanolol 40 mg,Tablet,2025-05-01,0,True,False
Propanolol 40 mg,Tablet,2025-06-01,0,True,False
Propanolol 40 mg,Tablet,2025-07-01,0,True,False
Propanolol 40 mg,Tablet,2025-08-01,0,True,False
Propanolol 40 mg,Tablet,2025-09-01,0,True,False
Propanolol 40 mg,Tablet,2025-10-01,0,True,False
Propanolol 40 mg,Tablet,2025-11-01,0,True,False
Propanolol 40 mg,Tablet,2025-12-01,0,True,False
Propanolol 40 mg,Tablet,2026-01-01,0,False,False
Propanolol 40 mg,Tablet,2026-02-01,0,False,False
Propylthiouracyl tab.100 mg (PTU),Tidak Diketahui,2024-01-01,0,False,False
Propylthiouracyl tab.100 mg (PTU),Tidak Diketahui,2024-02-01,0,False,False
Propylthiouracyl tab.100 mg (PTU),Tidak Diketahui,2024-03-01,0,False,False
Propylthiouracyl tab.100 mg (PTU),Tidak Diketahui,2024-04-01,0,False,False
Propylthiouracyl tab.100 mg (PTU),Tidak Diketahui,2024-05-01,0,False,False
Propylthiouracyl tab.100 mg (PTU),Tidak Diketahui,2024-06-01,0,False,False
Propylthiouracyl tab.100 mg (PTU),Tidak Diketahui,2024-07-01,0,False,False
Propylthiouracyl tab.100 mg (PTU),Tidak Diketahui,2024-08-01,0,False,False
Propylthiouracyl tab.100 mg (PTU),Tidak Diketahui,2024-09-01,0,False,False
Propylthiouracyl tab.100 mg (PTU),Tidak Diketahui,2024-10-01,0,False,False
Propylthiouracyl tab.100 mg (PTU),Tidak Diketahui,2024-11-01,0,False,False
Propylthiouracyl tab.100 mg (PTU),Tidak Diketahui,2024-12-01,0,False,False
Propylthiouracyl tab.100 mg (PTU),Tidak Diketahui,2025-01-01,0,True,False
Propylthiouracyl tab.100 mg (PTU),Tidak Diketahui,2025-02-01,0,True,False
Propylthiouracyl tab.100 mg (PTU),Tidak Diketahui,2025-03-01,0,True,False
Propylthiouracyl tab.100 mg (PTU),Tidak Diketahui,2025-04-01,0,False,True
Propylthiouracyl tab.100 mg (PTU),Tidak Diketahui,2025-05-01,0,True,False
Propylthiouracyl tab.100 mg (PTU),Tidak Diketahui,2025-06-01,0,True,False
Propylthiouracyl tab.100 mg (PTU),Tidak Diketahui,2025-07-01,0,True,False
Propylthiouracyl tab.100 mg (PTU),Tidak Diketahui,2025-08-01,0,True,False
Propylthiouracyl tab.100 mg (PTU),Tidak Diketahui,2025-09-01,0,True,False
Propylthiouracyl tab.100 mg (PTU),Tidak Diketahui,2025-10-01,0,True,False
Propylthiouracyl tab.100 mg (PTU),Tidak Diketahui,2025-11-01,0,True,False
Propylthiouracyl tab.100 mg (PTU),Tidak Diketahui,2025-12-01,0,True,False
Propylthiouracyl tab.100 mg (PTU),Tidak Diketahui,2026-01-01,0,False,False
Propylthiouracyl tab.100 mg (PTU),Tidak Diketahui,2026-02-01,0,False,False
Protevit TB,Kotak,2024-01-01,0,False,False
Protevit TB,Kotak,2024-02-01,0,False,False
Protevit TB,Kotak,2024-03-01,0,False,False
Protevit TB,Kotak,2024-04-01,0,False,False
Protevit TB,Kotak,2024-05-01,0,False,False
Protevit TB,Kotak,2024-06-01,0,False,False
Protevit TB,Kotak,2024-07-01,0,False,False
Protevit TB,Kotak,2024-08-01,0,False,False
Protevit TB,Kotak,2024-09-01,0,False,False
Protevit TB,Kotak,2024-10-01,0,False,False
Protevit TB,Kotak,2024-11-01,0,False,False
Protevit TB,Kotak,2024-12-01,0,False,False
Protevit TB,Kotak,2025-01-01,0,False,False
Protevit TB,Kotak,2025-02-01,0,False,False
Protevit TB,Kotak,2025-03-01,0,False,False
Protevit TB,Kotak,2025-04-01,0,False,True
Protevit TB,Kotak,2025-05-01,0,False,False
Protevit TB,Kotak,2025-06-01,0,False,False
Protevit TB,Kotak,2025-07-01,0,False,False
Protevit TB,Kotak,2025-08-01,15,True,False
Protevit TB,Kotak,2025-09-01,0,True,False
Protevit TB,Kotak,2025-10-01,0,True,False
Protevit TB,Kotak,2025-11-01,0,True,False
Protevit TB,Kotak,2025-12-01,0,True,False
Protevit TB,Kotak,2026-01-01,0,False,False
Protevit TB,Kotak,2026-02-01,0,False,False
Pulmicort Respules,Ampul,2024-01-01,0,True,False
Pulmicort Respules,Ampul,2024-02-01,25,True,False
Pulmicort Respules,Ampul,2024-03-01,9,True,False
Pulmicort Respules,Ampul,2024-04-01,0,True,False
Pulmicort Respules,Ampul,2024-05-01,0,True,False
Pulmicort Respules,Ampul,2024-06-01,0,True,False
Pulmicort Respules,Ampul,2024-07-01,0,True,False
Pulmicort Respules,Ampul,2024-08-01,0,True,False
Pulmicort Respules,Ampul,2024-09-01,0,True,False
Pulmicort Respules,Ampul,2024-10-01,0,True,False
Pulmicort Respules,Ampul,2024-11-01,0,True,False
Pulmicort Respules,Ampul,2024-12-01,0,True,False
Pulmicort Respules,Ampul,2025-01-01,0,True,False
Pulmicort Respules,Ampul,2025-02-01,0,True,False
Pulmicort Respules,Ampul,2025-03-01,0,True,False
Pulmicort Respules,Ampul,2025-04-01,0,False,True
Pulmicort Respules,Ampul,2025-05-01,0,True,False
Pulmicort Respules,Ampul,2025-06-01,0,True,False
Pulmicort Respules,Ampul,2025-07-01,0,True,False
Pulmicort Respules,Ampul,2025-08-01,0,True,False
Pulmicort Respules,Ampul,2025-09-01,0,True,False
Pulmicort Respules,Ampul,2025-10-01,0,True,False
Pulmicort Respules,Ampul,2025-11-01,0,True,False
Pulmicort Respules,Ampul,2025-12-01,0,True,False
Pulmicort Respules,Ampul,2026-01-01,0,False,False
Pulmicort Respules,Ampul,2026-02-01,0,False,False
RDT Chikungunya,Kotak@25,2024-01-01,0,False,False
RDT Chikungunya,Kotak@25,2024-02-01,0,False,False
RDT Chikungunya,Kotak@25,2024-03-01,0,False,False
RDT Chikungunya,Kotak@25,2024-04-01,0,False,False
RDT Chikungunya,Kotak@25,2024-05-01,0,False,False
RDT Chikungunya,Kotak@25,2024-06-01,0,False,False
RDT Chikungunya,Kotak@25,2024-07-01,0,False,False
RDT Chikungunya,Kotak@25,2024-08-01,0,False,False
RDT Chikungunya,Kotak@25,2024-09-01,0,False,False
RDT Chikungunya,Kotak@25,2024-10-01,0,False,False
RDT Chikungunya,Kotak@25,2024-11-01,0,False,False
RDT Chikungunya,Kotak@25,2024-12-01,0,False,False
RDT Chikungunya,Kotak@25,2025-01-01,0,False,False
RDT Chikungunya,Kotak@25,2025-02-01,0,False,False
RDT Chikungunya,Kotak@25,2025-03-01,0,False,False
RDT Chikungunya,Kotak@25,2025-04-01,0,False,True
RDT Chikungunya,Kotak@25,2025-05-01,0,True,False
RDT Chikungunya,Kotak@25,2025-06-01,0,True,False
RDT Chikungunya,Kotak@25,2025-07-01,0,True,False
RDT Chikungunya,Kotak@25,2025-08-01,0,True,False
RDT Chikungunya,Kotak@25,2025-09-01,0,True,False
RDT Chikungunya,Kotak@25,2025-10-01,0,True,False
RDT Chikungunya,Kotak@25,2025-11-01,1,True,False
RDT Chikungunya,Kotak@25,2025-12-01,0,True,False
RDT Chikungunya,Kotak@25,2026-01-01,0,False,False
RDT Chikungunya,Kotak@25,2026-02-01,0,False,False
RPR,Box,2024-01-01,0,True,False
RPR,Box,2024-02-01,0,True,False
RPR,Box,2024-03-01,0,False,False
RPR,Box,2024-04-01,0,False,False
RPR,Box,2024-05-01,0,False,False
RPR,Box,2024-06-01,0,False,False
RPR,Box,2024-07-01,0,False,False
RPR,Box,2024-08-01,0,False,False
RPR,Box,2024-09-01,0,False,False
RPR,Box,2024-10-01,0,False,False
RPR,Box,2024-11-01,0,False,False
RPR,Box,2024-12-01,0,False,False
RPR,Box,2025-01-01,0,False,False
RPR,Box,2025-02-01,0,False,False
RPR,Box,2025-03-01,0,False,False
RPR,Box,2025-04-01,0,False,True
RPR,Box,2025-05-01,0,False,False
RPR,Box,2025-06-01,0,False,False
RPR,Box,2025-07-01,0,False,False
RPR,Box,2025-08-01,0,False,False
RPR,Box,2025-09-01,0,False,False
RPR,Box,2025-10-01,0,False,False
RPR,Box,2025-11-01,0,False,False
RPR,Box,2025-12-01,0,False,False
RPR,Box,2026-01-01,0,False,False
RPR,Box,2026-02-01,0,False,False
Ranitidin inj 25 mg/2 ml,Ampul,2024-01-01,0,True,False
Ranitidin inj 25 mg/2 ml,Ampul,2024-02-01,0,True,False
Ranitidin inj 25 mg/2 ml,Ampul,2024-03-01,5,True,False
Ranitidin inj 25 mg/2 ml,Ampul,2024-04-01,0,True,False
Ranitidin inj 25 mg/2 ml,Ampul,2024-05-01,0,True,False
Ranitidin inj 25 mg/2 ml,Ampul,2024-06-01,2,True,False
Ranitidin inj 25 mg/2 ml,Ampul,2024-07-01,3,True,False
Ranitidin inj 25 mg/2 ml,Ampul,2024-08-01,1,True,False
Ranitidin inj 25 mg/2 ml,Ampul,2024-09-01,22,True,False
Ranitidin inj 25 mg/2 ml,Ampul,2024-10-01,0,True,False
Ranitidin inj 25 mg/2 ml,Ampul,2024-11-01,0,True,False
Ranitidin inj 25 mg/2 ml,Ampul,2024-12-01,0,True,False
Ranitidin inj 25 mg/2 ml,Ampul,2025-01-01,0,True,False
Ranitidin inj 25 mg/2 ml,Ampul,2025-02-01,7,True,False
Ranitidin inj 25 mg/2 ml,Ampul,2025-03-01,1,True,False
Ranitidin inj 25 mg/2 ml,Ampul,2025-04-01,2,False,True
Ranitidin inj 25 mg/2 ml,Ampul,2025-05-01,2,True,False
Ranitidin inj 25 mg/2 ml,Ampul,2025-06-01,5,True,False
Ranitidin inj 25 mg/2 ml,Ampul,2025-07-01,3,True,False
Ranitidin inj 25 mg/2 ml,Ampul,2025-08-01,7,True,False
Ranitidin inj 25 mg/2 ml,Ampul,2025-09-01,0,True,False
Ranitidin inj 25 mg/2 ml,Ampul,2025-10-01,5,True,False
Ranitidin inj 25 mg/2 ml,Ampul,2025-11-01,9,True,False
Ranitidin inj 25 mg/2 ml,Ampul,2025-12-01,6,True,False
Ranitidin inj 25 mg/2 ml,Ampul,2026-01-01,5,True,False
Ranitidin inj 25 mg/2 ml,Ampul,2026-02-01,0,True,False
Ranitidin tab 150 mg,Tablet,2024-01-01,500,True,False
Ranitidin tab 150 mg,Tablet,2024-02-01,500,True,False
Ranitidin tab 150 mg,Tablet,2024-03-01,620,True,False
Ranitidin tab 150 mg,Tablet,2024-04-01,600,True,False
Ranitidin tab 150 mg,Tablet,2024-05-01,480,True,False
Ranitidin tab 150 mg,Tablet,2024-06-01,440,True,False
Ranitidin tab 150 mg,Tablet,2024-07-01,480,True,False
Ranitidin tab 150 mg,Tablet,2024-08-01,550,True,False
Ranitidin tab 150 mg,Tablet,2024-09-01,370,True,False
Ranitidin tab 150 mg,Tablet,2024-10-01,540,True,False
Ranitidin tab 150 mg,Tablet,2024-11-01,280,True,False
Ranitidin tab 150 mg,Tablet,2024-12-01,1340,True,False
Ranitidin tab 150 mg,Tablet,2025-01-01,0,True,False
Ranitidin tab 150 mg,Tablet,2025-02-01,0,True,False
Ranitidin tab 150 mg,Tablet,2025-03-01,254,True,False
Ranitidin tab 150 mg,Tablet,2025-04-01,353,False,True
Ranitidin tab 150 mg,Tablet,2025-05-01,452,True,False
Ranitidin tab 150 mg,Tablet,2025-06-01,30,True,False
Ranitidin tab 150 mg,Tablet,2025-07-01,104,True,False
Ranitidin tab 150 mg,Tablet,2025-08-01,1136,True,False
Ranitidin tab 150 mg,Tablet,2025-09-01,1334,True,False
Ranitidin tab 150 mg,Tablet,2025-10-01,866,True,False
Ranitidin tab 150 mg,Tablet,2025-11-01,460,True,False
Ranitidin tab 150 mg,Tablet,2025-12-01,463,True,False
Ranitidin tab 150 mg,Tablet,2026-01-01,421,True,False
Ranitidin tab 150 mg,Tablet,2026-02-01,410,True,False
Retinol 100.000 IU,Botol @50,2024-01-01,0,False,False
Retinol 100.000 IU,Botol @50,2024-02-01,0,False,False
Retinol 100.000 IU,Botol @50,2024-03-01,0,False,False
Retinol 100.000 IU,Botol @50,2024-04-01,0,False,False
Retinol 100.000 IU,Botol @50,2024-05-01,0,False,False
Retinol 100.000 IU,Botol @50,2024-06-01,0,False,False
Retinol 100.000 IU,Botol @50,2024-07-01,0,False,False
Retinol 100.000 IU,Botol @50,2024-08-01,0,False,False
Retinol 100.000 IU,Botol @50,2024-09-01,0,False,False
Retinol 100.000 IU,Botol @50,2024-10-01,0,False,False
Retinol 100.000 IU,Botol @50,2024-11-01,0,False,False
Retinol 100.000 IU,Botol @50,2024-12-01,0,False,False
Retinol 100.000 IU,Botol @50,2025-01-01,0,True,False
Retinol 100.000 IU,Botol @50,2025-02-01,17,True,False
Retinol 100.000 IU,Botol @50,2025-03-01,0,True,False
Retinol 100.000 IU,Botol @50,2025-04-01,0,False,True
Retinol 100.000 IU,Botol @50,2025-05-01,0,True,False
Retinol 100.000 IU,Botol @50,2025-06-01,0,True,False
Retinol 100.000 IU,Botol @50,2025-07-01,17,True,False
Retinol 100.000 IU,Botol @50,2025-08-01,1,True,False
Retinol 100.000 IU,Botol @50,2025-09-01,0,True,False
Retinol 100.000 IU,Botol @50,2025-10-01,0,True,False
Retinol 100.000 IU,Botol @50,2025-11-01,0,True,False
Retinol 100.000 IU,Botol @50,2025-12-01,0,True,False
Retinol 100.000 IU,Botol @50,2026-01-01,10,True,False
Retinol 100.000 IU,Botol @50,2026-02-01,2,True,False
Retinol 100.000 IU,Botol @51,2024-01-01,0,False,False
Retinol 100.000 IU,Botol @51,2024-02-01,0,False,False
Retinol 100.000 IU,Botol @51,2024-03-01,0,False,False
Retinol 100.000 IU,Botol @51,2024-04-01,0,False,False
Retinol 100.000 IU,Botol @51,2024-05-01,0,False,False
Retinol 100.000 IU,Botol @51,2024-06-01,0,False,False
Retinol 100.000 IU,Botol @51,2024-07-01,0,False,False
Retinol 100.000 IU,Botol @51,2024-08-01,0,False,False
Retinol 100.000 IU,Botol @51,2024-09-01,0,False,False
Retinol 100.000 IU,Botol @51,2024-10-01,0,False,False
Retinol 100.000 IU,Botol @51,2024-11-01,0,False,False
Retinol 100.000 IU,Botol @51,2024-12-01,0,True,False
Retinol 100.000 IU,Botol @51,2025-01-01,0,False,False
Retinol 100.000 IU,Botol @51,2025-02-01,0,False,False
Retinol 100.000 IU,Botol @51,2025-03-01,0,False,False
Retinol 100.000 IU,Botol @51,2025-04-01,0,False,True
Retinol 100.000 IU,Botol @51,2025-05-01,0,False,False
Retinol 100.000 IU,Botol @51,2025-06-01,0,False,False
Retinol 100.000 IU,Botol @51,2025-07-01,0,False,False
Retinol 100.000 IU,Botol @51,2025-08-01,0,False,False
Retinol 100.000 IU,Botol @51,2025-09-01,0,False,False
Retinol 100.000 IU,Botol @51,2025-10-01,0,False,False
Retinol 100.000 IU,Botol @51,2025-11-01,0,False,False
Retinol 100.000 IU,Botol @51,2025-12-01,0,False,False
Retinol 100.000 IU,Botol @51,2026-01-01,0,False,False
Retinol 100.000 IU,Botol @51,2026-02-01,0,False,False
Retinol 200.000 IU,Botol @50,2024-01-01,0,False,False
Retinol 200.000 IU,Botol @50,2024-02-01,0,False,False
Retinol 200.000 IU,Botol @50,2024-03-01,0,False,False
Retinol 200.000 IU,Botol @50,2024-04-01,0,False,False
Retinol 200.000 IU,Botol @50,2024-05-01,0,False,False
Retinol 200.000 IU,Botol @50,2024-06-01,0,False,False
Retinol 200.000 IU,Botol @50,2024-07-01,0,False,False
Retinol 200.000 IU,Botol @50,2024-08-01,0,False,False
Retinol 200.000 IU,Botol @50,2024-09-01,0,False,False
Retinol 200.000 IU,Botol @50,2024-10-01,0,False,False
Retinol 200.000 IU,Botol @50,2024-11-01,0,False,False
Retinol 200.000 IU,Botol @50,2024-12-01,0,False,False
Retinol 200.000 IU,Botol @50,2025-01-01,0,True,False
Retinol 200.000 IU,Botol @50,2025-02-01,0,True,False
Retinol 200.000 IU,Botol @50,2025-03-01,0,True,False
Retinol 200.000 IU,Botol @50,2025-04-01,0,False,True
Retinol 200.000 IU,Botol @50,2025-05-01,0,True,False
Retinol 200.000 IU,Botol @50,2025-06-01,1,True,False
Retinol 200.000 IU,Botol @50,2025-07-01,28,True,False
Retinol 200.000 IU,Botol @50,2025-08-01,31,True,False
Retinol 200.000 IU,Botol @50,2025-09-01,30,True,False
Retinol 200.000 IU,Botol @50,2025-10-01,0,True,False
Retinol 200.000 IU,Botol @50,2025-11-01,0,True,False
Retinol 200.000 IU,Botol @50,2025-12-01,0,True,False
Retinol 200.000 IU,Botol @50,2026-01-01,69,True,False
Retinol 200.000 IU,Botol @50,2026-02-01,7,True,False
Rifampisin 75 mg + INH 50 mg,Paket,2024-01-01,0,True,False
Rifampisin 75 mg + INH 50 mg,Paket,2024-02-01,2,True,False
Rifampisin 75 mg + INH 50 mg,Paket,2024-03-01,0,True,False
Rifampisin 75 mg + INH 50 mg,Paket,2024-04-01,0,True,False
Rifampisin 75 mg + INH 50 mg,Paket,2024-05-01,0,True,False
Rifampisin 75 mg + INH 50 mg,Paket,2024-06-01,0,True,False
Rifampisin 75 mg + INH 50 mg,Paket,2024-07-01,0,True,False
Rifampisin 75 mg + INH 50 mg,Paket,2024-08-01,0,True,False
Rifampisin 75 mg + INH 50 mg,Paket,2024-09-01,0,True,False
Rifampisin 75 mg + INH 50 mg,Paket,2024-10-01,0,True,False
Rifampisin 75 mg + INH 50 mg,Paket,2024-11-01,0,True,False
Rifampisin 75 mg + INH 50 mg,Paket,2024-12-01,0,True,False
Rifampisin 75 mg + INH 50 mg,Paket,2025-01-01,0,True,False
Rifampisin 75 mg + INH 50 mg,Paket,2025-02-01,0,True,False
Rifampisin 75 mg + INH 50 mg,Paket,2025-03-01,0,True,False
Rifampisin 75 mg + INH 50 mg,Paket,2025-04-01,0,False,True
Rifampisin 75 mg + INH 50 mg,Paket,2025-05-01,1,True,False
Rifampisin 75 mg + INH 50 mg,Paket,2025-06-01,0,True,False
Rifampisin 75 mg + INH 50 mg,Paket,2025-07-01,0,True,False
Rifampisin 75 mg + INH 50 mg,Paket,2025-08-01,2,True,False
Rifampisin 75 mg + INH 50 mg,Paket,2025-09-01,0,True,False
Rifampisin 75 mg + INH 50 mg,Paket,2025-10-01,0,True,False
Rifampisin 75 mg + INH 50 mg,Paket,2025-11-01,0,True,False
Rifampisin 75 mg + INH 50 mg,Paket,2025-12-01,0,True,False
Rifampisin 75 mg + INH 50 mg,Paket,2026-01-01,0,False,False
Rifampisin 75 mg + INH 50 mg,Paket,2026-02-01,0,False,False
Rifapentin 150 mg lepasan,Tablet,2024-01-01,4,True,False
Rifapentin 150 mg lepasan,Tablet,2024-02-01,0,True,False
Rifapentin 150 mg lepasan,Tablet,2024-03-01,0,True,False
Rifapentin 150 mg lepasan,Tablet,2024-04-01,0,True,False
Rifapentin 150 mg lepasan,Tablet,2024-05-01,0,True,False
Rifapentin 150 mg lepasan,Tablet,2024-06-01,100,True,False
Rifapentin 150 mg lepasan,Tablet,2024-07-01,52,True,False
Rifapentin 150 mg lepasan,Tablet,2024-08-01,36,True,False
Rifapentin 150 mg lepasan,Tablet,2024-09-01,0,True,False
Rifapentin 150 mg lepasan,Tablet,2024-10-01,0,True,False
Rifapentin 150 mg lepasan,Tablet,2024-11-01,0,True,False
Rifapentin 150 mg lepasan,Tablet,2024-12-01,0,True,False
Rifapentin 150 mg lepasan,Tablet,2025-01-01,0,True,False
Rifapentin 150 mg lepasan,Tablet,2025-02-01,0,True,False
Rifapentin 150 mg lepasan,Tablet,2025-03-01,0,True,False
Rifapentin 150 mg lepasan,Tablet,2025-04-01,0,False,True
Rifapentin 150 mg lepasan,Tablet,2025-05-01,0,True,False
Rifapentin 150 mg lepasan,Tablet,2025-06-01,72,True,False
Rifapentin 150 mg lepasan,Tablet,2025-07-01,252,True,False
Rifapentin 150 mg lepasan,Tablet,2025-08-01,0,True,False
Rifapentin 150 mg lepasan,Tablet,2025-09-01,0,True,False
Rifapentin 150 mg lepasan,Tablet,2025-10-01,0,True,False
Rifapentin 150 mg lepasan,Tablet,2025-11-01,0,True,False
Rifapentin 150 mg lepasan,Tablet,2025-12-01,0,True,False
Rifapentin 150 mg lepasan,Tablet,2026-01-01,0,False,False
Rifapentin 150 mg lepasan,Tablet,2026-02-01,0,False,False
Rifapentin 300 mg + INH 300 mg (3HP) @37,Paket,2024-01-01,0,False,False
Rifapentin 300 mg + INH 300 mg (3HP) @37,Paket,2024-02-01,0,False,False
Rifapentin 300 mg + INH 300 mg (3HP) @37,Paket,2024-03-01,0,False,False
Rifapentin 300 mg + INH 300 mg (3HP) @37,Paket,2024-04-01,0,False,False
Rifapentin 300 mg + INH 300 mg (3HP) @37,Paket,2024-05-01,0,False,False
Rifapentin 300 mg + INH 300 mg (3HP) @37,Paket,2024-06-01,0,False,False
Rifapentin 300 mg + INH 300 mg (3HP) @37,Paket,2024-07-01,0,False,False
Rifapentin 300 mg + INH 300 mg (3HP) @37,Paket,2024-08-01,2,True,False
Rifapentin 300 mg + INH 300 mg (3HP) @37,Paket,2024-09-01,0,True,False
Rifapentin 300 mg + INH 300 mg (3HP) @37,Paket,2024-10-01,0,False,False
Rifapentin 300 mg + INH 300 mg (3HP) @37,Paket,2024-11-01,0,False,False
Rifapentin 300 mg + INH 300 mg (3HP) @37,Paket,2024-12-01,0,False,False
Rifapentin 300 mg + INH 300 mg (3HP) @37,Paket,2025-01-01,0,False,False
Rifapentin 300 mg + INH 300 mg (3HP) @37,Paket,2025-02-01,0,False,False
Rifapentin 300 mg + INH 300 mg (3HP) @37,Paket,2025-03-01,0,False,False
Rifapentin 300 mg + INH 300 mg (3HP) @37,Paket,2025-04-01,0,False,True
Rifapentin 300 mg + INH 300 mg (3HP) @37,Paket,2025-05-01,0,False,False
Rifapentin 300 mg + INH 300 mg (3HP) @37,Paket,2025-06-01,0,False,False
Rifapentin 300 mg + INH 300 mg (3HP) @37,Paket,2025-07-01,0,False,False
Rifapentin 300 mg + INH 300 mg (3HP) @37,Paket,2025-08-01,0,False,False
Rifapentin 300 mg + INH 300 mg (3HP) @37,Paket,2025-09-01,0,False,False
Rifapentin 300 mg + INH 300 mg (3HP) @37,Paket,2025-10-01,0,False,False
Rifapentin 300 mg + INH 300 mg (3HP) @37,Paket,2025-11-01,0,False,False
Rifapentin 300 mg + INH 300 mg (3HP) @37,Paket,2025-12-01,0,False,False
Rifapentin 300 mg + INH 300 mg (3HP) @37,Paket,2026-01-01,0,False,False
Rifapentin 300 mg + INH 300 mg (3HP) @37,Paket,2026-02-01,0,False,False
Rifapentin 300 mg + INH 300 mg (ARV),Paket,2024-01-01,0,False,False
Rifapentin 300 mg + INH 300 mg (ARV),Paket,2024-02-01,0,False,False
Rifapentin 300 mg + INH 300 mg (ARV),Paket,2024-03-01,0,False,False
Rifapentin 300 mg + INH 300 mg (ARV),Paket,2024-04-01,0,False,False
Rifapentin 300 mg + INH 300 mg (ARV),Paket,2024-05-01,0,False,False
Rifapentin 300 mg + INH 300 mg (ARV),Paket,2024-06-01,0,False,False
Rifapentin 300 mg + INH 300 mg (ARV),Paket,2024-07-01,0,False,False
Rifapentin 300 mg + INH 300 mg (ARV),Paket,2024-08-01,0,False,False
Rifapentin 300 mg + INH 300 mg (ARV),Paket,2024-09-01,0,False,False
Rifapentin 300 mg + INH 300 mg (ARV),Paket,2024-10-01,0,False,False
Rifapentin 300 mg + INH 300 mg (ARV),Paket,2024-11-01,0,False,False
Rifapentin 300 mg + INH 300 mg (ARV),Paket,2024-12-01,0,False,False
Rifapentin 300 mg + INH 300 mg (ARV),Paket,2025-01-01,0,True,False
Rifapentin 300 mg + INH 300 mg (ARV),Paket,2025-02-01,0,True,False
Rifapentin 300 mg + INH 300 mg (ARV),Paket,2025-03-01,0,True,False
Rifapentin 300 mg + INH 300 mg (ARV),Paket,2025-04-01,0,False,True
Rifapentin 300 mg + INH 300 mg (ARV),Paket,2025-05-01,0,True,False
Rifapentin 300 mg + INH 300 mg (ARV),Paket,2025-06-01,0,True,False
Rifapentin 300 mg + INH 300 mg (ARV),Paket,2025-07-01,0,True,False
Rifapentin 300 mg + INH 300 mg (ARV),Paket,2025-08-01,0,True,False
Rifapentin 300 mg + INH 300 mg (ARV),Paket,2025-09-01,0,True,False
Rifapentin 300 mg + INH 300 mg (ARV),Paket,2025-10-01,0,True,False
Rifapentin 300 mg + INH 300 mg (ARV),Paket,2025-11-01,0,True,False
Rifapentin 300 mg + INH 300 mg (ARV),Paket,2025-12-01,0,True,False
Rifapentin 300 mg + INH 300 mg (ARV),Paket,2026-01-01,0,False,False
Rifapentin 300 mg + INH 300 mg (ARV),Paket,2026-02-01,0,False,False
Rifapentin 300 mg + INH 300 mg (ARV) @36,Paket,2024-01-01,0,False,False
Rifapentin 300 mg + INH 300 mg (ARV) @36,Paket,2024-02-01,0,False,False
Rifapentin 300 mg + INH 300 mg (ARV) @36,Paket,2024-03-01,0,False,False
Rifapentin 300 mg + INH 300 mg (ARV) @36,Paket,2024-04-01,0,False,False
Rifapentin 300 mg + INH 300 mg (ARV) @36,Paket,2024-05-01,0,False,False
Rifapentin 300 mg + INH 300 mg (ARV) @36,Paket,2024-06-01,0,False,False
Rifapentin 300 mg + INH 300 mg (ARV) @36,Paket,2024-07-01,0,False,False
Rifapentin 300 mg + INH 300 mg (ARV) @36,Paket,2024-08-01,0,False,False
Rifapentin 300 mg + INH 300 mg (ARV) @36,Paket,2024-09-01,0,False,False
Rifapentin 300 mg + INH 300 mg (ARV) @36,Paket,2024-10-01,0,False,False
Rifapentin 300 mg + INH 300 mg (ARV) @36,Paket,2024-11-01,0,False,False
Rifapentin 300 mg + INH 300 mg (ARV) @36,Paket,2024-12-01,0,False,False
Rifapentin 300 mg + INH 300 mg (ARV) @36,Paket,2025-01-01,0,False,False
Rifapentin 300 mg + INH 300 mg (ARV) @36,Paket,2025-02-01,0,False,False
Rifapentin 300 mg + INH 300 mg (ARV) @36,Paket,2025-03-01,0,False,False
Rifapentin 300 mg + INH 300 mg (ARV) @36,Paket,2025-04-01,0,False,True
Rifapentin 300 mg + INH 300 mg (ARV) @36,Paket,2025-05-01,0,False,False
Rifapentin 300 mg + INH 300 mg (ARV) @36,Paket,2025-06-01,0,False,False
Rifapentin 300 mg + INH 300 mg (ARV) @36,Paket,2025-07-01,0,False,False
Rifapentin 300 mg + INH 300 mg (ARV) @36,Paket,2025-08-01,0,False,False
Rifapentin 300 mg + INH 300 mg (ARV) @36,Paket,2025-09-01,0,False,False
Rifapentin 300 mg + INH 300 mg (ARV) @36,Paket,2025-10-01,0,False,False
Rifapentin 300 mg + INH 300 mg (ARV) @36,Paket,2025-11-01,0,False,False
Rifapentin 300 mg + INH 300 mg (ARV) @36,Paket,2025-12-01,0,False,False
Rifapentin 300 mg + INH 300 mg (ARV) @36,Paket,2026-01-01,0,False,False
Rifapentin 300 mg + INH 300 mg (ARV) @36,Paket,2026-02-01,0,True,False
Rifapentin 300 mg + INH 300 mg (TB),Tablet,2024-01-01,0,False,False
Rifapentin 300 mg + INH 300 mg (TB),Tablet,2024-02-01,0,False,False
Rifapentin 300 mg + INH 300 mg (TB),Tablet,2024-03-01,0,False,False
Rifapentin 300 mg + INH 300 mg (TB),Tablet,2024-04-01,0,False,False
Rifapentin 300 mg + INH 300 mg (TB),Tablet,2024-05-01,0,False,False
Rifapentin 300 mg + INH 300 mg (TB),Tablet,2024-06-01,0,False,False
Rifapentin 300 mg + INH 300 mg (TB),Tablet,2024-07-01,0,False,False
Rifapentin 300 mg + INH 300 mg (TB),Tablet,2024-08-01,0,False,False
Rifapentin 300 mg + INH 300 mg (TB),Tablet,2024-09-01,0,False,False
Rifapentin 300 mg + INH 300 mg (TB),Tablet,2024-10-01,0,False,False
Rifapentin 300 mg + INH 300 mg (TB),Tablet,2024-11-01,0,False,False
Rifapentin 300 mg + INH 300 mg (TB),Tablet,2024-12-01,0,False,False
Rifapentin 300 mg + INH 300 mg (TB),Tablet,2025-01-01,0,True,False
Rifapentin 300 mg + INH 300 mg (TB),Tablet,2025-02-01,0,True,False
Rifapentin 300 mg + INH 300 mg (TB),Tablet,2025-03-01,0,True,False
Rifapentin 300 mg + INH 300 mg (TB),Tablet,2025-04-01,5,False,True
Rifapentin 300 mg + INH 300 mg (TB),Tablet,2025-05-01,10,True,False
Rifapentin 300 mg + INH 300 mg (TB),Tablet,2025-06-01,10,True,False
Rifapentin 300 mg + INH 300 mg (TB),Tablet,2025-07-01,10,True,False
Rifapentin 300 mg + INH 300 mg (TB),Tablet,2025-08-01,5,True,False
Rifapentin 300 mg + INH 300 mg (TB),Tablet,2025-09-01,0,True,False
Rifapentin 300 mg + INH 300 mg (TB),Tablet,2025-10-01,16,True,False
Rifapentin 300 mg + INH 300 mg (TB),Tablet,2025-11-01,0,True,False
Rifapentin 300 mg + INH 300 mg (TB),Tablet,2025-12-01,0,True,False
Rifapentin 300 mg + INH 300 mg (TB),Tablet,2026-01-01,0,False,False
Rifapentin 300 mg + INH 300 mg (TB),Tablet,2026-02-01,0,False,False
Rifapentin150 mg,Tablet,2024-01-01,0,True,False
Rifapentin150 mg,Tablet,2024-02-01,0,True,False
Rifapentin150 mg,Tablet,2024-03-01,0,False,False
Rifapentin150 mg,Tablet,2024-04-01,0,False,False
Rifapentin150 mg,Tablet,2024-05-01,0,False,False
Rifapentin150 mg,Tablet,2024-06-01,0,False,False
Rifapentin150 mg,Tablet,2024-07-01,0,False,False
Rifapentin150 mg,Tablet,2024-08-01,0,False,False
Rifapentin150 mg,Tablet,2024-09-01,0,False,False
Rifapentin150 mg,Tablet,2024-10-01,0,False,False
Rifapentin150 mg,Tablet,2024-11-01,0,False,False
Rifapentin150 mg,Tablet,2024-12-01,0,False,False
Rifapentin150 mg,Tablet,2025-01-01,0,False,False
Rifapentin150 mg,Tablet,2025-02-01,0,False,False
Rifapentin150 mg,Tablet,2025-03-01,0,False,False
Rifapentin150 mg,Tablet,2025-04-01,0,False,True
Rifapentin150 mg,Tablet,2025-05-01,0,False,False
Rifapentin150 mg,Tablet,2025-06-01,0,False,False
Rifapentin150 mg,Tablet,2025-07-01,0,False,False
Rifapentin150 mg,Tablet,2025-08-01,0,False,False
Rifapentin150 mg,Tablet,2025-09-01,0,False,False
Rifapentin150 mg,Tablet,2025-10-01,0,False,False
Rifapentin150 mg,Tablet,2025-11-01,0,False,False
Rifapentin150 mg,Tablet,2025-12-01,0,False,False
Rifapentin150 mg,Tablet,2026-01-01,0,False,False
Rifapentin150 mg,Tablet,2026-02-01,0,False,False
Risperidone,Tab,2024-01-01,100,True,False
Risperidone,Tab,2024-02-01,600,True,False
Risperidone,Tab,2024-03-01,0,False,False
Risperidone,Tab,2024-04-01,0,False,False
Risperidone,Tab,2024-05-01,0,False,False
Risperidone,Tab,2024-06-01,0,False,False
Risperidone,Tab,2024-07-01,0,False,False
Risperidone,Tab,2024-08-01,0,False,False
Risperidone,Tab,2024-09-01,0,False,False
Risperidone,Tab,2024-10-01,0,False,False
Risperidone,Tab,2024-11-01,0,False,False
Risperidone,Tab,2024-12-01,0,False,False
Risperidone,Tab,2025-01-01,0,False,False
Risperidone,Tab,2025-02-01,0,False,False
Risperidone,Tab,2025-03-01,0,False,False
Risperidone,Tab,2025-04-01,0,False,True
Risperidone,Tab,2025-05-01,0,False,False
Risperidone,Tab,2025-06-01,0,False,False
Risperidone,Tab,2025-07-01,0,False,False
Risperidone,Tab,2025-08-01,0,False,False
Risperidone,Tab,2025-09-01,0,False,False
Risperidone,Tab,2025-10-01,0,False,False
Risperidone,Tab,2025-11-01,0,False,False
Risperidone,Tab,2025-12-01,0,False,False
Risperidone,Tab,2026-01-01,0,False,False
Risperidone,Tab,2026-02-01,0,False,False
Risperidone,Tablet,2024-01-01,0,False,False
Risperidone,Tablet,2024-02-01,0,False,False
Risperidone,Tablet,2024-03-01,600,True,False
Risperidone,Tablet,2024-04-01,286,True,False
Risperidone,Tablet,2024-05-01,614,True,False
Risperidone,Tablet,2024-06-01,3500,True,False
Risperidone,Tablet,2024-07-01,0,False,False
Risperidone,Tablet,2024-08-01,0,False,False
Risperidone,Tablet,2024-09-01,0,False,False
Risperidone,Tablet,2024-10-01,0,False,False
Risperidone,Tablet,2024-11-01,0,True,False
Risperidone,Tablet,2024-12-01,0,True,False
Risperidone,Tablet,2025-01-01,0,True,False
Risperidone,Tablet,2025-02-01,0,True,False
Risperidone,Tablet,2025-03-01,0,True,False
Risperidone,Tablet,2025-04-01,195,False,True
Risperidone,Tablet,2025-05-01,390,True,False
Risperidone,Tablet,2025-06-01,10,True,False
Risperidone,Tablet,2025-07-01,891,True,False
Risperidone,Tablet,2025-08-01,418,True,False
Risperidone,Tablet,2025-09-01,431,True,False
Risperidone,Tablet,2025-10-01,490,True,False
Risperidone,Tablet,2025-11-01,570,True,False
Risperidone,Tablet,2025-12-01,465,True,False
Risperidone,Tablet,2026-01-01,685,True,False
Risperidone,Tablet,2026-02-01,305,True,False
Risperidone,Tidak Diketahui,2024-01-01,0,False,False
Risperidone,Tidak Diketahui,2024-02-01,0,False,False
Risperidone,Tidak Diketahui,2024-03-01,0,False,False
Risperidone,Tidak Diketahui,2024-04-01,0,False,False
Risperidone,Tidak Diketahui,2024-05-01,0,False,False
Risperidone,Tidak Diketahui,2024-06-01,0,False,False
Risperidone,Tidak Diketahui,2024-07-01,1000,True,False
Risperidone,Tidak Diketahui,2024-08-01,0,True,False
Risperidone,Tidak Diketahui,2024-09-01,200,True,False
Risperidone,Tidak Diketahui,2024-10-01,0,True,False
Risperidone,Tidak Diketahui,2024-11-01,0,False,False
Risperidone,Tidak Diketahui,2024-12-01,0,False,False
Risperidone,Tidak Diketahui,2025-01-01,0,False,False
Risperidone,Tidak Diketahui,2025-02-01,0,False,False
Risperidone,Tidak Diketahui,2025-03-01,0,False,False
Risperidone,Tidak Diketahui,2025-04-01,0,False,True
Risperidone,Tidak Diketahui,2025-05-01,0,False,False
Risperidone,Tidak Diketahui,2025-06-01,0,False,False
Risperidone,Tidak Diketahui,2025-07-01,0,False,False
Risperidone,Tidak Diketahui,2025-08-01,0,False,False
Risperidone,Tidak Diketahui,2025-09-01,0,False,False
Risperidone,Tidak Diketahui,2025-10-01,0,False,False
Risperidone,Tidak Diketahui,2025-11-01,0,False,False
Risperidone,Tidak Diketahui,2025-12-01,0,False,False
Risperidone,Tidak Diketahui,2026-01-01,0,False,False
Risperidone,Tidak Diketahui,2026-02-01,0,False,False
SD Bioline HIV 1/2 3.0,Tidak Diketahui,2024-01-01,0,False,False
SD Bioline HIV 1/2 3.0,Tidak Diketahui,2024-02-01,0,False,False
SD Bioline HIV 1/2 3.0,Tidak Diketahui,2024-03-01,0,False,False
SD Bioline HIV 1/2 3.0,Tidak Diketahui,2024-04-01,0,False,False
SD Bioline HIV 1/2 3.0,Tidak Diketahui,2024-05-01,0,False,False
SD Bioline HIV 1/2 3.0,Tidak Diketahui,2024-06-01,0,False,False
SD Bioline HIV 1/2 3.0,Tidak Diketahui,2024-07-01,0,False,False
SD Bioline HIV 1/2 3.0,Tidak Diketahui,2024-08-01,0,False,False
SD Bioline HIV 1/2 3.0,Tidak Diketahui,2024-09-01,0,False,False
SD Bioline HIV 1/2 3.0,Tidak Diketahui,2024-10-01,0,False,False
SD Bioline HIV 1/2 3.0,Tidak Diketahui,2024-11-01,0,False,False
SD Bioline HIV 1/2 3.0,Tidak Diketahui,2024-12-01,0,False,False
SD Bioline HIV 1/2 3.0,Tidak Diketahui,2025-01-01,0,True,False
SD Bioline HIV 1/2 3.0,Tidak Diketahui,2025-02-01,0,True,False
SD Bioline HIV 1/2 3.0,Tidak Diketahui,2025-03-01,0,True,False
SD Bioline HIV 1/2 3.0,Tidak Diketahui,2025-04-01,0,False,True
SD Bioline HIV 1/2 3.0,Tidak Diketahui,2025-05-01,0,True,False
SD Bioline HIV 1/2 3.0,Tidak Diketahui,2025-06-01,0,True,False
SD Bioline HIV 1/2 3.0,Tidak Diketahui,2025-07-01,0,True,False
SD Bioline HIV 1/2 3.0,Tidak Diketahui,2025-08-01,0,True,False
SD Bioline HIV 1/2 3.0,Tidak Diketahui,2025-09-01,0,True,False
SD Bioline HIV 1/2 3.0,Tidak Diketahui,2025-10-01,0,True,False
SD Bioline HIV 1/2 3.0,Tidak Diketahui,2025-11-01,0,True,False
SD Bioline HIV 1/2 3.0,Tidak Diketahui,2025-12-01,0,True,False
SD Bioline HIV 1/2 3.0,Tidak Diketahui,2026-01-01,0,False,False
SD Bioline HIV 1/2 3.0,Tidak Diketahui,2026-02-01,0,False,False
SGOT (AST),Kit 5 X 20 + 1 X 25 Ml,2024-01-01,0,False,False
SGOT (AST),Kit 5 X 20 + 1 X 25 Ml,2024-02-01,0,False,False
SGOT (AST),Kit 5 X 20 + 1 X 25 Ml,2024-03-01,0,False,False
SGOT (AST),Kit 5 X 20 + 1 X 25 Ml,2024-04-01,0,False,False
SGOT (AST),Kit 5 X 20 + 1 X 25 Ml,2024-05-01,0,False,False
SGOT (AST),Kit 5 X 20 + 1 X 25 Ml,2024-06-01,0,False,False
SGOT (AST),Kit 5 X 20 + 1 X 25 Ml,2024-07-01,0,False,False
SGOT (AST),Kit 5 X 20 + 1 X 25 Ml,2024-08-01,0,False,False
SGOT (AST),Kit 5 X 20 + 1 X 25 Ml,2024-09-01,0,False,False
SGOT (AST),Kit 5 X 20 + 1 X 25 Ml,2024-10-01,0,False,False
SGOT (AST),Kit 5 X 20 + 1 X 25 Ml,2024-11-01,0,False,False
SGOT (AST),Kit 5 X 20 + 1 X 25 Ml,2024-12-01,0,False,False
SGOT (AST),Kit 5 X 20 + 1 X 25 Ml,2025-01-01,0,True,False
SGOT (AST),Kit 5 X 20 + 1 X 25 Ml,2025-02-01,0,True,False
SGOT (AST),Kit 5 X 20 + 1 X 25 Ml,2025-03-01,0,True,False
SGOT (AST),Kit 5 X 20 + 1 X 25 Ml,2025-04-01,0,False,True
SGOT (AST),Kit 5 X 20 + 1 X 25 Ml,2025-05-01,0,True,False
SGOT (AST),Kit 5 X 20 + 1 X 25 Ml,2025-06-01,0,True,False
SGOT (AST),Kit 5 X 20 + 1 X 25 Ml,2025-07-01,0,True,False
SGOT (AST),Kit 5 X 20 + 1 X 25 Ml,2025-08-01,0,True,False
SGOT (AST),Kit 5 X 20 + 1 X 25 Ml,2025-09-01,0,True,False
SGOT (AST),Kit 5 X 20 + 1 X 25 Ml,2025-10-01,0,True,False
SGOT (AST),Kit 5 X 20 + 1 X 25 Ml,2025-11-01,0,True,False
SGOT (AST),Kit 5 X 20 + 1 X 25 Ml,2025-12-01,0,True,False
SGOT (AST),Kit 5 X 20 + 1 X 25 Ml,2026-01-01,0,True,False
SGOT (AST),Kit 5 X 20 + 1 X 25 Ml,2026-02-01,0,True,False
SGPT (ALT),Kit 5 X 20 + 1 X 25 Ml,2024-01-01,0,False,False
SGPT (ALT),Kit 5 X 20 + 1 X 25 Ml,2024-02-01,0,False,False
SGPT (ALT),Kit 5 X 20 + 1 X 25 Ml,2024-03-01,0,False,False
SGPT (ALT),Kit 5 X 20 + 1 X 25 Ml,2024-04-01,0,False,False
SGPT (ALT),Kit 5 X 20 + 1 X 25 Ml,2024-05-01,0,False,False
SGPT (ALT),Kit 5 X 20 + 1 X 25 Ml,2024-06-01,0,False,False
SGPT (ALT),Kit 5 X 20 + 1 X 25 Ml,2024-07-01,0,False,False
SGPT (ALT),Kit 5 X 20 + 1 X 25 Ml,2024-08-01,0,False,False
SGPT (ALT),Kit 5 X 20 + 1 X 25 Ml,2024-09-01,0,False,False
SGPT (ALT),Kit 5 X 20 + 1 X 25 Ml,2024-10-01,0,False,False
SGPT (ALT),Kit 5 X 20 + 1 X 25 Ml,2024-11-01,0,False,False
SGPT (ALT),Kit 5 X 20 + 1 X 25 Ml,2024-12-01,0,False,False
SGPT (ALT),Kit 5 X 20 + 1 X 25 Ml,2025-01-01,0,True,False
SGPT (ALT),Kit 5 X 20 + 1 X 25 Ml,2025-02-01,0,True,False
SGPT (ALT),Kit 5 X 20 + 1 X 25 Ml,2025-03-01,0,True,False
SGPT (ALT),Kit 5 X 20 + 1 X 25 Ml,2025-04-01,0,False,True
SGPT (ALT),Kit 5 X 20 + 1 X 25 Ml,2025-05-01,0,True,False
SGPT (ALT),Kit 5 X 20 + 1 X 25 Ml,2025-06-01,0,True,False
SGPT (ALT),Kit 5 X 20 + 1 X 25 Ml,2025-07-01,0,True,False
SGPT (ALT),Kit 5 X 20 + 1 X 25 Ml,2025-08-01,0,True,False
SGPT (ALT),Kit 5 X 20 + 1 X 25 Ml,2025-09-01,0,True,False
SGPT (ALT),Kit 5 X 20 + 1 X 25 Ml,2025-10-01,0,True,False
SGPT (ALT),Kit 5 X 20 + 1 X 25 Ml,2025-11-01,0,True,False
SGPT (ALT),Kit 5 X 20 + 1 X 25 Ml,2025-12-01,0,True,False
SGPT (ALT),Kit 5 X 20 + 1 X 25 Ml,2026-01-01,0,True,False
SGPT (ALT),Kit 5 X 20 + 1 X 25 Ml,2026-02-01,0,True,False
Salbutamol 2 mg,Tidak Diketahui,2024-01-01,0,False,False
Salbutamol 2 mg,Tidak Diketahui,2024-02-01,0,False,False
Salbutamol 2 mg,Tidak Diketahui,2024-03-01,0,False,False
Salbutamol 2 mg,Tidak Diketahui,2024-04-01,0,False,False
Salbutamol 2 mg,Tidak Diketahui,2024-05-01,0,False,False
Salbutamol 2 mg,Tidak Diketahui,2024-06-01,0,False,False
Salbutamol 2 mg,Tidak Diketahui,2024-07-01,0,False,False
Salbutamol 2 mg,Tidak Diketahui,2024-08-01,0,False,False
Salbutamol 2 mg,Tidak Diketahui,2024-09-01,0,False,False
Salbutamol 2 mg,Tidak Diketahui,2024-10-01,0,False,False
Salbutamol 2 mg,Tidak Diketahui,2024-11-01,0,False,False
Salbutamol 2 mg,Tidak Diketahui,2024-12-01,0,False,False
Salbutamol 2 mg,Tidak Diketahui,2025-01-01,0,True,False
Salbutamol 2 mg,Tidak Diketahui,2025-02-01,0,True,False
Salbutamol 2 mg,Tidak Diketahui,2025-03-01,0,True,False
Salbutamol 2 mg,Tidak Diketahui,2025-04-01,0,False,True
Salbutamol 2 mg,Tidak Diketahui,2025-05-01,0,True,False
Salbutamol 2 mg,Tidak Diketahui,2025-06-01,0,True,False
Salbutamol 2 mg,Tidak Diketahui,2025-07-01,0,True,False
Salbutamol 2 mg,Tidak Diketahui,2025-08-01,0,True,False
Salbutamol 2 mg,Tidak Diketahui,2025-09-01,0,True,False
Salbutamol 2 mg,Tidak Diketahui,2025-10-01,0,True,False
Salbutamol 2 mg,Tidak Diketahui,2025-11-01,0,True,False
Salbutamol 2 mg,Tidak Diketahui,2025-12-01,0,True,False
Salbutamol 2 mg,Tidak Diketahui,2026-01-01,0,True,False
Salbutamol 2 mg,Tidak Diketahui,2026-02-01,100,True,False
Salbutamol 4 mg,Tablet,2024-01-01,340,True,False
Salbutamol 4 mg,Tablet,2024-02-01,410,True,False
Salbutamol 4 mg,Tablet,2024-03-01,160,True,False
Salbutamol 4 mg,Tablet,2024-04-01,225,True,False
Salbutamol 4 mg,Tablet,2024-05-01,215,True,False
Salbutamol 4 mg,Tablet,2024-06-01,100,True,False
Salbutamol 4 mg,Tablet,2024-07-01,220,True,False
Salbutamol 4 mg,Tablet,2024-08-01,60,True,False
Salbutamol 4 mg,Tablet,2024-09-01,34,True,False
Salbutamol 4 mg,Tablet,2024-10-01,144,True,False
Salbutamol 4 mg,Tablet,2024-11-01,198,True,False
Salbutamol 4 mg,Tablet,2024-12-01,404,True,False
Salbutamol 4 mg,Tablet,2025-01-01,40,True,False
Salbutamol 4 mg,Tablet,2025-02-01,415,True,False
Salbutamol 4 mg,Tablet,2025-03-01,145,True,False
Salbutamol 4 mg,Tablet,2025-04-01,130,False,True
Salbutamol 4 mg,Tablet,2025-05-01,116,True,False
Salbutamol 4 mg,Tablet,2025-06-01,96,True,False
Salbutamol 4 mg,Tablet,2025-07-01,204,True,False
Salbutamol 4 mg,Tablet,2025-08-01,344,True,False
Salbutamol 4 mg,Tablet,2025-09-01,230,True,False
Salbutamol 4 mg,Tablet,2025-10-01,230,True,False
Salbutamol 4 mg,Tablet,2025-11-01,230,True,False
Salbutamol 4 mg,Tablet,2025-12-01,297,True,False
Salbutamol 4 mg,Tablet,2026-01-01,273,True,False
Salbutamol 4 mg,Tablet,2026-02-01,150,True,False
Salbutamol inhalasi,Ampul,2024-01-01,0,True,False
Salbutamol inhalasi,Ampul,2024-02-01,13,True,False
Salbutamol inhalasi,Ampul,2024-03-01,2,True,False
Salbutamol inhalasi,Ampul,2024-04-01,0,True,False
Salbutamol inhalasi,Ampul,2024-05-01,2,True,False
Salbutamol inhalasi,Ampul,2024-06-01,5,True,False
Salbutamol inhalasi,Ampul,2024-07-01,0,True,False
Salbutamol inhalasi,Ampul,2024-08-01,11,True,False
Salbutamol inhalasi,Ampul,2024-09-01,0,True,False
Salbutamol inhalasi,Ampul,2024-10-01,6,True,False
Salbutamol inhalasi,Ampul,2024-11-01,5,True,False
Salbutamol inhalasi,Ampul,2024-12-01,8,True,False
Salbutamol inhalasi,Ampul,2025-01-01,0,False,False
Salbutamol inhalasi,Ampul,2025-02-01,0,False,False
Salbutamol inhalasi,Ampul,2025-03-01,0,False,False
Salbutamol inhalasi,Ampul,2025-04-01,0,False,True
Salbutamol inhalasi,Ampul,2025-05-01,0,False,False
Salbutamol inhalasi,Ampul,2025-06-01,0,False,False
Salbutamol inhalasi,Ampul,2025-07-01,0,False,False
Salbutamol inhalasi,Ampul,2025-08-01,0,False,False
Salbutamol inhalasi,Ampul,2025-09-01,0,False,False
Salbutamol inhalasi,Ampul,2025-10-01,0,False,False
Salbutamol inhalasi,Ampul,2025-11-01,0,False,False
Salbutamol inhalasi,Ampul,2025-12-01,0,False,False
Salbutamol inhalasi,Ampul,2026-01-01,0,False,False
Salbutamol inhalasi,Ampul,2026-02-01,0,False,False
Salep 2-4 30 g,Pot,2024-01-01,0,True,False
Salep 2-4 30 g,Pot,2024-02-01,0,True,False
Salep 2-4 30 g,Pot,2024-03-01,0,True,False
Salep 2-4 30 g,Pot,2024-04-01,0,True,False
Salep 2-4 30 g,Pot,2024-05-01,0,True,False
Salep 2-4 30 g,Pot,2024-06-01,0,True,False
Salep 2-4 30 g,Pot,2024-07-01,0,True,False
Salep 2-4 30 g,Pot,2024-08-01,0,True,False
Salep 2-4 30 g,Pot,2024-09-01,0,True,False
Salep 2-4 30 g,Pot,2024-10-01,0,True,False
Salep 2-4 30 g,Pot,2024-11-01,0,True,False
Salep 2-4 30 g,Pot,2024-12-01,0,True,False
Salep 2-4 30 g,Pot,2025-01-01,0,True,False
Salep 2-4 30 g,Pot,2025-02-01,0,True,False
Salep 2-4 30 g,Pot,2025-03-01,0,True,False
Salep 2-4 30 g,Pot,2025-04-01,0,False,True
Salep 2-4 30 g,Pot,2025-05-01,0,True,False
Salep 2-4 30 g,Pot,2025-06-01,0,True,False
Salep 2-4 30 g,Pot,2025-07-01,0,True,False
Salep 2-4 30 g,Pot,2025-08-01,0,True,False
Salep 2-4 30 g,Pot,2025-09-01,0,True,False
Salep 2-4 30 g,Pot,2025-10-01,0,True,False
Salep 2-4 30 g,Pot,2025-11-01,0,True,False
Salep 2-4 30 g,Pot,2025-12-01,0,True,False
Salep 2-4 30 g,Pot,2026-01-01,0,False,False
Salep 2-4 30 g,Pot,2026-02-01,0,False,False
Salisil bedak 2%,Pot,2024-01-01,0,True,False
Salisil bedak 2%,Pot,2024-02-01,0,True,False
Salisil bedak 2%,Pot,2024-03-01,0,False,False
Salisil bedak 2%,Pot,2024-04-01,0,False,False
Salisil bedak 2%,Pot,2024-05-01,0,False,False
Salisil bedak 2%,Pot,2024-06-01,0,False,False
Salisil bedak 2%,Pot,2024-07-01,0,False,False
Salisil bedak 2%,Pot,2024-08-01,0,False,False
Salisil bedak 2%,Pot,2024-09-01,0,False,False
Salisil bedak 2%,Pot,2024-10-01,0,False,False
Salisil bedak 2%,Pot,2024-11-01,0,False,False
Salisil bedak 2%,Pot,2024-12-01,0,False,False
Salisil bedak 2%,Pot,2025-01-01,6,True,False
Salisil bedak 2%,Pot,2025-02-01,0,True,False
Salisil bedak 2%,Pot,2025-03-01,3,True,False
Salisil bedak 2%,Pot,2025-04-01,7,False,True
Salisil bedak 2%,Pot,2025-05-01,11,True,False
Salisil bedak 2%,Pot,2025-06-01,10,True,False
Salisil bedak 2%,Pot,2025-07-01,9,True,False
Salisil bedak 2%,Pot,2025-08-01,5,True,False
Salisil bedak 2%,Pot,2025-09-01,4,True,False
Salisil bedak 2%,Pot,2025-10-01,0,True,False
Salisil bedak 2%,Pot,2025-11-01,2,True,False
Salisil bedak 2%,Pot,2025-12-01,4,True,False
Salisil bedak 2%,Pot,2026-01-01,2,True,False
Salisil bedak 2%,Pot,2026-02-01,5,True,False
Sanadryl DMP sirup,Botol,2024-01-01,22,True,False
Sanadryl DMP sirup,Botol,2024-02-01,35,True,False
Sanadryl DMP sirup,Botol,2024-03-01,18,True,False
Sanadryl DMP sirup,Botol,2024-04-01,7,True,False
Sanadryl DMP sirup,Botol,2024-05-01,0,True,False
Sanadryl DMP sirup,Botol,2024-06-01,0,True,False
Sanadryl DMP sirup,Botol,2024-07-01,0,True,False
Sanadryl DMP sirup,Botol,2024-08-01,0,True,False
Sanadryl DMP sirup,Botol,2024-09-01,0,True,False
Sanadryl DMP sirup,Botol,2024-10-01,0,True,False
Sanadryl DMP sirup,Botol,2024-11-01,0,True,False
Sanadryl DMP sirup,Botol,2024-12-01,0,True,False
Sanadryl DMP sirup,Botol,2025-01-01,0,True,False
Sanadryl DMP sirup,Botol,2025-02-01,0,True,False
Sanadryl DMP sirup,Botol,2025-03-01,0,True,False
Sanadryl DMP sirup,Botol,2025-04-01,0,False,True
Sanadryl DMP sirup,Botol,2025-05-01,0,True,False
Sanadryl DMP sirup,Botol,2025-06-01,0,True,False
Sanadryl DMP sirup,Botol,2025-07-01,0,True,False
Sanadryl DMP sirup,Botol,2025-08-01,0,True,False
Sanadryl DMP sirup,Botol,2025-09-01,0,True,False
Sanadryl DMP sirup,Botol,2025-10-01,0,True,False
Sanadryl DMP sirup,Botol,2025-11-01,0,True,False
Sanadryl DMP sirup,Botol,2025-12-01,0,True,False
Sanadryl DMP sirup,Botol,2026-01-01,0,False,False
Sanadryl DMP sirup,Botol,2026-02-01,0,False,False
Sanadryl Exp sirup,Botol,2024-01-01,16,True,False
Sanadryl Exp sirup,Botol,2024-02-01,2,True,False
Sanadryl Exp sirup,Botol,2024-03-01,0,True,False
Sanadryl Exp sirup,Botol,2024-04-01,0,True,False
Sanadryl Exp sirup,Botol,2024-05-01,0,True,False
Sanadryl Exp sirup,Botol,2024-06-01,0,True,False
Sanadryl Exp sirup,Botol,2024-07-01,0,True,False
Sanadryl Exp sirup,Botol,2024-08-01,0,True,False
Sanadryl Exp sirup,Botol,2024-09-01,0,True,False
Sanadryl Exp sirup,Botol,2024-10-01,0,True,False
Sanadryl Exp sirup,Botol,2024-11-01,0,True,False
Sanadryl Exp sirup,Botol,2024-12-01,0,True,False
Sanadryl Exp sirup,Botol,2025-01-01,0,False,False
Sanadryl Exp sirup,Botol,2025-02-01,0,False,False
Sanadryl Exp sirup,Botol,2025-03-01,0,False,False
Sanadryl Exp sirup,Botol,2025-04-01,0,False,True
Sanadryl Exp sirup,Botol,2025-05-01,0,False,False
Sanadryl Exp sirup,Botol,2025-06-01,0,False,False
Sanadryl Exp sirup,Botol,2025-07-01,0,False,False
Sanadryl Exp sirup,Botol,2025-08-01,0,False,False
Sanadryl Exp sirup,Botol,2025-09-01,0,False,False
Sanadryl Exp sirup,Botol,2025-10-01,0,False,False
Sanadryl Exp sirup,Botol,2025-11-01,0,False,False
Sanadryl Exp sirup,Botol,2025-12-01,0,False,False
Sanadryl Exp sirup,Botol,2026-01-01,0,False,False
Sanadryl Exp sirup,Botol,2026-02-01,0,False,False
Sanadryl Expectorant,Botol,2024-01-01,0,False,False
Sanadryl Expectorant,Botol,2024-02-01,0,False,False
Sanadryl Expectorant,Botol,2024-03-01,0,False,False
Sanadryl Expectorant,Botol,2024-04-01,0,False,False
Sanadryl Expectorant,Botol,2024-05-01,0,False,False
Sanadryl Expectorant,Botol,2024-06-01,0,False,False
Sanadryl Expectorant,Botol,2024-07-01,0,False,False
Sanadryl Expectorant,Botol,2024-08-01,0,False,False
Sanadryl Expectorant,Botol,2024-09-01,0,False,False
Sanadryl Expectorant,Botol,2024-10-01,0,False,False
Sanadryl Expectorant,Botol,2024-11-01,0,False,False
Sanadryl Expectorant,Botol,2024-12-01,0,False,False
Sanadryl Expectorant,Botol,2025-01-01,0,True,False
Sanadryl Expectorant,Botol,2025-02-01,0,True,False
Sanadryl Expectorant,Botol,2025-03-01,0,True,False
Sanadryl Expectorant,Botol,2025-04-01,0,False,True
Sanadryl Expectorant,Botol,2025-05-01,0,True,False
Sanadryl Expectorant,Botol,2025-06-01,0,True,False
Sanadryl Expectorant,Botol,2025-07-01,0,True,False
Sanadryl Expectorant,Botol,2025-08-01,0,True,False
Sanadryl Expectorant,Botol,2025-09-01,0,True,False
Sanadryl Expectorant,Botol,2025-10-01,0,True,False
Sanadryl Expectorant,Botol,2025-11-01,0,True,False
Sanadryl Expectorant,Botol,2025-12-01,0,True,False
Sanadryl Expectorant,Botol,2026-01-01,0,False,False
Sanadryl Expectorant,Botol,2026-02-01,0,False,False
Sanmag sirup,Botol 60 Ml,2024-01-01,0,True,False
Sanmag sirup,Botol 60 Ml,2024-02-01,0,True,False
Sanmag sirup,Botol 60 Ml,2024-03-01,0,False,False
Sanmag sirup,Botol 60 Ml,2024-04-01,0,False,False
Sanmag sirup,Botol 60 Ml,2024-05-01,0,False,False
Sanmag sirup,Botol 60 Ml,2024-06-01,0,False,False
Sanmag sirup,Botol 60 Ml,2024-07-01,0,False,False
Sanmag sirup,Botol 60 Ml,2024-08-01,0,False,False
Sanmag sirup,Botol 60 Ml,2024-09-01,0,False,False
Sanmag sirup,Botol 60 Ml,2024-10-01,0,False,False
Sanmag sirup,Botol 60 Ml,2024-11-01,0,False,False
Sanmag sirup,Botol 60 Ml,2024-12-01,0,False,False
Sanmag sirup,Botol 60 Ml,2025-01-01,0,False,False
Sanmag sirup,Botol 60 Ml,2025-02-01,0,False,False
Sanmag sirup,Botol 60 Ml,2025-03-01,0,False,False
Sanmag sirup,Botol 60 Ml,2025-04-01,0,False,True
Sanmag sirup,Botol 60 Ml,2025-05-01,0,False,False
Sanmag sirup,Botol 60 Ml,2025-06-01,0,False,False
Sanmag sirup,Botol 60 Ml,2025-07-01,0,False,False
Sanmag sirup,Botol 60 Ml,2025-08-01,0,False,False
Sanmag sirup,Botol 60 Ml,2025-09-01,0,False,False
Sanmag sirup,Botol 60 Ml,2025-10-01,0,False,False
Sanmag sirup,Botol 60 Ml,2025-11-01,0,False,False
Sanmag sirup,Botol 60 Ml,2025-12-01,0,False,False
Sanmag sirup,Botol 60 Ml,2026-01-01,0,False,False
Sanmag sirup,Botol 60 Ml,2026-02-01,0,False,False
Sanmag suspensi,Tidak Diketahui,2024-01-01,0,False,False
Sanmag suspensi,Tidak Diketahui,2024-02-01,0,False,False
Sanmag suspensi,Tidak Diketahui,2024-03-01,0,False,False
Sanmag suspensi,Tidak Diketahui,2024-04-01,0,False,False
Sanmag suspensi,Tidak Diketahui,2024-05-01,0,False,False
Sanmag suspensi,Tidak Diketahui,2024-06-01,0,False,False
Sanmag suspensi,Tidak Diketahui,2024-07-01,0,False,False
Sanmag suspensi,Tidak Diketahui,2024-08-01,0,False,False
Sanmag suspensi,Tidak Diketahui,2024-09-01,0,False,False
Sanmag suspensi,Tidak Diketahui,2024-10-01,0,False,False
Sanmag suspensi,Tidak Diketahui,2024-11-01,0,False,False
Sanmag suspensi,Tidak Diketahui,2024-12-01,0,False,False
Sanmag suspensi,Tidak Diketahui,2025-01-01,0,True,False
Sanmag suspensi,Tidak Diketahui,2025-02-01,0,True,False
Sanmag suspensi,Tidak Diketahui,2025-03-01,0,True,False
Sanmag suspensi,Tidak Diketahui,2025-04-01,0,False,True
Sanmag suspensi,Tidak Diketahui,2025-05-01,0,True,False
Sanmag suspensi,Tidak Diketahui,2025-06-01,0,True,False
Sanmag suspensi,Tidak Diketahui,2025-07-01,0,True,False
Sanmag suspensi,Tidak Diketahui,2025-08-01,0,True,False
Sanmag suspensi,Tidak Diketahui,2025-09-01,0,True,False
Sanmag suspensi,Tidak Diketahui,2025-10-01,0,True,False
Sanmag suspensi,Tidak Diketahui,2025-11-01,0,True,False
Sanmag suspensi,Tidak Diketahui,2025-12-01,0,True,False
Sanmag suspensi,Tidak Diketahui,2026-01-01,0,False,False
Sanmag suspensi,Tidak Diketahui,2026-02-01,0,False,False
Sanmag tab,Tidak Diketahui,2024-01-01,0,False,False
Sanmag tab,Tidak Diketahui,2024-02-01,0,False,False
Sanmag tab,Tidak Diketahui,2024-03-01,0,False,False
Sanmag tab,Tidak Diketahui,2024-04-01,0,False,False
Sanmag tab,Tidak Diketahui,2024-05-01,0,False,False
Sanmag tab,Tidak Diketahui,2024-06-01,0,False,False
Sanmag tab,Tidak Diketahui,2024-07-01,0,False,False
Sanmag tab,Tidak Diketahui,2024-08-01,0,False,False
Sanmag tab,Tidak Diketahui,2024-09-01,0,False,False
Sanmag tab,Tidak Diketahui,2024-10-01,0,False,False
Sanmag tab,Tidak Diketahui,2024-11-01,0,False,False
Sanmag tab,Tidak Diketahui,2024-12-01,0,False,False
Sanmag tab,Tidak Diketahui,2025-01-01,0,True,False
Sanmag tab,Tidak Diketahui,2025-02-01,0,True,False
Sanmag tab,Tidak Diketahui,2025-03-01,0,True,False
Sanmag tab,Tidak Diketahui,2025-04-01,0,False,True
Sanmag tab,Tidak Diketahui,2025-05-01,0,True,False
Sanmag tab,Tidak Diketahui,2025-06-01,0,True,False
Sanmag tab,Tidak Diketahui,2025-07-01,0,True,False
Sanmag tab,Tidak Diketahui,2025-08-01,0,True,False
Sanmag tab,Tidak Diketahui,2025-09-01,0,True,False
Sanmag tab,Tidak Diketahui,2025-10-01,0,True,False
Sanmag tab,Tidak Diketahui,2025-11-01,0,True,False
Sanmag tab,Tidak Diketahui,2025-12-01,0,True,False
Sanmag tab,Tidak Diketahui,2026-01-01,0,False,False
Sanmag tab,Tidak Diketahui,2026-02-01,0,False,False
Scabimide / permethrin krim 2 %,Tube,2024-01-01,5,True,False
Scabimide / permethrin krim 2 %,Tube,2024-02-01,0,True,False
Scabimide / permethrin krim 2 %,Tube,2024-03-01,5,True,False
Scabimide / permethrin krim 2 %,Tube,2024-04-01,4,True,False
Scabimide / permethrin krim 2 %,Tube,2024-05-01,0,True,False
Scabimide / permethrin krim 2 %,Tube,2024-06-01,0,True,False
Scabimide / permethrin krim 2 %,Tube,2024-07-01,0,True,False
Scabimide / permethrin krim 2 %,Tube,2024-08-01,1,True,False
Scabimide / permethrin krim 2 %,Tube,2024-09-01,4,True,False
Scabimide / permethrin krim 2 %,Tube,2024-10-01,3,True,False
Scabimide / permethrin krim 2 %,Tube,2024-11-01,3,True,False
Scabimide / permethrin krim 2 %,Tube,2024-12-01,3,True,False
Scabimide / permethrin krim 2 %,Tube,2025-01-01,0,False,False
Scabimide / permethrin krim 2 %,Tube,2025-02-01,0,False,False
Scabimide / permethrin krim 2 %,Tube,2025-03-01,0,False,False
Scabimide / permethrin krim 2 %,Tube,2025-04-01,0,False,True
Scabimide / permethrin krim 2 %,Tube,2025-05-01,0,False,False
Scabimide / permethrin krim 2 %,Tube,2025-06-01,0,False,False
Scabimide / permethrin krim 2 %,Tube,2025-07-01,0,False,False
Scabimide / permethrin krim 2 %,Tube,2025-08-01,0,False,False
Scabimide / permethrin krim 2 %,Tube,2025-09-01,0,False,False
Scabimide / permethrin krim 2 %,Tube,2025-10-01,0,False,False
Scabimide / permethrin krim 2 %,Tube,2025-11-01,0,False,False
Scabimide / permethrin krim 2 %,Tube,2025-12-01,0,False,False
Scabimide / permethrin krim 2 %,Tube,2026-01-01,0,False,False
Scabimide / permethrin krim 2 %,Tube,2026-02-01,0,False,False
Serum ABU I Polivalen 5 ml,Vial,2024-01-01,0,False,False
Serum ABU I Polivalen 5 ml,Vial,2024-02-01,0,False,False
Serum ABU I Polivalen 5 ml,Vial,2024-03-01,0,False,False
Serum ABU I Polivalen 5 ml,Vial,2024-04-01,0,False,False
Serum ABU I Polivalen 5 ml,Vial,2024-05-01,0,False,False
Serum ABU I Polivalen 5 ml,Vial,2024-06-01,0,False,False
Serum ABU I Polivalen 5 ml,Vial,2024-07-01,0,False,False
Serum ABU I Polivalen 5 ml,Vial,2024-08-01,0,False,False
Serum ABU I Polivalen 5 ml,Vial,2024-09-01,0,False,False
Serum ABU I Polivalen 5 ml,Vial,2024-10-01,0,False,False
Serum ABU I Polivalen 5 ml,Vial,2024-11-01,0,False,False
Serum ABU I Polivalen 5 ml,Vial,2024-12-01,0,False,False
Serum ABU I Polivalen 5 ml,Vial,2025-01-01,0,True,False
Serum ABU I Polivalen 5 ml,Vial,2025-02-01,0,True,False
Serum ABU I Polivalen 5 ml,Vial,2025-03-01,0,True,False
Serum ABU I Polivalen 5 ml,Vial,2025-04-01,0,False,True
Serum ABU I Polivalen 5 ml,Vial,2025-05-01,0,True,False
Serum ABU I Polivalen 5 ml,Vial,2025-06-01,0,True,False
Serum ABU I Polivalen 5 ml,Vial,2025-07-01,0,True,False
Serum ABU I Polivalen 5 ml,Vial,2025-08-01,0,True,False
Serum ABU I Polivalen 5 ml,Vial,2025-09-01,0,True,False
Serum ABU I Polivalen 5 ml,Vial,2025-10-01,0,True,False
Serum ABU I Polivalen 5 ml,Vial,2025-11-01,0,True,False
Serum ABU I Polivalen 5 ml,Vial,2025-12-01,0,True,False
Serum ABU I Polivalen 5 ml,Vial,2026-01-01,0,True,False
Serum ABU I Polivalen 5 ml,Vial,2026-02-01,0,True,False
Serum ATS 1.500 UI,Ampul,2024-01-01,0,False,False
Serum ATS 1.500 UI,Ampul,2024-02-01,0,False,False
Serum ATS 1.500 UI,Ampul,2024-03-01,0,False,False
Serum ATS 1.500 UI,Ampul,2024-04-01,0,False,False
Serum ATS 1.500 UI,Ampul,2024-05-01,0,False,False
Serum ATS 1.500 UI,Ampul,2024-06-01,0,False,False
Serum ATS 1.500 UI,Ampul,2024-07-01,0,False,False
Serum ATS 1.500 UI,Ampul,2024-08-01,0,False,False
Serum ATS 1.500 UI,Ampul,2024-09-01,0,False,False
Serum ATS 1.500 UI,Ampul,2024-10-01,0,False,False
Serum ATS 1.500 UI,Ampul,2024-11-01,0,False,False
Serum ATS 1.500 UI,Ampul,2024-12-01,0,False,False
Serum ATS 1.500 UI,Ampul,2025-01-01,1,True,False
Serum ATS 1.500 UI,Ampul,2025-02-01,0,True,False
Serum ATS 1.500 UI,Ampul,2025-03-01,0,True,False
Serum ATS 1.500 UI,Ampul,2025-04-01,0,False,True
Serum ATS 1.500 UI,Ampul,2025-05-01,0,True,False
Serum ATS 1.500 UI,Ampul,2025-06-01,1,True,False
Serum ATS 1.500 UI,Ampul,2025-07-01,0,True,False
Serum ATS 1.500 UI,Ampul,2025-08-01,0,True,False
Serum ATS 1.500 UI,Ampul,2025-09-01,0,True,False
Serum ATS 1.500 UI,Ampul,2025-10-01,1,True,False
Serum ATS 1.500 UI,Ampul,2025-11-01,1,True,False
Serum ATS 1.500 UI,Ampul,2025-12-01,0,True,False
Serum ATS 1.500 UI,Ampul,2026-01-01,0,True,False
Serum ATS 1.500 UI,Ampul,2026-02-01,2,True,False
Serum Kontrol (Trulab N),Tidak Diketahui,2024-01-01,0,False,False
Serum Kontrol (Trulab N),Tidak Diketahui,2024-02-01,0,False,False
Serum Kontrol (Trulab N),Tidak Diketahui,2024-03-01,0,False,False
Serum Kontrol (Trulab N),Tidak Diketahui,2024-04-01,0,False,False
Serum Kontrol (Trulab N),Tidak Diketahui,2024-05-01,0,False,False
Serum Kontrol (Trulab N),Tidak Diketahui,2024-06-01,0,False,False
Serum Kontrol (Trulab N),Tidak Diketahui,2024-07-01,0,False,False
Serum Kontrol (Trulab N),Tidak Diketahui,2024-08-01,0,False,False
Serum Kontrol (Trulab N),Tidak Diketahui,2024-09-01,0,False,False
Serum Kontrol (Trulab N),Tidak Diketahui,2024-10-01,0,False,False
Serum Kontrol (Trulab N),Tidak Diketahui,2024-11-01,0,False,False
Serum Kontrol (Trulab N),Tidak Diketahui,2024-12-01,0,False,False
Serum Kontrol (Trulab N),Tidak Diketahui,2025-01-01,0,True,False
Serum Kontrol (Trulab N),Tidak Diketahui,2025-02-01,0,True,False
Serum Kontrol (Trulab N),Tidak Diketahui,2025-03-01,0,True,False
Serum Kontrol (Trulab N),Tidak Diketahui,2025-04-01,0,False,True
Serum Kontrol (Trulab N),Tidak Diketahui,2025-05-01,0,True,False
Serum Kontrol (Trulab N),Tidak Diketahui,2025-06-01,0,True,False
Serum Kontrol (Trulab N),Tidak Diketahui,2025-07-01,0,True,False
Serum Kontrol (Trulab N),Tidak Diketahui,2025-08-01,0,True,False
Serum Kontrol (Trulab N),Tidak Diketahui,2025-09-01,0,True,False
Serum Kontrol (Trulab N),Tidak Diketahui,2025-10-01,0,True,False
Serum Kontrol (Trulab N),Tidak Diketahui,2025-11-01,0,True,False
Serum Kontrol (Trulab N),Tidak Diketahui,2025-12-01,0,True,False
Serum Kontrol (Trulab N),Tidak Diketahui,2026-01-01,0,False,False
Serum Kontrol (Trulab N),Tidak Diketahui,2026-02-01,0,False,False
Serum kalibrator (Trucal U),Tidak Diketahui,2024-01-01,0,False,False
Serum kalibrator (Trucal U),Tidak Diketahui,2024-02-01,0,False,False
Serum kalibrator (Trucal U),Tidak Diketahui,2024-03-01,0,False,False
Serum kalibrator (Trucal U),Tidak Diketahui,2024-04-01,0,False,False
Serum kalibrator (Trucal U),Tidak Diketahui,2024-05-01,0,False,False
Serum kalibrator (Trucal U),Tidak Diketahui,2024-06-01,0,False,False
Serum kalibrator (Trucal U),Tidak Diketahui,2024-07-01,0,False,False
Serum kalibrator (Trucal U),Tidak Diketahui,2024-08-01,0,False,False
Serum kalibrator (Trucal U),Tidak Diketahui,2024-09-01,0,False,False
Serum kalibrator (Trucal U),Tidak Diketahui,2024-10-01,0,False,False
Serum kalibrator (Trucal U),Tidak Diketahui,2024-11-01,0,False,False
Serum kalibrator (Trucal U),Tidak Diketahui,2024-12-01,0,False,False
Serum kalibrator (Trucal U),Tidak Diketahui,2025-01-01,0,True,False
Serum kalibrator (Trucal U),Tidak Diketahui,2025-02-01,0,True,False
Serum kalibrator (Trucal U),Tidak Diketahui,2025-03-01,0,True,False
Serum kalibrator (Trucal U),Tidak Diketahui,2025-04-01,0,False,True
Serum kalibrator (Trucal U),Tidak Diketahui,2025-05-01,0,True,False
Serum kalibrator (Trucal U),Tidak Diketahui,2025-06-01,0,True,False
Serum kalibrator (Trucal U),Tidak Diketahui,2025-07-01,0,True,False
Serum kalibrator (Trucal U),Tidak Diketahui,2025-08-01,0,True,False
Serum kalibrator (Trucal U),Tidak Diketahui,2025-09-01,0,True,False
Serum kalibrator (Trucal U),Tidak Diketahui,2025-10-01,0,True,False
Serum kalibrator (Trucal U),Tidak Diketahui,2025-11-01,0,True,False
Serum kalibrator (Trucal U),Tidak Diketahui,2025-12-01,0,True,False
Serum kalibrator (Trucal U),Tidak Diketahui,2026-01-01,0,False,False
Serum kalibrator (Trucal U),Tidak Diketahui,2026-02-01,0,False,False
Serum kalibrator (Trucal lipid),Tidak Diketahui,2024-01-01,0,False,False
Serum kalibrator (Trucal lipid),Tidak Diketahui,2024-02-01,0,False,False
Serum kalibrator (Trucal lipid),Tidak Diketahui,2024-03-01,0,False,False
Serum kalibrator (Trucal lipid),Tidak Diketahui,2024-04-01,0,False,False
Serum kalibrator (Trucal lipid),Tidak Diketahui,2024-05-01,0,False,False
Serum kalibrator (Trucal lipid),Tidak Diketahui,2024-06-01,0,False,False
Serum kalibrator (Trucal lipid),Tidak Diketahui,2024-07-01,0,False,False
Serum kalibrator (Trucal lipid),Tidak Diketahui,2024-08-01,0,False,False
Serum kalibrator (Trucal lipid),Tidak Diketahui,2024-09-01,0,False,False
Serum kalibrator (Trucal lipid),Tidak Diketahui,2024-10-01,0,False,False
Serum kalibrator (Trucal lipid),Tidak Diketahui,2024-11-01,0,False,False
Serum kalibrator (Trucal lipid),Tidak Diketahui,2024-12-01,0,False,False
Serum kalibrator (Trucal lipid),Tidak Diketahui,2025-01-01,0,True,False
Serum kalibrator (Trucal lipid),Tidak Diketahui,2025-02-01,0,True,False
Serum kalibrator (Trucal lipid),Tidak Diketahui,2025-03-01,0,True,False
Serum kalibrator (Trucal lipid),Tidak Diketahui,2025-04-01,0,False,True
Serum kalibrator (Trucal lipid),Tidak Diketahui,2025-05-01,0,True,False
Serum kalibrator (Trucal lipid),Tidak Diketahui,2025-06-01,0,True,False
Serum kalibrator (Trucal lipid),Tidak Diketahui,2025-07-01,0,True,False
Serum kalibrator (Trucal lipid),Tidak Diketahui,2025-08-01,0,True,False
Serum kalibrator (Trucal lipid),Tidak Diketahui,2025-09-01,0,True,False
Serum kalibrator (Trucal lipid),Tidak Diketahui,2025-10-01,0,True,False
Serum kalibrator (Trucal lipid),Tidak Diketahui,2025-11-01,0,True,False
Serum kalibrator (Trucal lipid),Tidak Diketahui,2025-12-01,0,True,False
Serum kalibrator (Trucal lipid),Tidak Diketahui,2026-01-01,0,False,False
Serum kalibrator (Trucal lipid),Tidak Diketahui,2026-02-01,0,False,False
Sianokobalamin injeksi 500 mcg,Tidak Diketahui,2024-01-01,0,False,False
Sianokobalamin injeksi 500 mcg,Tidak Diketahui,2024-02-01,0,False,False
Sianokobalamin injeksi 500 mcg,Tidak Diketahui,2024-03-01,0,False,False
Sianokobalamin injeksi 500 mcg,Tidak Diketahui,2024-04-01,0,False,False
Sianokobalamin injeksi 500 mcg,Tidak Diketahui,2024-05-01,0,False,False
Sianokobalamin injeksi 500 mcg,Tidak Diketahui,2024-06-01,0,False,False
Sianokobalamin injeksi 500 mcg,Tidak Diketahui,2024-07-01,0,False,False
Sianokobalamin injeksi 500 mcg,Tidak Diketahui,2024-08-01,0,False,False
Sianokobalamin injeksi 500 mcg,Tidak Diketahui,2024-09-01,0,False,False
Sianokobalamin injeksi 500 mcg,Tidak Diketahui,2024-10-01,0,False,False
Sianokobalamin injeksi 500 mcg,Tidak Diketahui,2024-11-01,0,False,False
Sianokobalamin injeksi 500 mcg,Tidak Diketahui,2024-12-01,0,False,False
Sianokobalamin injeksi 500 mcg,Tidak Diketahui,2025-01-01,0,True,False
Sianokobalamin injeksi 500 mcg,Tidak Diketahui,2025-02-01,0,True,False
Sianokobalamin injeksi 500 mcg,Tidak Diketahui,2025-03-01,0,True,False
Sianokobalamin injeksi 500 mcg,Tidak Diketahui,2025-04-01,0,False,True
Sianokobalamin injeksi 500 mcg,Tidak Diketahui,2025-05-01,0,True,False
Sianokobalamin injeksi 500 mcg,Tidak Diketahui,2025-06-01,0,True,False
Sianokobalamin injeksi 500 mcg,Tidak Diketahui,2025-07-01,0,True,False
Sianokobalamin injeksi 500 mcg,Tidak Diketahui,2025-08-01,0,True,False
Sianokobalamin injeksi 500 mcg,Tidak Diketahui,2025-09-01,0,True,False
Sianokobalamin injeksi 500 mcg,Tidak Diketahui,2025-10-01,0,True,False
Sianokobalamin injeksi 500 mcg,Tidak Diketahui,2025-11-01,0,True,False
Sianokobalamin injeksi 500 mcg,Tidak Diketahui,2025-12-01,0,True,False
Sianokobalamin injeksi 500 mcg,Tidak Diketahui,2026-01-01,0,False,False
Sianokobalamin injeksi 500 mcg,Tidak Diketahui,2026-02-01,0,False,False
Sianokobalamin tab (Vit.B12) 50 mcg,Tablet,2024-01-01,0,False,False
Sianokobalamin tab (Vit.B12) 50 mcg,Tablet,2024-02-01,0,False,False
Sianokobalamin tab (Vit.B12) 50 mcg,Tablet,2024-03-01,0,False,False
Sianokobalamin tab (Vit.B12) 50 mcg,Tablet,2024-04-01,0,False,False
Sianokobalamin tab (Vit.B12) 50 mcg,Tablet,2024-05-01,0,False,False
Sianokobalamin tab (Vit.B12) 50 mcg,Tablet,2024-06-01,0,False,False
Sianokobalamin tab (Vit.B12) 50 mcg,Tablet,2024-07-01,0,False,False
Sianokobalamin tab (Vit.B12) 50 mcg,Tablet,2024-08-01,0,False,False
Sianokobalamin tab (Vit.B12) 50 mcg,Tablet,2024-09-01,0,False,False
Sianokobalamin tab (Vit.B12) 50 mcg,Tablet,2024-10-01,0,False,False
Sianokobalamin tab (Vit.B12) 50 mcg,Tablet,2024-11-01,0,False,False
Sianokobalamin tab (Vit.B12) 50 mcg,Tablet,2024-12-01,0,False,False
Sianokobalamin tab (Vit.B12) 50 mcg,Tablet,2025-01-01,720,True,False
Sianokobalamin tab (Vit.B12) 50 mcg,Tablet,2025-02-01,0,True,False
Sianokobalamin tab (Vit.B12) 50 mcg,Tablet,2025-03-01,0,True,False
Sianokobalamin tab (Vit.B12) 50 mcg,Tablet,2025-04-01,0,False,True
Sianokobalamin tab (Vit.B12) 50 mcg,Tablet,2025-05-01,0,True,False
Sianokobalamin tab (Vit.B12) 50 mcg,Tablet,2025-06-01,0,True,False
Sianokobalamin tab (Vit.B12) 50 mcg,Tablet,2025-07-01,0,True,False
Sianokobalamin tab (Vit.B12) 50 mcg,Tablet,2025-08-01,0,True,False
Sianokobalamin tab (Vit.B12) 50 mcg,Tablet,2025-09-01,0,True,False
Sianokobalamin tab (Vit.B12) 50 mcg,Tablet,2025-10-01,0,True,False
Sianokobalamin tab (Vit.B12) 50 mcg,Tablet,2025-11-01,0,True,False
Sianokobalamin tab (Vit.B12) 50 mcg,Tablet,2025-12-01,0,True,False
Sianokobalamin tab (Vit.B12) 50 mcg,Tablet,2026-01-01,0,False,False
Sianokobalamin tab (Vit.B12) 50 mcg,Tablet,2026-02-01,0,False,False
Simvastatin 10 mg tab,Tablet,2024-01-01,520,True,False
Simvastatin 10 mg tab,Tablet,2024-02-01,280,True,False
Simvastatin 10 mg tab,Tablet,2024-03-01,0,True,False
Simvastatin 10 mg tab,Tablet,2024-04-01,0,True,False
Simvastatin 10 mg tab,Tablet,2024-05-01,0,True,False
Simvastatin 10 mg tab,Tablet,2024-06-01,0,True,False
Simvastatin 10 mg tab,Tablet,2024-07-01,0,True,False
Simvastatin 10 mg tab,Tablet,2024-08-01,0,True,False
Simvastatin 10 mg tab,Tablet,2024-09-01,0,True,False
Simvastatin 10 mg tab,Tablet,2024-10-01,0,True,False
Simvastatin 10 mg tab,Tablet,2024-11-01,0,True,False
Simvastatin 10 mg tab,Tablet,2024-12-01,0,True,False
Simvastatin 10 mg tab,Tablet,2025-01-01,0,True,False
Simvastatin 10 mg tab,Tablet,2025-02-01,0,True,False
Simvastatin 10 mg tab,Tablet,2025-03-01,0,True,False
Simvastatin 10 mg tab,Tablet,2025-04-01,0,False,True
Simvastatin 10 mg tab,Tablet,2025-05-01,0,True,False
Simvastatin 10 mg tab,Tablet,2025-06-01,0,True,False
Simvastatin 10 mg tab,Tablet,2025-07-01,0,True,False
Simvastatin 10 mg tab,Tablet,2025-08-01,0,True,False
Simvastatin 10 mg tab,Tablet,2025-09-01,0,True,False
Simvastatin 10 mg tab,Tablet,2025-10-01,0,True,False
Simvastatin 10 mg tab,Tablet,2025-11-01,0,True,False
Simvastatin 10 mg tab,Tablet,2025-12-01,0,True,False
Simvastatin 10 mg tab,Tablet,2026-01-01,0,False,False
Simvastatin 10 mg tab,Tablet,2026-02-01,0,False,False
Simvastatin 20 mg tab,Tablet,2024-01-01,300,True,False
Simvastatin 20 mg tab,Tablet,2024-02-01,900,True,False
Simvastatin 20 mg tab,Tablet,2024-03-01,200,True,False
Simvastatin 20 mg tab,Tablet,2024-04-01,0,True,False
Simvastatin 20 mg tab,Tablet,2024-05-01,600,True,False
Simvastatin 20 mg tab,Tablet,2024-06-01,420,True,False
Simvastatin 20 mg tab,Tablet,2024-07-01,1530,True,False
Simvastatin 20 mg tab,Tablet,2024-08-01,900,True,False
Simvastatin 20 mg tab,Tablet,2024-09-01,1132,True,False
Simvastatin 20 mg tab,Tablet,2024-10-01,18,True,False
Simvastatin 20 mg tab,Tablet,2024-11-01,0,True,False
Simvastatin 20 mg tab,Tablet,2024-12-01,0,True,False
Simvastatin 20 mg tab,Tablet,2025-01-01,1400,True,False
Simvastatin 20 mg tab,Tablet,2025-02-01,350,True,False
Simvastatin 20 mg tab,Tablet,2025-03-01,700,True,False
Simvastatin 20 mg tab,Tablet,2025-04-01,668,False,True
Simvastatin 20 mg tab,Tablet,2025-05-01,635,True,False
Simvastatin 20 mg tab,Tablet,2025-06-01,0,True,False
Simvastatin 20 mg tab,Tablet,2025-07-01,120,True,False
Simvastatin 20 mg tab,Tablet,2025-08-01,140,True,False
Simvastatin 20 mg tab,Tablet,2025-09-01,1620,True,False
Simvastatin 20 mg tab,Tablet,2025-10-01,1630,True,False
Simvastatin 20 mg tab,Tablet,2025-11-01,1450,True,False
Simvastatin 20 mg tab,Tablet,2025-12-01,1400,True,False
Simvastatin 20 mg tab,Tablet,2026-01-01,1870,True,False
Simvastatin 20 mg tab,Tablet,2026-02-01,1160,True,False
Sistenol kaplet,Tidak Diketahui,2024-01-01,0,False,False
Sistenol kaplet,Tidak Diketahui,2024-02-01,0,False,False
Sistenol kaplet,Tidak Diketahui,2024-03-01,0,False,False
Sistenol kaplet,Tidak Diketahui,2024-04-01,0,False,False
Sistenol kaplet,Tidak Diketahui,2024-05-01,0,False,False
Sistenol kaplet,Tidak Diketahui,2024-06-01,0,False,False
Sistenol kaplet,Tidak Diketahui,2024-07-01,0,False,False
Sistenol kaplet,Tidak Diketahui,2024-08-01,0,False,False
Sistenol kaplet,Tidak Diketahui,2024-09-01,0,False,False
Sistenol kaplet,Tidak Diketahui,2024-10-01,0,False,False
Sistenol kaplet,Tidak Diketahui,2024-11-01,0,False,False
Sistenol kaplet,Tidak Diketahui,2024-12-01,0,False,False
Sistenol kaplet,Tidak Diketahui,2025-01-01,0,True,False
Sistenol kaplet,Tidak Diketahui,2025-02-01,0,True,False
Sistenol kaplet,Tidak Diketahui,2025-03-01,0,True,False
Sistenol kaplet,Tidak Diketahui,2025-04-01,0,False,True
Sistenol kaplet,Tidak Diketahui,2025-05-01,0,True,False
Sistenol kaplet,Tidak Diketahui,2025-06-01,0,True,False
Sistenol kaplet,Tidak Diketahui,2025-07-01,0,True,False
Sistenol kaplet,Tidak Diketahui,2025-08-01,0,True,False
Sistenol kaplet,Tidak Diketahui,2025-09-01,0,True,False
Sistenol kaplet,Tidak Diketahui,2025-10-01,0,True,False
Sistenol kaplet,Tidak Diketahui,2025-11-01,0,True,False
Sistenol kaplet,Tidak Diketahui,2025-12-01,0,True,False
Sistenol kaplet,Tidak Diketahui,2026-01-01,0,False,False
Sistenol kaplet,Tidak Diketahui,2026-02-01,0,False,False
Solathim 500 mg,Kapsul,2024-01-01,90,True,False
Solathim 500 mg,Kapsul,2024-02-01,0,True,False
Solathim 500 mg,Kapsul,2024-03-01,100,True,False
Solathim 500 mg,Kapsul,2024-04-01,0,True,False
Solathim 500 mg,Kapsul,2024-05-01,0,True,False
Solathim 500 mg,Kapsul,2024-06-01,0,True,False
Solathim 500 mg,Kapsul,2024-07-01,0,True,False
Solathim 500 mg,Kapsul,2024-08-01,0,True,False
Solathim 500 mg,Kapsul,2024-09-01,0,True,False
Solathim 500 mg,Kapsul,2024-10-01,0,True,False
Solathim 500 mg,Kapsul,2024-11-01,0,True,False
Solathim 500 mg,Kapsul,2024-12-01,0,True,False
Solathim 500 mg,Kapsul,2025-01-01,0,False,False
Solathim 500 mg,Kapsul,2025-02-01,0,False,False
Solathim 500 mg,Kapsul,2025-03-01,0,False,False
Solathim 500 mg,Kapsul,2025-04-01,0,False,True
Solathim 500 mg,Kapsul,2025-05-01,0,False,False
Solathim 500 mg,Kapsul,2025-06-01,0,False,False
Solathim 500 mg,Kapsul,2025-07-01,0,False,False
Solathim 500 mg,Kapsul,2025-08-01,0,False,False
Solathim 500 mg,Kapsul,2025-09-01,0,False,False
Solathim 500 mg,Kapsul,2025-10-01,0,False,False
Solathim 500 mg,Kapsul,2025-11-01,0,False,False
Solathim 500 mg,Kapsul,2025-12-01,0,False,False
Solathim 500 mg,Kapsul,2026-01-01,0,False,False
Solathim 500 mg,Kapsul,2026-02-01,0,False,False
Solathim syr,Botol,2024-01-01,0,True,False
Solathim syr,Botol,2024-02-01,0,True,False
Solathim syr,Botol,2024-03-01,0,True,False
Solathim syr,Botol,2024-04-01,0,False,False
Solathim syr,Botol,2024-05-01,0,False,False
Solathim syr,Botol,2024-06-01,0,False,False
Solathim syr,Botol,2024-07-01,0,False,False
Solathim syr,Botol,2024-08-01,0,False,False
Solathim syr,Botol,2024-09-01,0,False,False
Solathim syr,Botol,2024-10-01,0,False,False
Solathim syr,Botol,2024-11-01,0,False,False
Solathim syr,Botol,2024-12-01,0,False,False
Solathim syr,Botol,2025-01-01,0,False,False
Solathim syr,Botol,2025-02-01,0,False,False
Solathim syr,Botol,2025-03-01,0,False,False
Solathim syr,Botol,2025-04-01,0,False,True
Solathim syr,Botol,2025-05-01,0,False,False
Solathim syr,Botol,2025-06-01,0,False,False
Solathim syr,Botol,2025-07-01,0,False,False
Solathim syr,Botol,2025-08-01,0,False,False
Solathim syr,Botol,2025-09-01,0,False,False
Solathim syr,Botol,2025-10-01,0,False,False
Solathim syr,Botol,2025-11-01,0,False,False
Solathim syr,Botol,2025-12-01,0,False,False
Solathim syr,Botol,2026-01-01,0,False,False
Solathim syr,Botol,2026-02-01,0,False,False
Solvitron syr,Botol,2024-01-01,0,False,False
Solvitron syr,Botol,2024-02-01,0,False,False
Solvitron syr,Botol,2024-03-01,0,False,False
Solvitron syr,Botol,2024-04-01,0,False,False
Solvitron syr,Botol,2024-05-01,34,True,False
Solvitron syr,Botol,2024-06-01,6,True,False
Solvitron syr,Botol,2024-07-01,0,True,False
Solvitron syr,Botol,2024-08-01,0,True,False
Solvitron syr,Botol,2024-09-01,0,True,False
Solvitron syr,Botol,2024-10-01,0,True,False
Solvitron syr,Botol,2024-11-01,0,True,False
Solvitron syr,Botol,2024-12-01,5,True,False
Solvitron syr,Botol,2025-01-01,0,True,False
Solvitron syr,Botol,2025-02-01,0,True,False
Solvitron syr,Botol,2025-03-01,0,True,False
Solvitron syr,Botol,2025-04-01,0,False,True
Solvitron syr,Botol,2025-05-01,0,True,False
Solvitron syr,Botol,2025-06-01,0,True,False
Solvitron syr,Botol,2025-07-01,0,True,False
Solvitron syr,Botol,2025-08-01,0,True,False
Solvitron syr,Botol,2025-09-01,0,True,False
Solvitron syr,Botol,2025-10-01,0,True,False
Solvitron syr,Botol,2025-11-01,0,True,False
Solvitron syr,Botol,2025-12-01,0,True,False
Solvitron syr,Botol,2026-01-01,0,False,False
Solvitron syr,Botol,2026-02-01,0,False,False
Spironolacton 25 mg,Tidak Diketahui,2024-01-01,0,False,False
Spironolacton 25 mg,Tidak Diketahui,2024-02-01,0,False,False
Spironolacton 25 mg,Tidak Diketahui,2024-03-01,0,False,False
Spironolacton 25 mg,Tidak Diketahui,2024-04-01,0,False,False
Spironolacton 25 mg,Tidak Diketahui,2024-05-01,0,False,False
Spironolacton 25 mg,Tidak Diketahui,2024-06-01,0,False,False
Spironolacton 25 mg,Tidak Diketahui,2024-07-01,0,False,False
Spironolacton 25 mg,Tidak Diketahui,2024-08-01,0,False,False
Spironolacton 25 mg,Tidak Diketahui,2024-09-01,0,False,False
Spironolacton 25 mg,Tidak Diketahui,2024-10-01,0,False,False
Spironolacton 25 mg,Tidak Diketahui,2024-11-01,0,False,False
Spironolacton 25 mg,Tidak Diketahui,2024-12-01,0,False,False
Spironolacton 25 mg,Tidak Diketahui,2025-01-01,0,True,False
Spironolacton 25 mg,Tidak Diketahui,2025-02-01,0,True,False
Spironolacton 25 mg,Tidak Diketahui,2025-03-01,0,True,False
Spironolacton 25 mg,Tidak Diketahui,2025-04-01,0,False,True
Spironolacton 25 mg,Tidak Diketahui,2025-05-01,0,True,False
Spironolacton 25 mg,Tidak Diketahui,2025-06-01,0,True,False
Spironolacton 25 mg,Tidak Diketahui,2025-07-01,0,True,False
Spironolacton 25 mg,Tidak Diketahui,2025-08-01,0,True,False
Spironolacton 25 mg,Tidak Diketahui,2025-09-01,0,True,False
Spironolacton 25 mg,Tidak Diketahui,2025-10-01,0,True,False
Spironolacton 25 mg,Tidak Diketahui,2025-11-01,0,True,False
Spironolacton 25 mg,Tidak Diketahui,2025-12-01,0,True,False
Spironolacton 25 mg,Tidak Diketahui,2026-01-01,0,False,False
Spironolacton 25 mg,Tidak Diketahui,2026-02-01,0,False,False
Spongostan / ceraspon,Kotak @12,2024-01-01,0,False,False
Spongostan / ceraspon,Kotak @12,2024-02-01,0,False,False
Spongostan / ceraspon,Kotak @12,2024-03-01,0,False,False
Spongostan / ceraspon,Kotak @12,2024-04-01,0,False,False
Spongostan / ceraspon,Kotak @12,2024-05-01,0,False,False
Spongostan / ceraspon,Kotak @12,2024-06-01,0,False,False
Spongostan / ceraspon,Kotak @12,2024-07-01,0,False,False
Spongostan / ceraspon,Kotak @12,2024-08-01,0,False,False
Spongostan / ceraspon,Kotak @12,2024-09-01,0,False,False
Spongostan / ceraspon,Kotak @12,2024-10-01,0,False,False
Spongostan / ceraspon,Kotak @12,2024-11-01,0,False,False
Spongostan / ceraspon,Kotak @12,2024-12-01,0,False,False
Spongostan / ceraspon,Kotak @12,2025-01-01,0,False,False
Spongostan / ceraspon,Kotak @12,2025-02-01,0,False,False
Spongostan / ceraspon,Kotak @12,2025-03-01,0,False,False
Spongostan / ceraspon,Kotak @12,2025-04-01,0,False,True
Spongostan / ceraspon,Kotak @12,2025-05-01,0,False,False
Spongostan / ceraspon,Kotak @12,2025-06-01,0,False,False
Spongostan / ceraspon,Kotak @12,2025-07-01,0,False,False
Spongostan / ceraspon,Kotak @12,2025-08-01,0,False,False
Spongostan / ceraspon,Kotak @12,2025-09-01,0,False,False
Spongostan / ceraspon,Kotak @12,2025-10-01,0,False,False
Spongostan / ceraspon,Kotak @12,2025-11-01,0,False,False
Spongostan / ceraspon,Kotak @12,2025-12-01,0,False,False
Spongostan / ceraspon,Kotak @12,2026-01-01,0,True,False
Spongostan / ceraspon,Kotak @12,2026-02-01,1,True,False
Spongostan / ceraspon,Pcs,2024-01-01,0,True,False
Spongostan / ceraspon,Pcs,2024-02-01,0,True,False
Spongostan / ceraspon,Pcs,2024-03-01,0,True,False
Spongostan / ceraspon,Pcs,2024-04-01,0,True,False
Spongostan / ceraspon,Pcs,2024-05-01,0,True,False
Spongostan / ceraspon,Pcs,2024-06-01,0,True,False
Spongostan / ceraspon,Pcs,2024-07-01,0,True,False
Spongostan / ceraspon,Pcs,2024-08-01,0,True,False
Spongostan / ceraspon,Pcs,2024-09-01,0,True,False
Spongostan / ceraspon,Pcs,2024-10-01,0,True,False
Spongostan / ceraspon,Pcs,2024-11-01,0,True,False
Spongostan / ceraspon,Pcs,2024-12-01,0,True,False
Spongostan / ceraspon,Pcs,2025-01-01,0,True,False
Spongostan / ceraspon,Pcs,2025-02-01,1,True,False
Spongostan / ceraspon,Pcs,2025-03-01,0,True,False
Spongostan / ceraspon,Pcs,2025-04-01,0,False,True
Spongostan / ceraspon,Pcs,2025-05-01,1,True,False
Spongostan / ceraspon,Pcs,2025-06-01,1,True,False
Spongostan / ceraspon,Pcs,2025-07-01,1,True,False
Spongostan / ceraspon,Pcs,2025-08-01,0,True,False
Spongostan / ceraspon,Pcs,2025-09-01,0,True,False
Spongostan / ceraspon,Pcs,2025-10-01,1,True,False
Spongostan / ceraspon,Pcs,2025-11-01,0,True,False
Spongostan / ceraspon,Pcs,2025-12-01,0,True,False
Spongostan / ceraspon,Pcs,2026-01-01,0,False,False
Spongostan / ceraspon,Pcs,2026-02-01,0,False,False
Stesolid rectal 5 mg,Supp,2024-01-01,0,True,False
Stesolid rectal 5 mg,Supp,2024-02-01,0,True,False
Stesolid rectal 5 mg,Supp,2024-03-01,0,True,False
Stesolid rectal 5 mg,Supp,2024-04-01,0,True,False
Stesolid rectal 5 mg,Supp,2024-05-01,0,True,False
Stesolid rectal 5 mg,Supp,2024-06-01,0,True,False
Stesolid rectal 5 mg,Supp,2024-07-01,0,True,False
Stesolid rectal 5 mg,Supp,2024-08-01,0,True,False
Stesolid rectal 5 mg,Supp,2024-09-01,0,True,False
Stesolid rectal 5 mg,Supp,2024-10-01,0,True,False
Stesolid rectal 5 mg,Supp,2024-11-01,0,True,False
Stesolid rectal 5 mg,Supp,2024-12-01,0,True,False
Stesolid rectal 5 mg,Supp,2025-01-01,0,False,False
Stesolid rectal 5 mg,Supp,2025-02-01,0,False,False
Stesolid rectal 5 mg,Supp,2025-03-01,0,False,False
Stesolid rectal 5 mg,Supp,2025-04-01,0,False,True
Stesolid rectal 5 mg,Supp,2025-05-01,0,False,False
Stesolid rectal 5 mg,Supp,2025-06-01,0,False,False
Stesolid rectal 5 mg,Supp,2025-07-01,0,False,False
Stesolid rectal 5 mg,Supp,2025-08-01,0,False,False
Stesolid rectal 5 mg,Supp,2025-09-01,0,False,False
Stesolid rectal 5 mg,Supp,2025-10-01,0,False,False
Stesolid rectal 5 mg,Supp,2025-11-01,0,False,False
Stesolid rectal 5 mg,Supp,2025-12-01,0,False,False
Stesolid rectal 5 mg,Supp,2026-01-01,0,False,False
Stesolid rectal 5 mg,Supp,2026-02-01,0,False,False
Stesolid rectal 5 mg,Tube,2024-01-01,0,False,False
Stesolid rectal 5 mg,Tube,2024-02-01,0,False,False
Stesolid rectal 5 mg,Tube,2024-03-01,0,False,False
Stesolid rectal 5 mg,Tube,2024-04-01,0,False,False
Stesolid rectal 5 mg,Tube,2024-05-01,0,False,False
Stesolid rectal 5 mg,Tube,2024-06-01,0,False,False
Stesolid rectal 5 mg,Tube,2024-07-01,0,False,False
Stesolid rectal 5 mg,Tube,2024-08-01,0,False,False
Stesolid rectal 5 mg,Tube,2024-09-01,0,False,False
Stesolid rectal 5 mg,Tube,2024-10-01,0,False,False
Stesolid rectal 5 mg,Tube,2024-11-01,0,False,False
Stesolid rectal 5 mg,Tube,2024-12-01,0,False,False
Stesolid rectal 5 mg,Tube,2025-01-01,0,True,False
Stesolid rectal 5 mg,Tube,2025-02-01,0,True,False
Stesolid rectal 5 mg,Tube,2025-03-01,0,True,False
Stesolid rectal 5 mg,Tube,2025-04-01,0,False,True
Stesolid rectal 5 mg,Tube,2025-05-01,0,True,False
Stesolid rectal 5 mg,Tube,2025-06-01,0,True,False
Stesolid rectal 5 mg,Tube,2025-07-01,0,True,False
Stesolid rectal 5 mg,Tube,2025-08-01,0,True,False
Stesolid rectal 5 mg,Tube,2025-09-01,0,True,False
Stesolid rectal 5 mg,Tube,2025-10-01,0,True,False
Stesolid rectal 5 mg,Tube,2025-11-01,0,True,False
Stesolid rectal 5 mg,Tube,2025-12-01,0,True,False
Stesolid rectal 5 mg,Tube,2026-01-01,1,True,False
Stesolid rectal 5 mg,Tube,2026-02-01,0,True,False
Stimuno forte tab,Tidak Diketahui,2024-01-01,0,False,False
Stimuno forte tab,Tidak Diketahui,2024-02-01,0,False,False
Stimuno forte tab,Tidak Diketahui,2024-03-01,0,False,False
Stimuno forte tab,Tidak Diketahui,2024-04-01,0,False,False
Stimuno forte tab,Tidak Diketahui,2024-05-01,0,False,False
Stimuno forte tab,Tidak Diketahui,2024-06-01,0,False,False
Stimuno forte tab,Tidak Diketahui,2024-07-01,0,False,False
Stimuno forte tab,Tidak Diketahui,2024-08-01,0,False,False
Stimuno forte tab,Tidak Diketahui,2024-09-01,0,False,False
Stimuno forte tab,Tidak Diketahui,2024-10-01,0,False,False
Stimuno forte tab,Tidak Diketahui,2024-11-01,0,False,False
Stimuno forte tab,Tidak Diketahui,2024-12-01,0,False,False
Stimuno forte tab,Tidak Diketahui,2025-01-01,0,True,False
Stimuno forte tab,Tidak Diketahui,2025-02-01,0,True,False
Stimuno forte tab,Tidak Diketahui,2025-03-01,0,True,False
Stimuno forte tab,Tidak Diketahui,2025-04-01,0,False,True
Stimuno forte tab,Tidak Diketahui,2025-05-01,0,True,False
Stimuno forte tab,Tidak Diketahui,2025-06-01,0,True,False
Stimuno forte tab,Tidak Diketahui,2025-07-01,0,True,False
Stimuno forte tab,Tidak Diketahui,2025-08-01,0,True,False
Stimuno forte tab,Tidak Diketahui,2025-09-01,0,True,False
Stimuno forte tab,Tidak Diketahui,2025-10-01,0,True,False
Stimuno forte tab,Tidak Diketahui,2025-11-01,0,True,False
Stimuno forte tab,Tidak Diketahui,2025-12-01,0,True,False
Stimuno forte tab,Tidak Diketahui,2026-01-01,0,False,False
Stimuno forte tab,Tidak Diketahui,2026-02-01,0,False,False
Stimuno sirup,Tidak Diketahui,2024-01-01,0,False,False
Stimuno sirup,Tidak Diketahui,2024-02-01,0,False,False
Stimuno sirup,Tidak Diketahui,2024-03-01,0,False,False
Stimuno sirup,Tidak Diketahui,2024-04-01,0,False,False
Stimuno sirup,Tidak Diketahui,2024-05-01,0,False,False
Stimuno sirup,Tidak Diketahui,2024-06-01,0,False,False
Stimuno sirup,Tidak Diketahui,2024-07-01,0,False,False
Stimuno sirup,Tidak Diketahui,2024-08-01,0,False,False
Stimuno sirup,Tidak Diketahui,2024-09-01,0,False,False
Stimuno sirup,Tidak Diketahui,2024-10-01,0,False,False
Stimuno sirup,Tidak Diketahui,2024-11-01,0,False,False
Stimuno sirup,Tidak Diketahui,2024-12-01,0,False,False
Stimuno sirup,Tidak Diketahui,2025-01-01,0,True,False
Stimuno sirup,Tidak Diketahui,2025-02-01,0,True,False
Stimuno sirup,Tidak Diketahui,2025-03-01,0,True,False
Stimuno sirup,Tidak Diketahui,2025-04-01,0,False,True
Stimuno sirup,Tidak Diketahui,2025-05-01,0,True,False
Stimuno sirup,Tidak Diketahui,2025-06-01,0,True,False
Stimuno sirup,Tidak Diketahui,2025-07-01,0,True,False
Stimuno sirup,Tidak Diketahui,2025-08-01,0,True,False
Stimuno sirup,Tidak Diketahui,2025-09-01,0,True,False
Stimuno sirup,Tidak Diketahui,2025-10-01,0,True,False
Stimuno sirup,Tidak Diketahui,2025-11-01,0,True,False
Stimuno sirup,Tidak Diketahui,2025-12-01,0,True,False
Stimuno sirup,Tidak Diketahui,2026-01-01,0,False,False
Stimuno sirup,Tidak Diketahui,2026-02-01,0,False,False
Stromatolyzer-WH,Tidak Diketahui,2024-01-01,0,False,False
Stromatolyzer-WH,Tidak Diketahui,2024-02-01,0,False,False
Stromatolyzer-WH,Tidak Diketahui,2024-03-01,0,False,False
Stromatolyzer-WH,Tidak Diketahui,2024-04-01,0,False,False
Stromatolyzer-WH,Tidak Diketahui,2024-05-01,0,False,False
Stromatolyzer-WH,Tidak Diketahui,2024-06-01,0,False,False
Stromatolyzer-WH,Tidak Diketahui,2024-07-01,0,False,False
Stromatolyzer-WH,Tidak Diketahui,2024-08-01,0,False,False
Stromatolyzer-WH,Tidak Diketahui,2024-09-01,0,False,False
Stromatolyzer-WH,Tidak Diketahui,2024-10-01,0,False,False
Stromatolyzer-WH,Tidak Diketahui,2024-11-01,0,False,False
Stromatolyzer-WH,Tidak Diketahui,2024-12-01,0,False,False
Stromatolyzer-WH,Tidak Diketahui,2025-01-01,0,True,False
Stromatolyzer-WH,Tidak Diketahui,2025-02-01,0,True,False
Stromatolyzer-WH,Tidak Diketahui,2025-03-01,0,True,False
Stromatolyzer-WH,Tidak Diketahui,2025-04-01,0,False,True
Stromatolyzer-WH,Tidak Diketahui,2025-05-01,0,True,False
Stromatolyzer-WH,Tidak Diketahui,2025-06-01,0,True,False
Stromatolyzer-WH,Tidak Diketahui,2025-07-01,0,True,False
Stromatolyzer-WH,Tidak Diketahui,2025-08-01,0,True,False
Stromatolyzer-WH,Tidak Diketahui,2025-09-01,0,True,False
Stromatolyzer-WH,Tidak Diketahui,2025-10-01,0,True,False
Stromatolyzer-WH,Tidak Diketahui,2025-11-01,0,True,False
Stromatolyzer-WH,Tidak Diketahui,2025-12-01,0,True,False
Stromatolyzer-WH,Tidak Diketahui,2026-01-01,0,False,False
Stromatolyzer-WH,Tidak Diketahui,2026-02-01,0,False,False
Sucralfat Syrup 60 ml,Botol,2024-01-01,4,True,False
Sucralfat Syrup 60 ml,Botol,2024-02-01,5,True,False
Sucralfat Syrup 60 ml,Botol,2024-03-01,0,True,False
Sucralfat Syrup 60 ml,Botol,2024-04-01,0,False,False
Sucralfat Syrup 60 ml,Botol,2024-05-01,0,False,False
Sucralfat Syrup 60 ml,Botol,2024-06-01,0,False,False
Sucralfat Syrup 60 ml,Botol,2024-07-01,0,False,False
Sucralfat Syrup 60 ml,Botol,2024-08-01,0,False,False
Sucralfat Syrup 60 ml,Botol,2024-09-01,0,False,False
Sucralfat Syrup 60 ml,Botol,2024-10-01,0,False,False
Sucralfat Syrup 60 ml,Botol,2024-11-01,0,False,False
Sucralfat Syrup 60 ml,Botol,2024-12-01,0,False,False
Sucralfat Syrup 60 ml,Botol,2025-01-01,0,False,False
Sucralfat Syrup 60 ml,Botol,2025-02-01,0,False,False
Sucralfat Syrup 60 ml,Botol,2025-03-01,0,False,False
Sucralfat Syrup 60 ml,Botol,2025-04-01,0,False,True
Sucralfat Syrup 60 ml,Botol,2025-05-01,0,False,False
Sucralfat Syrup 60 ml,Botol,2025-06-01,0,False,False
Sucralfat Syrup 60 ml,Botol,2025-07-01,0,False,False
Sucralfat Syrup 60 ml,Botol,2025-08-01,0,False,False
Sucralfat Syrup 60 ml,Botol,2025-09-01,0,False,False
Sucralfat Syrup 60 ml,Botol,2025-10-01,0,False,False
Sucralfat Syrup 60 ml,Botol,2025-11-01,0,False,False
Sucralfat Syrup 60 ml,Botol,2025-12-01,0,False,False
Sucralfat Syrup 60 ml,Botol,2026-01-01,0,False,False
Sucralfat Syrup 60 ml,Botol,2026-02-01,0,False,False
Sukralfat suspensi 500 mg/5 ml,Botol,2024-01-01,0,False,False
Sukralfat suspensi 500 mg/5 ml,Botol,2024-02-01,0,False,False
Sukralfat suspensi 500 mg/5 ml,Botol,2024-03-01,0,False,False
Sukralfat suspensi 500 mg/5 ml,Botol,2024-04-01,0,False,False
Sukralfat suspensi 500 mg/5 ml,Botol,2024-05-01,0,False,False
Sukralfat suspensi 500 mg/5 ml,Botol,2024-06-01,0,False,False
Sukralfat suspensi 500 mg/5 ml,Botol,2024-07-01,0,False,False
Sukralfat suspensi 500 mg/5 ml,Botol,2024-08-01,0,False,False
Sukralfat suspensi 500 mg/5 ml,Botol,2024-09-01,0,False,False
Sukralfat suspensi 500 mg/5 ml,Botol,2024-10-01,0,False,False
Sukralfat suspensi 500 mg/5 ml,Botol,2024-11-01,0,False,False
Sukralfat suspensi 500 mg/5 ml,Botol,2024-12-01,0,False,False
Sukralfat suspensi 500 mg/5 ml,Botol,2025-01-01,0,True,False
Sukralfat suspensi 500 mg/5 ml,Botol,2025-02-01,1,True,False
Sukralfat suspensi 500 mg/5 ml,Botol,2025-03-01,1,True,False
Sukralfat suspensi 500 mg/5 ml,Botol,2025-04-01,1,False,True
Sukralfat suspensi 500 mg/5 ml,Botol,2025-05-01,1,True,False
Sukralfat suspensi 500 mg/5 ml,Botol,2025-06-01,0,True,False
Sukralfat suspensi 500 mg/5 ml,Botol,2025-07-01,4,True,False
Sukralfat suspensi 500 mg/5 ml,Botol,2025-08-01,9,True,False
Sukralfat suspensi 500 mg/5 ml,Botol,2025-09-01,10,True,False
Sukralfat suspensi 500 mg/5 ml,Botol,2025-10-01,10,True,False
Sukralfat suspensi 500 mg/5 ml,Botol,2025-11-01,6,True,False
Sukralfat suspensi 500 mg/5 ml,Botol,2025-12-01,6,True,False
Sukralfat suspensi 500 mg/5 ml,Botol,2026-01-01,4,True,False
Sukralfat suspensi 500 mg/5 ml,Botol,2026-02-01,4,True,False
Sukralfat tab 500 mg / Ulsidex,Tidak Diketahui,2024-01-01,0,False,False
Sukralfat tab 500 mg / Ulsidex,Tidak Diketahui,2024-02-01,0,False,False
Sukralfat tab 500 mg / Ulsidex,Tidak Diketahui,2024-03-01,0,False,False
Sukralfat tab 500 mg / Ulsidex,Tidak Diketahui,2024-04-01,0,False,False
Sukralfat tab 500 mg / Ulsidex,Tidak Diketahui,2024-05-01,0,False,False
Sukralfat tab 500 mg / Ulsidex,Tidak Diketahui,2024-06-01,0,False,False
Sukralfat tab 500 mg / Ulsidex,Tidak Diketahui,2024-07-01,0,False,False
Sukralfat tab 500 mg / Ulsidex,Tidak Diketahui,2024-08-01,0,False,False
Sukralfat tab 500 mg / Ulsidex,Tidak Diketahui,2024-09-01,0,False,False
Sukralfat tab 500 mg / Ulsidex,Tidak Diketahui,2024-10-01,0,False,False
Sukralfat tab 500 mg / Ulsidex,Tidak Diketahui,2024-11-01,0,False,False
Sukralfat tab 500 mg / Ulsidex,Tidak Diketahui,2024-12-01,0,False,False
Sukralfat tab 500 mg / Ulsidex,Tidak Diketahui,2025-01-01,0,True,False
Sukralfat tab 500 mg / Ulsidex,Tidak Diketahui,2025-02-01,0,True,False
Sukralfat tab 500 mg / Ulsidex,Tidak Diketahui,2025-03-01,0,True,False
Sukralfat tab 500 mg / Ulsidex,Tidak Diketahui,2025-04-01,0,False,True
Sukralfat tab 500 mg / Ulsidex,Tidak Diketahui,2025-05-01,0,True,False
Sukralfat tab 500 mg / Ulsidex,Tidak Diketahui,2025-06-01,0,True,False
Sukralfat tab 500 mg / Ulsidex,Tidak Diketahui,2025-07-01,0,True,False
Sukralfat tab 500 mg / Ulsidex,Tidak Diketahui,2025-08-01,0,True,False
Sukralfat tab 500 mg / Ulsidex,Tidak Diketahui,2025-09-01,0,True,False
Sukralfat tab 500 mg / Ulsidex,Tidak Diketahui,2025-10-01,0,True,False
Sukralfat tab 500 mg / Ulsidex,Tidak Diketahui,2025-11-01,0,True,False
Sukralfat tab 500 mg / Ulsidex,Tidak Diketahui,2025-12-01,0,True,False
Sukralfat tab 500 mg / Ulsidex,Tidak Diketahui,2026-01-01,0,False,False
Sukralfat tab 500 mg / Ulsidex,Tidak Diketahui,2026-02-01,0,False,False
Sulfasetamid Natrium 15% t.m,Tidak Diketahui,2024-01-01,0,False,False
Sulfasetamid Natrium 15% t.m,Tidak Diketahui,2024-02-01,0,False,False
Sulfasetamid Natrium 15% t.m,Tidak Diketahui,2024-03-01,0,False,False
Sulfasetamid Natrium 15% t.m,Tidak Diketahui,2024-04-01,0,False,False
Sulfasetamid Natrium 15% t.m,Tidak Diketahui,2024-05-01,0,False,False
Sulfasetamid Natrium 15% t.m,Tidak Diketahui,2024-06-01,0,False,False
Sulfasetamid Natrium 15% t.m,Tidak Diketahui,2024-07-01,0,False,False
Sulfasetamid Natrium 15% t.m,Tidak Diketahui,2024-08-01,0,False,False
Sulfasetamid Natrium 15% t.m,Tidak Diketahui,2024-09-01,0,False,False
Sulfasetamid Natrium 15% t.m,Tidak Diketahui,2024-10-01,0,False,False
Sulfasetamid Natrium 15% t.m,Tidak Diketahui,2024-11-01,0,False,False
Sulfasetamid Natrium 15% t.m,Tidak Diketahui,2024-12-01,0,False,False
Sulfasetamid Natrium 15% t.m,Tidak Diketahui,2025-01-01,0,True,False
Sulfasetamid Natrium 15% t.m,Tidak Diketahui,2025-02-01,0,True,False
Sulfasetamid Natrium 15% t.m,Tidak Diketahui,2025-03-01,0,True,False
Sulfasetamid Natrium 15% t.m,Tidak Diketahui,2025-04-01,0,False,True
Sulfasetamid Natrium 15% t.m,Tidak Diketahui,2025-05-01,0,True,False
Sulfasetamid Natrium 15% t.m,Tidak Diketahui,2025-06-01,0,True,False
Sulfasetamid Natrium 15% t.m,Tidak Diketahui,2025-07-01,0,True,False
Sulfasetamid Natrium 15% t.m,Tidak Diketahui,2025-08-01,0,True,False
Sulfasetamid Natrium 15% t.m,Tidak Diketahui,2025-09-01,0,True,False
Sulfasetamid Natrium 15% t.m,Tidak Diketahui,2025-10-01,0,True,False
Sulfasetamid Natrium 15% t.m,Tidak Diketahui,2025-11-01,0,True,False
Sulfasetamid Natrium 15% t.m,Tidak Diketahui,2025-12-01,0,True,False
Sulfasetamid Natrium 15% t.m,Tidak Diketahui,2026-01-01,0,False,False
Sulfasetamid Natrium 15% t.m,Tidak Diketahui,2026-02-01,0,False,False
Susu bendera 800g,Box,2024-01-01,0,False,False
Susu bendera 800g,Box,2024-02-01,0,False,False
Susu bendera 800g,Box,2024-03-01,0,False,False
Susu bendera 800g,Box,2024-04-01,0,False,False
Susu bendera 800g,Box,2024-05-01,0,False,False
Susu bendera 800g,Box,2024-06-01,0,False,False
Susu bendera 800g,Box,2024-07-01,0,False,False
Susu bendera 800g,Box,2024-08-01,0,False,False
Susu bendera 800g,Box,2024-09-01,0,False,False
Susu bendera 800g,Box,2024-10-01,0,False,False
Susu bendera 800g,Box,2024-11-01,0,False,False
Susu bendera 800g,Box,2024-12-01,0,False,False
Susu bendera 800g,Box,2025-01-01,0,True,False
Susu bendera 800g,Box,2025-02-01,0,True,False
Susu bendera 800g,Box,2025-03-01,0,True,False
Susu bendera 800g,Box,2025-04-01,0,False,True
Susu bendera 800g,Box,2025-05-01,0,True,False
Susu bendera 800g,Box,2025-06-01,0,True,False
Susu bendera 800g,Box,2025-07-01,0,True,False
Susu bendera 800g,Box,2025-08-01,0,True,False
Susu bendera 800g,Box,2025-09-01,0,True,False
Susu bendera 800g,Box,2025-10-01,0,True,False
Susu bendera 800g,Box,2025-11-01,0,True,False
Susu bendera 800g,Box,2025-12-01,0,True,False
Susu bendera 800g,Box,2026-01-01,0,False,False
Susu bendera 800g,Box,2026-02-01,0,False,False
"Symbicort Turbuhaler 160/4,5 mcg",Tidak Diketahui,2024-01-01,0,False,False
"Symbicort Turbuhaler 160/4,5 mcg",Tidak Diketahui,2024-02-01,0,False,False
"Symbicort Turbuhaler 160/4,5 mcg",Tidak Diketahui,2024-03-01,0,False,False
"Symbicort Turbuhaler 160/4,5 mcg",Tidak Diketahui,2024-04-01,0,False,False
"Symbicort Turbuhaler 160/4,5 mcg",Tidak Diketahui,2024-05-01,0,False,False
"Symbicort Turbuhaler 160/4,5 mcg",Tidak Diketahui,2024-06-01,0,False,False
"Symbicort Turbuhaler 160/4,5 mcg",Tidak Diketahui,2024-07-01,0,False,False
"Symbicort Turbuhaler 160/4,5 mcg",Tidak Diketahui,2024-08-01,0,False,False
"Symbicort Turbuhaler 160/4,5 mcg",Tidak Diketahui,2024-09-01,0,False,False
"Symbicort Turbuhaler 160/4,5 mcg",Tidak Diketahui,2024-10-01,0,False,False
"Symbicort Turbuhaler 160/4,5 mcg",Tidak Diketahui,2024-11-01,0,False,False
"Symbicort Turbuhaler 160/4,5 mcg",Tidak Diketahui,2024-12-01,0,False,False
"Symbicort Turbuhaler 160/4,5 mcg",Tidak Diketahui,2025-01-01,0,True,False
"Symbicort Turbuhaler 160/4,5 mcg",Tidak Diketahui,2025-02-01,0,True,False
"Symbicort Turbuhaler 160/4,5 mcg",Tidak Diketahui,2025-03-01,0,True,False
"Symbicort Turbuhaler 160/4,5 mcg",Tidak Diketahui,2025-04-01,0,False,True
"Symbicort Turbuhaler 160/4,5 mcg",Tidak Diketahui,2025-05-01,0,True,False
"Symbicort Turbuhaler 160/4,5 mcg",Tidak Diketahui,2025-06-01,0,True,False
"Symbicort Turbuhaler 160/4,5 mcg",Tidak Diketahui,2025-07-01,0,True,False
"Symbicort Turbuhaler 160/4,5 mcg",Tidak Diketahui,2025-08-01,0,True,False
"Symbicort Turbuhaler 160/4,5 mcg",Tidak Diketahui,2025-09-01,0,True,False
"Symbicort Turbuhaler 160/4,5 mcg",Tidak Diketahui,2025-10-01,0,True,False
"Symbicort Turbuhaler 160/4,5 mcg",Tidak Diketahui,2025-11-01,0,True,False
"Symbicort Turbuhaler 160/4,5 mcg",Tidak Diketahui,2025-12-01,0,True,False
"Symbicort Turbuhaler 160/4,5 mcg",Tidak Diketahui,2026-01-01,0,False,False
"Symbicort Turbuhaler 160/4,5 mcg",Tidak Diketahui,2026-02-01,0,False,False
Synbio Probiotik,Kapsul,2024-01-01,25,True,False
Synbio Probiotik,Kapsul,2024-02-01,0,True,False
Synbio Probiotik,Kapsul,2024-03-01,0,True,False
Synbio Probiotik,Kapsul,2024-04-01,0,False,False
Synbio Probiotik,Kapsul,2024-05-01,0,False,False
Synbio Probiotik,Kapsul,2024-06-01,0,False,False
Synbio Probiotik,Kapsul,2024-07-01,0,False,False
Synbio Probiotik,Kapsul,2024-08-01,0,False,False
Synbio Probiotik,Kapsul,2024-09-01,0,False,False
Synbio Probiotik,Kapsul,2024-10-01,0,False,False
Synbio Probiotik,Kapsul,2024-11-01,0,False,False
Synbio Probiotik,Kapsul,2024-12-01,0,False,False
Synbio Probiotik,Kapsul,2025-01-01,0,False,False
Synbio Probiotik,Kapsul,2025-02-01,0,False,False
Synbio Probiotik,Kapsul,2025-03-01,0,False,False
Synbio Probiotik,Kapsul,2025-04-01,0,False,True
Synbio Probiotik,Kapsul,2025-05-01,0,False,False
Synbio Probiotik,Kapsul,2025-06-01,0,False,False
Synbio Probiotik,Kapsul,2025-07-01,0,False,False
Synbio Probiotik,Kapsul,2025-08-01,0,False,False
Synbio Probiotik,Kapsul,2025-09-01,0,False,False
Synbio Probiotik,Kapsul,2025-10-01,0,False,False
Synbio Probiotik,Kapsul,2025-11-01,0,False,False
Synbio Probiotik,Kapsul,2025-12-01,0,False,False
Synbio Probiotik,Kapsul,2026-01-01,0,False,False
Synbio Probiotik,Kapsul,2026-02-01,0,False,False
Taburia,Kotak,2024-01-01,0,False,False
Taburia,Kotak,2024-02-01,0,False,False
Taburia,Kotak,2024-03-01,20,True,False
Taburia,Kotak,2024-04-01,0,True,False
Taburia,Kotak,2024-05-01,0,True,False
Taburia,Kotak,2024-06-01,20,True,False
Taburia,Kotak,2024-07-01,0,True,False
Taburia,Kotak,2024-08-01,1,True,False
Taburia,Kotak,2024-09-01,0,True,False
Taburia,Kotak,2024-10-01,0,True,False
Taburia,Kotak,2024-11-01,28,True,False
Taburia,Kotak,2024-12-01,0,True,False
Taburia,Kotak,2025-01-01,1,True,False
Taburia,Kotak,2025-02-01,1,True,False
Taburia,Kotak,2025-03-01,0,True,False
Taburia,Kotak,2025-04-01,0,False,True
Taburia,Kotak,2025-05-01,0,True,False
Taburia,Kotak,2025-06-01,0,True,False
Taburia,Kotak,2025-07-01,0,True,False
Taburia,Kotak,2025-08-01,0,True,False
Taburia,Kotak,2025-09-01,0,True,False
Taburia,Kotak,2025-10-01,0,True,False
Taburia,Kotak,2025-11-01,0,True,False
Taburia,Kotak,2025-12-01,2,True,False
Taburia,Kotak,2026-01-01,1,True,False
Taburia,Kotak,2026-02-01,1,True,False
Te-econom bond,Set,2024-01-01,0,True,False
Te-econom bond,Set,2024-02-01,1,True,False
Te-econom bond,Set,2024-03-01,0,True,False
Te-econom bond,Set,2024-04-01,0,True,False
Te-econom bond,Set,2024-05-01,0,True,False
Te-econom bond,Set,2024-06-01,1,True,False
Te-econom bond,Set,2024-07-01,0,True,False
Te-econom bond,Set,2024-08-01,0,True,False
Te-econom bond,Set,2024-09-01,0,True,False
Te-econom bond,Set,2024-10-01,0,True,False
Te-econom bond,Set,2024-11-01,0,True,False
Te-econom bond,Set,2024-12-01,0,True,False
Te-econom bond,Set,2025-01-01,0,True,False
Te-econom bond,Set,2025-02-01,1,True,False
Te-econom bond,Set,2025-03-01,0,True,False
Te-econom bond,Set,2025-04-01,0,False,True
Te-econom bond,Set,2025-05-01,1,True,False
Te-econom bond,Set,2025-06-01,0,True,False
Te-econom bond,Set,2025-07-01,0,True,False
Te-econom bond,Set,2025-08-01,0,True,False
Te-econom bond,Set,2025-09-01,2,True,False
Te-econom bond,Set,2025-10-01,0,True,False
Te-econom bond,Set,2025-11-01,0,True,False
Te-econom bond,Set,2025-12-01,0,True,False
Te-econom bond,Set,2026-01-01,0,True,False
Te-econom bond,Set,2026-02-01,0,True,False
Temporary / Caviton / Orafil Plus,Set,2024-01-01,0,True,False
Temporary / Caviton / Orafil Plus,Set,2024-02-01,2,True,False
Temporary / Caviton / Orafil Plus,Set,2024-03-01,0,True,False
Temporary / Caviton / Orafil Plus,Set,2024-04-01,0,True,False
Temporary / Caviton / Orafil Plus,Set,2024-05-01,0,True,False
Temporary / Caviton / Orafil Plus,Set,2024-06-01,2,True,False
Temporary / Caviton / Orafil Plus,Set,2024-07-01,0,True,False
Temporary / Caviton / Orafil Plus,Set,2024-08-01,1,True,False
Temporary / Caviton / Orafil Plus,Set,2024-09-01,0,True,False
Temporary / Caviton / Orafil Plus,Set,2024-10-01,0,True,False
Temporary / Caviton / Orafil Plus,Set,2024-11-01,0,True,False
Temporary / Caviton / Orafil Plus,Set,2024-12-01,0,True,False
Temporary / Caviton / Orafil Plus,Set,2025-01-01,0,False,False
Temporary / Caviton / Orafil Plus,Set,2025-02-01,0,False,False
Temporary / Caviton / Orafil Plus,Set,2025-03-01,0,False,False
Temporary / Caviton / Orafil Plus,Set,2025-04-01,0,False,True
Temporary / Caviton / Orafil Plus,Set,2025-05-01,0,False,False
Temporary / Caviton / Orafil Plus,Set,2025-06-01,0,False,False
Temporary / Caviton / Orafil Plus,Set,2025-07-01,0,False,False
Temporary / Caviton / Orafil Plus,Set,2025-08-01,0,False,False
Temporary / Caviton / Orafil Plus,Set,2025-09-01,0,False,False
Temporary / Caviton / Orafil Plus,Set,2025-10-01,0,False,False
Temporary / Caviton / Orafil Plus,Set,2025-11-01,0,False,False
Temporary / Caviton / Orafil Plus,Set,2025-12-01,0,False,False
Temporary / Caviton / Orafil Plus,Set,2026-01-01,0,False,False
Temporary / Caviton / Orafil Plus,Set,2026-02-01,0,False,False
Temporary Stopping Fletcher,Tidak Diketahui,2024-01-01,0,False,False
Temporary Stopping Fletcher,Tidak Diketahui,2024-02-01,0,False,False
Temporary Stopping Fletcher,Tidak Diketahui,2024-03-01,0,False,False
Temporary Stopping Fletcher,Tidak Diketahui,2024-04-01,0,False,False
Temporary Stopping Fletcher,Tidak Diketahui,2024-05-01,0,False,False
Temporary Stopping Fletcher,Tidak Diketahui,2024-06-01,0,False,False
Temporary Stopping Fletcher,Tidak Diketahui,2024-07-01,0,False,False
Temporary Stopping Fletcher,Tidak Diketahui,2024-08-01,0,False,False
Temporary Stopping Fletcher,Tidak Diketahui,2024-09-01,0,False,False
Temporary Stopping Fletcher,Tidak Diketahui,2024-10-01,0,False,False
Temporary Stopping Fletcher,Tidak Diketahui,2024-11-01,0,False,False
Temporary Stopping Fletcher,Tidak Diketahui,2024-12-01,0,False,False
Temporary Stopping Fletcher,Tidak Diketahui,2025-01-01,0,True,False
Temporary Stopping Fletcher,Tidak Diketahui,2025-02-01,0,True,False
Temporary Stopping Fletcher,Tidak Diketahui,2025-03-01,0,True,False
Temporary Stopping Fletcher,Tidak Diketahui,2025-04-01,0,False,True
Temporary Stopping Fletcher,Tidak Diketahui,2025-05-01,0,True,False
Temporary Stopping Fletcher,Tidak Diketahui,2025-06-01,0,True,False
Temporary Stopping Fletcher,Tidak Diketahui,2025-07-01,0,True,False
Temporary Stopping Fletcher,Tidak Diketahui,2025-08-01,0,True,False
Temporary Stopping Fletcher,Tidak Diketahui,2025-09-01,0,True,False
Temporary Stopping Fletcher,Tidak Diketahui,2025-10-01,0,True,False
Temporary Stopping Fletcher,Tidak Diketahui,2025-11-01,0,True,False
Temporary Stopping Fletcher,Tidak Diketahui,2025-12-01,0,True,False
Temporary Stopping Fletcher,Tidak Diketahui,2026-01-01,0,False,False
Temporary Stopping Fletcher,Tidak Diketahui,2026-02-01,0,False,False
Tenovofir 300 mg,Tablet,2024-01-01,0,True,False
Tenovofir 300 mg,Tablet,2024-02-01,0,True,False
Tenovofir 300 mg,Tablet,2024-03-01,0,False,False
Tenovofir 300 mg,Tablet,2024-04-01,0,False,False
Tenovofir 300 mg,Tablet,2024-05-01,0,False,False
Tenovofir 300 mg,Tablet,2024-06-01,0,False,False
Tenovofir 300 mg,Tablet,2024-07-01,0,False,False
Tenovofir 300 mg,Tablet,2024-08-01,0,False,False
Tenovofir 300 mg,Tablet,2024-09-01,0,False,False
Tenovofir 300 mg,Tablet,2024-10-01,0,False,False
Tenovofir 300 mg,Tablet,2024-11-01,0,False,False
Tenovofir 300 mg,Tablet,2024-12-01,0,False,False
Tenovofir 300 mg,Tablet,2025-01-01,0,True,False
Tenovofir 300 mg,Tablet,2025-02-01,0,True,False
Tenovofir 300 mg,Tablet,2025-03-01,0,True,False
Tenovofir 300 mg,Tablet,2025-04-01,0,False,True
Tenovofir 300 mg,Tablet,2025-05-01,0,True,False
Tenovofir 300 mg,Tablet,2025-06-01,0,True,False
Tenovofir 300 mg,Tablet,2025-07-01,0,True,False
Tenovofir 300 mg,Tablet,2025-08-01,0,True,False
Tenovofir 300 mg,Tablet,2025-09-01,0,True,False
Tenovofir 300 mg,Tablet,2025-10-01,0,True,False
Tenovofir 300 mg,Tablet,2025-11-01,0,True,False
Tenovofir 300 mg,Tablet,2025-12-01,0,True,False
Tenovofir 300 mg,Tablet,2026-01-01,0,False,False
Tenovofir 300 mg,Tablet,2026-02-01,0,False,False
"Tetrakain HCl 0,5% t.m - 5 ml",Tidak Diketahui,2024-01-01,0,False,False
"Tetrakain HCl 0,5% t.m - 5 ml",Tidak Diketahui,2024-02-01,0,False,False
"Tetrakain HCl 0,5% t.m - 5 ml",Tidak Diketahui,2024-03-01,0,False,False
"Tetrakain HCl 0,5% t.m - 5 ml",Tidak Diketahui,2024-04-01,0,False,False
"Tetrakain HCl 0,5% t.m - 5 ml",Tidak Diketahui,2024-05-01,0,False,False
"Tetrakain HCl 0,5% t.m - 5 ml",Tidak Diketahui,2024-06-01,0,False,False
"Tetrakain HCl 0,5% t.m - 5 ml",Tidak Diketahui,2024-07-01,0,False,False
"Tetrakain HCl 0,5% t.m - 5 ml",Tidak Diketahui,2024-08-01,0,False,False
"Tetrakain HCl 0,5% t.m - 5 ml",Tidak Diketahui,2024-09-01,0,False,False
"Tetrakain HCl 0,5% t.m - 5 ml",Tidak Diketahui,2024-10-01,0,False,False
"Tetrakain HCl 0,5% t.m - 5 ml",Tidak Diketahui,2024-11-01,0,False,False
"Tetrakain HCl 0,5% t.m - 5 ml",Tidak Diketahui,2024-12-01,0,False,False
"Tetrakain HCl 0,5% t.m - 5 ml",Tidak Diketahui,2025-01-01,0,True,False
"Tetrakain HCl 0,5% t.m - 5 ml",Tidak Diketahui,2025-02-01,0,True,False
"Tetrakain HCl 0,5% t.m - 5 ml",Tidak Diketahui,2025-03-01,0,True,False
"Tetrakain HCl 0,5% t.m - 5 ml",Tidak Diketahui,2025-04-01,0,False,True
"Tetrakain HCl 0,5% t.m - 5 ml",Tidak Diketahui,2025-05-01,0,True,False
"Tetrakain HCl 0,5% t.m - 5 ml",Tidak Diketahui,2025-06-01,0,True,False
"Tetrakain HCl 0,5% t.m - 5 ml",Tidak Diketahui,2025-07-01,0,True,False
"Tetrakain HCl 0,5% t.m - 5 ml",Tidak Diketahui,2025-08-01,0,True,False
"Tetrakain HCl 0,5% t.m - 5 ml",Tidak Diketahui,2025-09-01,0,True,False
"Tetrakain HCl 0,5% t.m - 5 ml",Tidak Diketahui,2025-10-01,0,True,False
"Tetrakain HCl 0,5% t.m - 5 ml",Tidak Diketahui,2025-11-01,0,True,False
"Tetrakain HCl 0,5% t.m - 5 ml",Tidak Diketahui,2025-12-01,0,True,False
"Tetrakain HCl 0,5% t.m - 5 ml",Tidak Diketahui,2026-01-01,0,False,False
"Tetrakain HCl 0,5% t.m - 5 ml",Tidak Diketahui,2026-02-01,0,False,False
Tetrasiklin 500 mg,Tablet,2024-01-01,0,True,False
Tetrasiklin 500 mg,Tablet,2024-02-01,0,True,False
Tetrasiklin 500 mg,Tablet,2024-03-01,0,True,False
Tetrasiklin 500 mg,Tablet,2024-04-01,0,False,False
Tetrasiklin 500 mg,Tablet,2024-05-01,0,False,False
Tetrasiklin 500 mg,Tablet,2024-06-01,0,False,False
Tetrasiklin 500 mg,Tablet,2024-07-01,0,False,False
Tetrasiklin 500 mg,Tablet,2024-08-01,0,False,False
Tetrasiklin 500 mg,Tablet,2024-09-01,0,False,False
Tetrasiklin 500 mg,Tablet,2024-10-01,0,False,False
Tetrasiklin 500 mg,Tablet,2024-11-01,0,False,False
Tetrasiklin 500 mg,Tablet,2024-12-01,0,False,False
Tetrasiklin 500 mg,Tablet,2025-01-01,0,True,False
Tetrasiklin 500 mg,Tablet,2025-02-01,0,True,False
Tetrasiklin 500 mg,Tablet,2025-03-01,0,True,False
Tetrasiklin 500 mg,Tablet,2025-04-01,0,False,True
Tetrasiklin 500 mg,Tablet,2025-05-01,0,True,False
Tetrasiklin 500 mg,Tablet,2025-06-01,0,True,False
Tetrasiklin 500 mg,Tablet,2025-07-01,0,True,False
Tetrasiklin 500 mg,Tablet,2025-08-01,0,True,False
Tetrasiklin 500 mg,Tablet,2025-09-01,0,True,False
Tetrasiklin 500 mg,Tablet,2025-10-01,0,True,False
Tetrasiklin 500 mg,Tablet,2025-11-01,0,True,False
Tetrasiklin 500 mg,Tablet,2025-12-01,0,True,False
Tetrasiklin 500 mg,Tablet,2026-01-01,0,False,False
Tetrasiklin 500 mg,Tablet,2026-02-01,0,False,False
Thiamfenikol 500 mg,Kapsul,2024-01-01,0,True,False
Thiamfenikol 500 mg,Kapsul,2024-02-01,0,True,False
Thiamfenikol 500 mg,Kapsul,2024-03-01,0,False,False
Thiamfenikol 500 mg,Kapsul,2024-04-01,0,False,False
Thiamfenikol 500 mg,Kapsul,2024-05-01,0,False,False
Thiamfenikol 500 mg,Kapsul,2024-06-01,0,False,False
Thiamfenikol 500 mg,Kapsul,2024-07-01,0,False,False
Thiamfenikol 500 mg,Kapsul,2024-08-01,0,False,False
Thiamfenikol 500 mg,Kapsul,2024-09-01,0,False,False
Thiamfenikol 500 mg,Kapsul,2024-10-01,0,False,False
Thiamfenikol 500 mg,Kapsul,2024-11-01,0,False,False
Thiamfenikol 500 mg,Kapsul,2024-12-01,0,False,False
Thiamfenikol 500 mg,Kapsul,2025-01-01,0,False,False
Thiamfenikol 500 mg,Kapsul,2025-02-01,0,False,False
Thiamfenikol 500 mg,Kapsul,2025-03-01,0,False,False
Thiamfenikol 500 mg,Kapsul,2025-04-01,0,False,True
Thiamfenikol 500 mg,Kapsul,2025-05-01,0,False,False
Thiamfenikol 500 mg,Kapsul,2025-06-01,0,False,False
Thiamfenikol 500 mg,Kapsul,2025-07-01,0,False,False
Thiamfenikol 500 mg,Kapsul,2025-08-01,0,False,False
Thiamfenikol 500 mg,Kapsul,2025-09-01,0,False,False
Thiamfenikol 500 mg,Kapsul,2025-10-01,0,False,False
Thiamfenikol 500 mg,Kapsul,2025-11-01,0,False,False
Thiamfenikol 500 mg,Kapsul,2025-12-01,0,False,False
Thiamfenikol 500 mg,Kapsul,2026-01-01,0,False,False
Thiamfenikol 500 mg,Kapsul,2026-02-01,0,False,False
Thiamfenikol 500 mg,Tablet,2024-01-01,0,True,False
Thiamfenikol 500 mg,Tablet,2024-02-01,0,True,False
Thiamfenikol 500 mg,Tablet,2024-03-01,0,True,False
Thiamfenikol 500 mg,Tablet,2024-04-01,40,True,False
Thiamfenikol 500 mg,Tablet,2024-05-01,260,True,False
Thiamfenikol 500 mg,Tablet,2024-06-01,200,True,False
Thiamfenikol 500 mg,Tablet,2024-07-01,50,True,False
Thiamfenikol 500 mg,Tablet,2024-08-01,40,True,False
Thiamfenikol 500 mg,Tablet,2024-09-01,90,True,False
Thiamfenikol 500 mg,Tablet,2024-10-01,110,True,False
Thiamfenikol 500 mg,Tablet,2024-11-01,50,True,False
Thiamfenikol 500 mg,Tablet,2024-12-01,70,True,False
Thiamfenikol 500 mg,Tablet,2025-01-01,10,True,False
Thiamfenikol 500 mg,Tablet,2025-02-01,110,True,False
Thiamfenikol 500 mg,Tablet,2025-03-01,60,True,False
Thiamfenikol 500 mg,Tablet,2025-04-01,30,False,True
Thiamfenikol 500 mg,Tablet,2025-05-01,0,True,False
Thiamfenikol 500 mg,Tablet,2025-06-01,100,True,False
Thiamfenikol 500 mg,Tablet,2025-07-01,200,True,False
Thiamfenikol 500 mg,Tablet,2025-08-01,40,True,False
Thiamfenikol 500 mg,Tablet,2025-09-01,30,True,False
Thiamfenikol 500 mg,Tablet,2025-10-01,20,True,False
Thiamfenikol 500 mg,Tablet,2025-11-01,30,True,False
Thiamfenikol 500 mg,Tablet,2025-12-01,0,True,False
Thiamfenikol 500 mg,Tablet,2026-01-01,10,True,False
Thiamfenikol 500 mg,Tablet,2026-02-01,10,True,False
Thiamin 100mg inj,Ampul,2024-01-01,0,True,False
Thiamin 100mg inj,Ampul,2024-02-01,0,True,False
Thiamin 100mg inj,Ampul,2024-03-01,0,True,False
Thiamin 100mg inj,Ampul,2024-04-01,0,True,False
Thiamin 100mg inj,Ampul,2024-05-01,0,False,False
Thiamin 100mg inj,Ampul,2024-06-01,0,False,False
Thiamin 100mg inj,Ampul,2024-07-01,0,False,False
Thiamin 100mg inj,Ampul,2024-08-01,0,False,False
Thiamin 100mg inj,Ampul,2024-09-01,0,False,False
Thiamin 100mg inj,Ampul,2024-10-01,0,False,False
Thiamin 100mg inj,Ampul,2024-11-01,0,False,False
Thiamin 100mg inj,Ampul,2024-12-01,0,False,False
Thiamin 100mg inj,Ampul,2025-01-01,0,False,False
Thiamin 100mg inj,Ampul,2025-02-01,0,False,False
Thiamin 100mg inj,Ampul,2025-03-01,0,False,False
Thiamin 100mg inj,Ampul,2025-04-01,0,False,True
Thiamin 100mg inj,Ampul,2025-05-01,0,False,False
Thiamin 100mg inj,Ampul,2025-06-01,0,False,False
Thiamin 100mg inj,Ampul,2025-07-01,0,False,False
Thiamin 100mg inj,Ampul,2025-08-01,0,False,False
Thiamin 100mg inj,Ampul,2025-09-01,0,False,False
Thiamin 100mg inj,Ampul,2025-10-01,0,False,False
Thiamin 100mg inj,Ampul,2025-11-01,0,False,False
Thiamin 100mg inj,Ampul,2025-12-01,0,False,False
Thiamin 100mg inj,Ampul,2026-01-01,0,False,False
Thiamin 100mg inj,Ampul,2026-02-01,0,False,False
Thiamphenicol sirup kering,Tidak Diketahui,2024-01-01,0,False,False
Thiamphenicol sirup kering,Tidak Diketahui,2024-02-01,0,False,False
Thiamphenicol sirup kering,Tidak Diketahui,2024-03-01,0,False,False
Thiamphenicol sirup kering,Tidak Diketahui,2024-04-01,0,False,False
Thiamphenicol sirup kering,Tidak Diketahui,2024-05-01,0,False,False
Thiamphenicol sirup kering,Tidak Diketahui,2024-06-01,0,False,False
Thiamphenicol sirup kering,Tidak Diketahui,2024-07-01,0,False,False
Thiamphenicol sirup kering,Tidak Diketahui,2024-08-01,0,False,False
Thiamphenicol sirup kering,Tidak Diketahui,2024-09-01,0,False,False
Thiamphenicol sirup kering,Tidak Diketahui,2024-10-01,0,False,False
Thiamphenicol sirup kering,Tidak Diketahui,2024-11-01,0,False,False
Thiamphenicol sirup kering,Tidak Diketahui,2024-12-01,0,False,False
Thiamphenicol sirup kering,Tidak Diketahui,2025-01-01,0,True,False
Thiamphenicol sirup kering,Tidak Diketahui,2025-02-01,0,True,False
Thiamphenicol sirup kering,Tidak Diketahui,2025-03-01,0,True,False
Thiamphenicol sirup kering,Tidak Diketahui,2025-04-01,0,False,True
Thiamphenicol sirup kering,Tidak Diketahui,2025-05-01,0,True,False
Thiamphenicol sirup kering,Tidak Diketahui,2025-06-01,0,True,False
Thiamphenicol sirup kering,Tidak Diketahui,2025-07-01,0,True,False
Thiamphenicol sirup kering,Tidak Diketahui,2025-08-01,0,True,False
Thiamphenicol sirup kering,Tidak Diketahui,2025-09-01,0,True,False
Thiamphenicol sirup kering,Tidak Diketahui,2025-10-01,0,True,False
Thiamphenicol sirup kering,Tidak Diketahui,2025-11-01,0,True,False
Thiamphenicol sirup kering,Tidak Diketahui,2025-12-01,0,True,False
Thiamphenicol sirup kering,Tidak Diketahui,2026-01-01,0,False,False
Thiamphenicol sirup kering,Tidak Diketahui,2026-02-01,0,False,False
Thiamphenikol 500 mg (Solathim),Kapsul,2024-01-01,0,False,False
Thiamphenikol 500 mg (Solathim),Kapsul,2024-02-01,0,False,False
Thiamphenikol 500 mg (Solathim),Kapsul,2024-03-01,0,False,False
Thiamphenikol 500 mg (Solathim),Kapsul,2024-04-01,0,False,False
Thiamphenikol 500 mg (Solathim),Kapsul,2024-05-01,0,False,False
Thiamphenikol 500 mg (Solathim),Kapsul,2024-06-01,0,False,False
Thiamphenikol 500 mg (Solathim),Kapsul,2024-07-01,0,False,False
Thiamphenikol 500 mg (Solathim),Kapsul,2024-08-01,0,False,False
Thiamphenikol 500 mg (Solathim),Kapsul,2024-09-01,0,False,False
Thiamphenikol 500 mg (Solathim),Kapsul,2024-10-01,0,False,False
Thiamphenikol 500 mg (Solathim),Kapsul,2024-11-01,0,False,False
Thiamphenikol 500 mg (Solathim),Kapsul,2024-12-01,0,False,False
Thiamphenikol 500 mg (Solathim),Kapsul,2025-01-01,0,True,False
Thiamphenikol 500 mg (Solathim),Kapsul,2025-02-01,0,True,False
Thiamphenikol 500 mg (Solathim),Kapsul,2025-03-01,0,True,False
Thiamphenikol 500 mg (Solathim),Kapsul,2025-04-01,0,False,True
Thiamphenikol 500 mg (Solathim),Kapsul,2025-05-01,0,True,False
Thiamphenikol 500 mg (Solathim),Kapsul,2025-06-01,0,True,False
Thiamphenikol 500 mg (Solathim),Kapsul,2025-07-01,0,True,False
Thiamphenikol 500 mg (Solathim),Kapsul,2025-08-01,0,True,False
Thiamphenikol 500 mg (Solathim),Kapsul,2025-09-01,0,True,False
Thiamphenikol 500 mg (Solathim),Kapsul,2025-10-01,0,True,False
Thiamphenikol 500 mg (Solathim),Kapsul,2025-11-01,0,True,False
Thiamphenikol 500 mg (Solathim),Kapsul,2025-12-01,0,True,False
Thiamphenikol 500 mg (Solathim),Kapsul,2026-01-01,0,False,False
Thiamphenikol 500 mg (Solathim),Kapsul,2026-02-01,0,False,False
Tiamin HCl 50 mg,Tablet,2024-01-01,0,True,False
Tiamin HCl 50 mg,Tablet,2024-02-01,0,True,False
Tiamin HCl 50 mg,Tablet,2024-03-01,460,True,False
Tiamin HCl 50 mg,Tablet,2024-04-01,610,True,False
Tiamin HCl 50 mg,Tablet,2024-05-01,0,False,False
Tiamin HCl 50 mg,Tablet,2024-06-01,0,False,False
Tiamin HCl 50 mg,Tablet,2024-07-01,0,False,False
Tiamin HCl 50 mg,Tablet,2024-08-01,0,False,False
Tiamin HCl 50 mg,Tablet,2024-09-01,0,False,False
Tiamin HCl 50 mg,Tablet,2024-10-01,0,False,False
Tiamin HCl 50 mg,Tablet,2024-11-01,0,False,False
Tiamin HCl 50 mg,Tablet,2024-12-01,0,False,False
Tiamin HCl 50 mg,Tablet,2025-01-01,0,False,False
Tiamin HCl 50 mg,Tablet,2025-02-01,0,False,False
Tiamin HCl 50 mg,Tablet,2025-03-01,0,False,False
Tiamin HCl 50 mg,Tablet,2025-04-01,0,False,True
Tiamin HCl 50 mg,Tablet,2025-05-01,0,False,False
Tiamin HCl 50 mg,Tablet,2025-06-01,0,False,False
Tiamin HCl 50 mg,Tablet,2025-07-01,0,False,False
Tiamin HCl 50 mg,Tablet,2025-08-01,0,False,False
Tiamin HCl 50 mg,Tablet,2025-09-01,0,False,False
Tiamin HCl 50 mg,Tablet,2025-10-01,0,False,False
Tiamin HCl 50 mg,Tablet,2025-11-01,0,False,False
Tiamin HCl 50 mg,Tablet,2025-12-01,0,False,False
Tiamin HCl 50 mg,Tablet,2026-01-01,0,False,False
Tiamin HCl 50 mg,Tablet,2026-02-01,0,False,False
Tiamin HCl 50 mg (Vit. B1) inj,Ampul,2024-01-01,0,False,False
Tiamin HCl 50 mg (Vit. B1) inj,Ampul,2024-02-01,0,False,False
Tiamin HCl 50 mg (Vit. B1) inj,Ampul,2024-03-01,0,False,False
Tiamin HCl 50 mg (Vit. B1) inj,Ampul,2024-04-01,0,False,False
Tiamin HCl 50 mg (Vit. B1) inj,Ampul,2024-05-01,0,False,False
Tiamin HCl 50 mg (Vit. B1) inj,Ampul,2024-06-01,0,False,False
Tiamin HCl 50 mg (Vit. B1) inj,Ampul,2024-07-01,0,False,False
Tiamin HCl 50 mg (Vit. B1) inj,Ampul,2024-08-01,0,False,False
Tiamin HCl 50 mg (Vit. B1) inj,Ampul,2024-09-01,0,False,False
Tiamin HCl 50 mg (Vit. B1) inj,Ampul,2024-10-01,0,False,False
Tiamin HCl 50 mg (Vit. B1) inj,Ampul,2024-11-01,0,False,False
Tiamin HCl 50 mg (Vit. B1) inj,Ampul,2024-12-01,0,False,False
Tiamin HCl 50 mg (Vit. B1) inj,Ampul,2025-01-01,0,True,False
Tiamin HCl 50 mg (Vit. B1) inj,Ampul,2025-02-01,0,True,False
Tiamin HCl 50 mg (Vit. B1) inj,Ampul,2025-03-01,0,True,False
Tiamin HCl 50 mg (Vit. B1) inj,Ampul,2025-04-01,0,False,True
Tiamin HCl 50 mg (Vit. B1) inj,Ampul,2025-05-01,0,True,False
Tiamin HCl 50 mg (Vit. B1) inj,Ampul,2025-06-01,0,True,False
Tiamin HCl 50 mg (Vit. B1) inj,Ampul,2025-07-01,0,True,False
Tiamin HCl 50 mg (Vit. B1) inj,Ampul,2025-08-01,0,True,False
Tiamin HCl 50 mg (Vit. B1) inj,Ampul,2025-09-01,0,True,False
Tiamin HCl 50 mg (Vit. B1) inj,Ampul,2025-10-01,0,True,False
Tiamin HCl 50 mg (Vit. B1) inj,Ampul,2025-11-01,0,True,False
Tiamin HCl 50 mg (Vit. B1) inj,Ampul,2025-12-01,0,True,False
Tiamin HCl 50 mg (Vit. B1) inj,Ampul,2026-01-01,0,False,False
Tiamin HCl 50 mg (Vit. B1) inj,Ampul,2026-02-01,0,False,False
Tiamin HCl 50 mg (Vit. B1) tab,Tablet,2024-01-01,0,False,False
Tiamin HCl 50 mg (Vit. B1) tab,Tablet,2024-02-01,0,False,False
Tiamin HCl 50 mg (Vit. B1) tab,Tablet,2024-03-01,0,False,False
Tiamin HCl 50 mg (Vit. B1) tab,Tablet,2024-04-01,0,False,False
Tiamin HCl 50 mg (Vit. B1) tab,Tablet,2024-05-01,0,False,False
Tiamin HCl 50 mg (Vit. B1) tab,Tablet,2024-06-01,0,False,False
Tiamin HCl 50 mg (Vit. B1) tab,Tablet,2024-07-01,0,False,False
Tiamin HCl 50 mg (Vit. B1) tab,Tablet,2024-08-01,0,False,False
Tiamin HCl 50 mg (Vit. B1) tab,Tablet,2024-09-01,0,False,False
Tiamin HCl 50 mg (Vit. B1) tab,Tablet,2024-10-01,0,False,False
Tiamin HCl 50 mg (Vit. B1) tab,Tablet,2024-11-01,0,False,False
Tiamin HCl 50 mg (Vit. B1) tab,Tablet,2024-12-01,0,False,False
Tiamin HCl 50 mg (Vit. B1) tab,Tablet,2025-01-01,1286,True,False
Tiamin HCl 50 mg (Vit. B1) tab,Tablet,2025-02-01,0,True,False
Tiamin HCl 50 mg (Vit. B1) tab,Tablet,2025-03-01,0,True,False
Tiamin HCl 50 mg (Vit. B1) tab,Tablet,2025-04-01,585,False,True
Tiamin HCl 50 mg (Vit. B1) tab,Tablet,2025-05-01,1170,True,False
Tiamin HCl 50 mg (Vit. B1) tab,Tablet,2025-06-01,1025,True,False
Tiamin HCl 50 mg (Vit. B1) tab,Tablet,2025-07-01,1405,True,False
Tiamin HCl 50 mg (Vit. B1) tab,Tablet,2025-08-01,820,True,False
Tiamin HCl 50 mg (Vit. B1) tab,Tablet,2025-09-01,1790,True,False
Tiamin HCl 50 mg (Vit. B1) tab,Tablet,2025-10-01,1010,True,False
Tiamin HCl 50 mg (Vit. B1) tab,Tablet,2025-11-01,1090,True,False
Tiamin HCl 50 mg (Vit. B1) tab,Tablet,2025-12-01,882,True,False
Tiamin HCl 50 mg (Vit. B1) tab,Tablet,2026-01-01,1585,True,False
Tiamin HCl 50 mg (Vit. B1) tab,Tablet,2026-02-01,1113,True,False
Tramadol injeksi 50 mg/ml,Tidak Diketahui,2024-01-01,0,False,False
Tramadol injeksi 50 mg/ml,Tidak Diketahui,2024-02-01,0,False,False
Tramadol injeksi 50 mg/ml,Tidak Diketahui,2024-03-01,0,False,False
Tramadol injeksi 50 mg/ml,Tidak Diketahui,2024-04-01,0,False,False
Tramadol injeksi 50 mg/ml,Tidak Diketahui,2024-05-01,0,False,False
Tramadol injeksi 50 mg/ml,Tidak Diketahui,2024-06-01,0,False,False
Tramadol injeksi 50 mg/ml,Tidak Diketahui,2024-07-01,0,False,False
Tramadol injeksi 50 mg/ml,Tidak Diketahui,2024-08-01,0,False,False
Tramadol injeksi 50 mg/ml,Tidak Diketahui,2024-09-01,0,False,False
Tramadol injeksi 50 mg/ml,Tidak Diketahui,2024-10-01,0,False,False
Tramadol injeksi 50 mg/ml,Tidak Diketahui,2024-11-01,0,False,False
Tramadol injeksi 50 mg/ml,Tidak Diketahui,2024-12-01,0,False,False
Tramadol injeksi 50 mg/ml,Tidak Diketahui,2025-01-01,0,True,False
Tramadol injeksi 50 mg/ml,Tidak Diketahui,2025-02-01,0,True,False
Tramadol injeksi 50 mg/ml,Tidak Diketahui,2025-03-01,0,True,False
Tramadol injeksi 50 mg/ml,Tidak Diketahui,2025-04-01,0,False,True
Tramadol injeksi 50 mg/ml,Tidak Diketahui,2025-05-01,0,True,False
Tramadol injeksi 50 mg/ml,Tidak Diketahui,2025-06-01,0,True,False
Tramadol injeksi 50 mg/ml,Tidak Diketahui,2025-07-01,0,True,False
Tramadol injeksi 50 mg/ml,Tidak Diketahui,2025-08-01,0,True,False
Tramadol injeksi 50 mg/ml,Tidak Diketahui,2025-09-01,0,True,False
Tramadol injeksi 50 mg/ml,Tidak Diketahui,2025-10-01,0,True,False
Tramadol injeksi 50 mg/ml,Tidak Diketahui,2025-11-01,0,True,False
Tramadol injeksi 50 mg/ml,Tidak Diketahui,2025-12-01,0,True,False
Tramadol injeksi 50 mg/ml,Tidak Diketahui,2026-01-01,0,False,False
Tramadol injeksi 50 mg/ml,Tidak Diketahui,2026-02-01,0,False,False
Tramadol kap 50 mg,Tidak Diketahui,2024-01-01,0,False,False
Tramadol kap 50 mg,Tidak Diketahui,2024-02-01,0,False,False
Tramadol kap 50 mg,Tidak Diketahui,2024-03-01,0,False,False
Tramadol kap 50 mg,Tidak Diketahui,2024-04-01,0,False,False
Tramadol kap 50 mg,Tidak Diketahui,2024-05-01,0,False,False
Tramadol kap 50 mg,Tidak Diketahui,2024-06-01,0,False,False
Tramadol kap 50 mg,Tidak Diketahui,2024-07-01,0,False,False
Tramadol kap 50 mg,Tidak Diketahui,2024-08-01,0,False,False
Tramadol kap 50 mg,Tidak Diketahui,2024-09-01,0,False,False
Tramadol kap 50 mg,Tidak Diketahui,2024-10-01,0,False,False
Tramadol kap 50 mg,Tidak Diketahui,2024-11-01,0,False,False
Tramadol kap 50 mg,Tidak Diketahui,2024-12-01,0,False,False
Tramadol kap 50 mg,Tidak Diketahui,2025-01-01,0,True,False
Tramadol kap 50 mg,Tidak Diketahui,2025-02-01,0,True,False
Tramadol kap 50 mg,Tidak Diketahui,2025-03-01,0,True,False
Tramadol kap 50 mg,Tidak Diketahui,2025-04-01,0,False,True
Tramadol kap 50 mg,Tidak Diketahui,2025-05-01,0,True,False
Tramadol kap 50 mg,Tidak Diketahui,2025-06-01,0,True,False
Tramadol kap 50 mg,Tidak Diketahui,2025-07-01,0,True,False
Tramadol kap 50 mg,Tidak Diketahui,2025-08-01,0,True,False
Tramadol kap 50 mg,Tidak Diketahui,2025-09-01,0,True,False
Tramadol kap 50 mg,Tidak Diketahui,2025-10-01,0,True,False
Tramadol kap 50 mg,Tidak Diketahui,2025-11-01,0,True,False
Tramadol kap 50 mg,Tidak Diketahui,2025-12-01,0,True,False
Tramadol kap 50 mg,Tidak Diketahui,2026-01-01,0,False,False
Tramadol kap 50 mg,Tidak Diketahui,2026-02-01,0,False,False
Tremenza / Nichofed tab,Tablet,2024-01-01,0,False,False
Tremenza / Nichofed tab,Tablet,2024-02-01,0,False,False
Tremenza / Nichofed tab,Tablet,2024-03-01,0,False,False
Tremenza / Nichofed tab,Tablet,2024-04-01,0,False,False
Tremenza / Nichofed tab,Tablet,2024-05-01,0,False,False
Tremenza / Nichofed tab,Tablet,2024-06-01,0,False,False
Tremenza / Nichofed tab,Tablet,2024-07-01,0,False,False
Tremenza / Nichofed tab,Tablet,2024-08-01,0,False,False
Tremenza / Nichofed tab,Tablet,2024-09-01,0,False,False
Tremenza / Nichofed tab,Tablet,2024-10-01,0,False,False
Tremenza / Nichofed tab,Tablet,2024-11-01,0,False,False
Tremenza / Nichofed tab,Tablet,2024-12-01,0,False,False
Tremenza / Nichofed tab,Tablet,2025-01-01,140,True,False
Tremenza / Nichofed tab,Tablet,2025-02-01,0,True,False
Tremenza / Nichofed tab,Tablet,2025-03-01,0,True,False
Tremenza / Nichofed tab,Tablet,2025-04-01,0,False,True
Tremenza / Nichofed tab,Tablet,2025-05-01,0,True,False
Tremenza / Nichofed tab,Tablet,2025-06-01,0,True,False
Tremenza / Nichofed tab,Tablet,2025-07-01,0,True,False
Tremenza / Nichofed tab,Tablet,2025-08-01,0,True,False
Tremenza / Nichofed tab,Tablet,2025-09-01,0,True,False
Tremenza / Nichofed tab,Tablet,2025-10-01,0,True,False
Tremenza / Nichofed tab,Tablet,2025-11-01,0,True,False
Tremenza / Nichofed tab,Tablet,2025-12-01,0,True,False
Tremenza / Nichofed tab,Tablet,2026-01-01,0,False,False
Tremenza / Nichofed tab,Tablet,2026-02-01,0,False,False
Tremenza / Nichofed tab/Nufed,Tablet,2024-01-01,0,False,False
Tremenza / Nichofed tab/Nufed,Tablet,2024-02-01,0,False,False
Tremenza / Nichofed tab/Nufed,Tablet,2024-03-01,0,False,False
Tremenza / Nichofed tab/Nufed,Tablet,2024-04-01,0,False,False
Tremenza / Nichofed tab/Nufed,Tablet,2024-05-01,0,False,False
Tremenza / Nichofed tab/Nufed,Tablet,2024-06-01,0,False,False
Tremenza / Nichofed tab/Nufed,Tablet,2024-07-01,0,False,False
Tremenza / Nichofed tab/Nufed,Tablet,2024-08-01,0,False,False
Tremenza / Nichofed tab/Nufed,Tablet,2024-09-01,0,False,False
Tremenza / Nichofed tab/Nufed,Tablet,2024-10-01,0,False,False
Tremenza / Nichofed tab/Nufed,Tablet,2024-11-01,0,False,False
Tremenza / Nichofed tab/Nufed,Tablet,2024-12-01,0,False,False
Tremenza / Nichofed tab/Nufed,Tablet,2025-01-01,0,False,False
Tremenza / Nichofed tab/Nufed,Tablet,2025-02-01,0,False,False
Tremenza / Nichofed tab/Nufed,Tablet,2025-03-01,0,False,False
Tremenza / Nichofed tab/Nufed,Tablet,2025-04-01,0,False,True
Tremenza / Nichofed tab/Nufed,Tablet,2025-05-01,0,False,False
Tremenza / Nichofed tab/Nufed,Tablet,2025-06-01,0,False,False
Tremenza / Nichofed tab/Nufed,Tablet,2025-07-01,0,True,False
Tremenza / Nichofed tab/Nufed,Tablet,2025-08-01,45,True,False
Tremenza / Nichofed tab/Nufed,Tablet,2025-09-01,15,True,False
Tremenza / Nichofed tab/Nufed,Tablet,2025-10-01,15,True,False
Tremenza / Nichofed tab/Nufed,Tablet,2025-11-01,35,True,False
Tremenza / Nichofed tab/Nufed,Tablet,2025-12-01,48,True,False
Tremenza / Nichofed tab/Nufed,Tablet,2026-01-01,42,True,False
Tremenza / Nichofed tab/Nufed,Tablet,2026-02-01,30,True,False
Trifluoperazin tab,Tablet,2024-01-01,0,True,False
Trifluoperazin tab,Tablet,2024-02-01,0,True,False
Trifluoperazin tab,Tablet,2024-03-01,0,True,False
Trifluoperazin tab,Tablet,2024-04-01,910,True,False
Trifluoperazin tab,Tablet,2024-05-01,60,True,False
Trifluoperazin tab,Tablet,2024-06-01,430,True,False
Trifluoperazin tab,Tablet,2024-07-01,1000,True,False
Trifluoperazin tab,Tablet,2024-08-01,0,True,False
Trifluoperazin tab,Tablet,2024-09-01,40,True,False
Trifluoperazin tab,Tablet,2024-10-01,90,True,False
Trifluoperazin tab,Tablet,2024-11-01,0,True,False
Trifluoperazin tab,Tablet,2024-12-01,300,True,False
Trifluoperazin tab,Tablet,2025-01-01,30,True,False
Trifluoperazin tab,Tablet,2025-02-01,360,True,False
Trifluoperazin tab,Tablet,2025-03-01,70,True,False
Trifluoperazin tab,Tablet,2025-04-01,80,False,True
Trifluoperazin tab,Tablet,2025-05-01,90,True,False
Trifluoperazin tab,Tablet,2025-06-01,150,True,False
Trifluoperazin tab,Tablet,2025-07-01,120,True,False
Trifluoperazin tab,Tablet,2025-08-01,430,True,False
Trifluoperazin tab,Tablet,2025-09-01,250,True,False
Trifluoperazin tab,Tablet,2025-10-01,210,True,False
Trifluoperazin tab,Tablet,2025-11-01,90,True,False
Trifluoperazin tab,Tablet,2025-12-01,180,True,False
Trifluoperazin tab,Tablet,2026-01-01,90,True,False
Trifluoperazin tab,Tablet,2026-02-01,2430,True,False
Triheksifenidil 2 mg,Tablet,2024-01-01,10,True,False
Triheksifenidil 2 mg,Tablet,2024-02-01,1890,True,False
Triheksifenidil 2 mg,Tablet,2024-03-01,301,True,False
Triheksifenidil 2 mg,Tablet,2024-04-01,99,True,False
Triheksifenidil 2 mg,Tablet,2024-05-01,800,True,False
Triheksifenidil 2 mg,Tablet,2024-06-01,1000,True,False
Triheksifenidil 2 mg,Tablet,2024-07-01,0,True,False
Triheksifenidil 2 mg,Tablet,2024-08-01,0,True,False
Triheksifenidil 2 mg,Tablet,2024-09-01,0,True,False
Triheksifenidil 2 mg,Tablet,2024-10-01,0,True,False
Triheksifenidil 2 mg,Tablet,2024-11-01,0,True,False
Triheksifenidil 2 mg,Tablet,2024-12-01,360,True,False
Triheksifenidil 2 mg,Tablet,2025-01-01,640,True,False
Triheksifenidil 2 mg,Tablet,2025-02-01,2520,True,False
Triheksifenidil 2 mg,Tablet,2025-03-01,0,True,False
Triheksifenidil 2 mg,Tablet,2025-04-01,0,False,True
Triheksifenidil 2 mg,Tablet,2025-05-01,0,True,False
Triheksifenidil 2 mg,Tablet,2025-06-01,508,True,False
Triheksifenidil 2 mg,Tablet,2025-07-01,752,True,False
Triheksifenidil 2 mg,Tablet,2025-08-01,718,True,False
Triheksifenidil 2 mg,Tablet,2025-09-01,557,True,False
Triheksifenidil 2 mg,Tablet,2025-10-01,778,True,False
Triheksifenidil 2 mg,Tablet,2025-11-01,419,True,False
Triheksifenidil 2 mg,Tablet,2025-12-01,540,True,False
Triheksifenidil 2 mg,Tablet,2026-01-01,500,True,False
Triheksifenidil 2 mg,Tablet,2026-02-01,21802,True,False
Trikresolformalin,Botol,2024-01-01,0,False,False
Trikresolformalin,Botol,2024-02-01,0,False,False
Trikresolformalin,Botol,2024-03-01,0,False,False
Trikresolformalin,Botol,2024-04-01,0,False,False
Trikresolformalin,Botol,2024-05-01,0,False,False
Trikresolformalin,Botol,2024-06-01,0,False,False
Trikresolformalin,Botol,2024-07-01,0,False,False
Trikresolformalin,Botol,2024-08-01,0,False,False
Trikresolformalin,Botol,2024-09-01,0,False,False
Trikresolformalin,Botol,2024-10-01,0,True,False
Trikresolformalin,Botol,2024-11-01,0,True,False
Trikresolformalin,Botol,2024-12-01,1,True,False
Trikresolformalin,Botol,2025-01-01,0,True,False
Trikresolformalin,Botol,2025-02-01,0,True,False
Trikresolformalin,Botol,2025-03-01,0,True,False
Trikresolformalin,Botol,2025-04-01,0,False,True
Trikresolformalin,Botol,2025-05-01,0,True,False
Trikresolformalin,Botol,2025-06-01,0,True,False
Trikresolformalin,Botol,2025-07-01,3,True,False
Trikresolformalin,Botol,2025-08-01,0,True,False
Trikresolformalin,Botol,2025-09-01,0,True,False
Trikresolformalin,Botol,2025-10-01,1,True,False
Trikresolformalin,Botol,2025-11-01,0,True,False
Trikresolformalin,Botol,2025-12-01,0,True,False
Trikresolformalin,Botol,2026-01-01,0,False,False
Trikresolformalin,Botol,2026-02-01,0,False,False
Ultrasonic gel,Botol,2024-01-01,0,False,False
Ultrasonic gel,Botol,2024-02-01,0,False,False
Ultrasonic gel,Botol,2024-03-01,0,False,False
Ultrasonic gel,Botol,2024-04-01,0,False,False
Ultrasonic gel,Botol,2024-05-01,0,False,False
Ultrasonic gel,Botol,2024-06-01,0,False,False
Ultrasonic gel,Botol,2024-07-01,0,False,False
Ultrasonic gel,Botol,2024-08-01,0,False,False
Ultrasonic gel,Botol,2024-09-01,0,False,False
Ultrasonic gel,Botol,2024-10-01,0,False,False
Ultrasonic gel,Botol,2024-11-01,0,False,False
Ultrasonic gel,Botol,2024-12-01,0,False,False
Ultrasonic gel,Botol,2025-01-01,0,True,False
Ultrasonic gel,Botol,2025-02-01,1,True,False
Ultrasonic gel,Botol,2025-03-01,0,True,False
Ultrasonic gel,Botol,2025-04-01,3,False,True
Ultrasonic gel,Botol,2025-05-01,6,True,False
Ultrasonic gel,Botol,2025-06-01,4,True,False
Ultrasonic gel,Botol,2025-07-01,0,True,False
Ultrasonic gel,Botol,2025-08-01,0,True,False
Ultrasonic gel,Botol,2025-09-01,0,True,False
Ultrasonic gel,Botol,2025-10-01,0,True,False
Ultrasonic gel,Botol,2025-11-01,0,True,False
Ultrasonic gel,Botol,2025-12-01,0,True,False
Ultrasonic gel,Botol,2026-01-01,0,True,False
Ultrasonic gel,Botol,2026-02-01,0,True,False
Vagion Steril (L),Pcs,2024-01-01,0,False,False
Vagion Steril (L),Pcs,2024-02-01,0,False,False
Vagion Steril (L),Pcs,2024-03-01,0,False,False
Vagion Steril (L),Pcs,2024-04-01,0,False,False
Vagion Steril (L),Pcs,2024-05-01,0,False,False
Vagion Steril (L),Pcs,2024-06-01,0,False,False
Vagion Steril (L),Pcs,2024-07-01,0,False,False
Vagion Steril (L),Pcs,2024-08-01,0,False,False
Vagion Steril (L),Pcs,2024-09-01,0,True,False
Vagion Steril (L),Pcs,2024-10-01,3,True,False
Vagion Steril (L),Pcs,2024-11-01,0,True,False
Vagion Steril (L),Pcs,2024-12-01,22,True,False
Vagion Steril (L),Pcs,2025-01-01,0,True,False
Vagion Steril (L),Pcs,2025-02-01,25,True,False
Vagion Steril (L),Pcs,2025-03-01,0,True,False
Vagion Steril (L),Pcs,2025-04-01,0,False,True
Vagion Steril (L),Pcs,2025-05-01,0,True,False
Vagion Steril (L),Pcs,2025-06-01,13,True,False
Vagion Steril (L),Pcs,2025-07-01,12,True,False
Vagion Steril (L),Pcs,2025-08-01,0,True,False
Vagion Steril (L),Pcs,2025-09-01,0,True,False
Vagion Steril (L),Pcs,2025-10-01,0,True,False
Vagion Steril (L),Pcs,2025-11-01,0,True,False
Vagion Steril (L),Pcs,2025-12-01,0,True,False
Vagion Steril (L),Pcs,2026-01-01,0,True,False
Vagion Steril (L),Pcs,2026-02-01,0,True,False
Vagion Steril (M),Pcs,2024-01-01,0,False,False
Vagion Steril (M),Pcs,2024-02-01,0,False,False
Vagion Steril (M),Pcs,2024-03-01,0,False,False
Vagion Steril (M),Pcs,2024-04-01,0,False,False
Vagion Steril (M),Pcs,2024-05-01,0,False,False
Vagion Steril (M),Pcs,2024-06-01,0,False,False
Vagion Steril (M),Pcs,2024-07-01,0,False,False
Vagion Steril (M),Pcs,2024-08-01,0,False,False
Vagion Steril (M),Pcs,2024-09-01,0,True,False
Vagion Steril (M),Pcs,2024-10-01,1,True,False
Vagion Steril (M),Pcs,2024-11-01,0,True,False
Vagion Steril (M),Pcs,2024-12-01,24,True,False
Vagion Steril (M),Pcs,2025-01-01,0,True,False
Vagion Steril (M),Pcs,2025-02-01,0,True,False
Vagion Steril (M),Pcs,2025-03-01,0,True,False
Vagion Steril (M),Pcs,2025-04-01,0,False,True
Vagion Steril (M),Pcs,2025-05-01,0,True,False
Vagion Steril (M),Pcs,2025-06-01,7,True,False
Vagion Steril (M),Pcs,2025-07-01,18,True,False
Vagion Steril (M),Pcs,2025-08-01,0,True,False
Vagion Steril (M),Pcs,2025-09-01,0,True,False
Vagion Steril (M),Pcs,2025-10-01,0,True,False
Vagion Steril (M),Pcs,2025-11-01,0,True,False
Vagion Steril (M),Pcs,2025-12-01,0,True,False
Vagion Steril (M),Pcs,2026-01-01,0,True,False
Vagion Steril (M),Pcs,2026-02-01,0,True,False
Vagion Steril (S),Pcs,2024-01-01,0,False,False
Vagion Steril (S),Pcs,2024-02-01,0,False,False
Vagion Steril (S),Pcs,2024-03-01,0,False,False
Vagion Steril (S),Pcs,2024-04-01,0,False,False
Vagion Steril (S),Pcs,2024-05-01,0,False,False
Vagion Steril (S),Pcs,2024-06-01,0,False,False
Vagion Steril (S),Pcs,2024-07-01,0,False,False
Vagion Steril (S),Pcs,2024-08-01,0,False,False
Vagion Steril (S),Pcs,2024-09-01,0,True,False
Vagion Steril (S),Pcs,2024-10-01,1,True,False
Vagion Steril (S),Pcs,2024-11-01,0,True,False
Vagion Steril (S),Pcs,2024-12-01,24,True,False
Vagion Steril (S),Pcs,2025-01-01,0,True,False
Vagion Steril (S),Pcs,2025-02-01,0,True,False
Vagion Steril (S),Pcs,2025-03-01,0,True,False
Vagion Steril (S),Pcs,2025-04-01,0,False,True
Vagion Steril (S),Pcs,2025-05-01,0,True,False
Vagion Steril (S),Pcs,2025-06-01,0,True,False
Vagion Steril (S),Pcs,2025-07-01,25,True,False
Vagion Steril (S),Pcs,2025-08-01,0,True,False
Vagion Steril (S),Pcs,2025-09-01,0,True,False
Vagion Steril (S),Pcs,2025-10-01,0,True,False
Vagion Steril (S),Pcs,2025-11-01,0,True,False
Vagion Steril (S),Pcs,2025-12-01,0,True,False
Vagion Steril (S),Pcs,2026-01-01,0,True,False
Vagion Steril (S),Pcs,2026-02-01,0,True,False
Valsartan 80 mg,Tablet,2024-01-01,0,True,False
Valsartan 80 mg,Tablet,2024-02-01,0,True,False
Valsartan 80 mg,Tablet,2024-03-01,0,False,False
Valsartan 80 mg,Tablet,2024-04-01,0,False,False
Valsartan 80 mg,Tablet,2024-05-01,0,False,False
Valsartan 80 mg,Tablet,2024-06-01,0,False,False
Valsartan 80 mg,Tablet,2024-07-01,0,False,False
Valsartan 80 mg,Tablet,2024-08-01,0,False,False
Valsartan 80 mg,Tablet,2024-09-01,0,False,False
Valsartan 80 mg,Tablet,2024-10-01,0,False,False
Valsartan 80 mg,Tablet,2024-11-01,0,False,False
Valsartan 80 mg,Tablet,2024-12-01,0,False,False
Valsartan 80 mg,Tablet,2025-01-01,0,True,False
Valsartan 80 mg,Tablet,2025-02-01,0,True,False
Valsartan 80 mg,Tablet,2025-03-01,0,True,False
Valsartan 80 mg,Tablet,2025-04-01,0,False,True
Valsartan 80 mg,Tablet,2025-05-01,0,True,False
Valsartan 80 mg,Tablet,2025-06-01,0,True,False
Valsartan 80 mg,Tablet,2025-07-01,0,True,False
Valsartan 80 mg,Tablet,2025-08-01,0,True,False
Valsartan 80 mg,Tablet,2025-09-01,0,True,False
Valsartan 80 mg,Tablet,2025-10-01,0,True,False
Valsartan 80 mg,Tablet,2025-11-01,0,True,False
Valsartan 80 mg,Tablet,2025-12-01,0,True,False
Valsartan 80 mg,Tablet,2026-01-01,0,False,False
Valsartan 80 mg,Tablet,2026-02-01,0,False,False
"Ventolin Nebules 2,5 mg / Salbutamol Inh",Ampul,2024-01-01,0,False,False
"Ventolin Nebules 2,5 mg / Salbutamol Inh",Ampul,2024-02-01,0,False,False
"Ventolin Nebules 2,5 mg / Salbutamol Inh",Ampul,2024-03-01,0,False,False
"Ventolin Nebules 2,5 mg / Salbutamol Inh",Ampul,2024-04-01,0,False,False
"Ventolin Nebules 2,5 mg / Salbutamol Inh",Ampul,2024-05-01,0,False,False
"Ventolin Nebules 2,5 mg / Salbutamol Inh",Ampul,2024-06-01,0,False,False
"Ventolin Nebules 2,5 mg / Salbutamol Inh",Ampul,2024-07-01,0,False,False
"Ventolin Nebules 2,5 mg / Salbutamol Inh",Ampul,2024-08-01,0,False,False
"Ventolin Nebules 2,5 mg / Salbutamol Inh",Ampul,2024-09-01,0,False,False
"Ventolin Nebules 2,5 mg / Salbutamol Inh",Ampul,2024-10-01,0,False,False
"Ventolin Nebules 2,5 mg / Salbutamol Inh",Ampul,2024-11-01,0,False,False
"Ventolin Nebules 2,5 mg / Salbutamol Inh",Ampul,2024-12-01,0,False,False
"Ventolin Nebules 2,5 mg / Salbutamol Inh",Ampul,2025-01-01,5,True,False
"Ventolin Nebules 2,5 mg / Salbutamol Inh",Ampul,2025-02-01,10,True,False
"Ventolin Nebules 2,5 mg / Salbutamol Inh",Ampul,2025-03-01,7,True,False
"Ventolin Nebules 2,5 mg / Salbutamol Inh",Ampul,2025-04-01,5,False,True
"Ventolin Nebules 2,5 mg / Salbutamol Inh",Ampul,2025-05-01,3,True,False
"Ventolin Nebules 2,5 mg / Salbutamol Inh",Ampul,2025-06-01,10,True,False
"Ventolin Nebules 2,5 mg / Salbutamol Inh",Ampul,2025-07-01,10,True,False
"Ventolin Nebules 2,5 mg / Salbutamol Inh",Ampul,2025-08-01,5,True,False
"Ventolin Nebules 2,5 mg / Salbutamol Inh",Ampul,2025-09-01,6,True,False
"Ventolin Nebules 2,5 mg / Salbutamol Inh",Ampul,2025-10-01,3,True,False
"Ventolin Nebules 2,5 mg / Salbutamol Inh",Ampul,2025-11-01,12,True,False
"Ventolin Nebules 2,5 mg / Salbutamol Inh",Ampul,2025-12-01,14,True,False
"Ventolin Nebules 2,5 mg / Salbutamol Inh",Ampul,2026-01-01,16,True,False
"Ventolin Nebules 2,5 mg / Salbutamol Inh",Ampul,2026-02-01,9,True,False
Vinafluor,Tablet,2024-01-01,0,True,False
Vinafluor,Tablet,2024-02-01,0,True,False
Vinafluor,Tablet,2024-03-01,0,True,False
Vinafluor,Tablet,2024-04-01,0,True,False
Vinafluor,Tablet,2024-05-01,0,True,False
Vinafluor,Tablet,2024-06-01,0,True,False
Vinafluor,Tablet,2024-07-01,0,True,False
Vinafluor,Tablet,2024-08-01,0,True,False
Vinafluor,Tablet,2024-09-01,0,True,False
Vinafluor,Tablet,2024-10-01,0,True,False
Vinafluor,Tablet,2024-11-01,0,True,False
Vinafluor,Tablet,2024-12-01,0,True,False
Vinafluor,Tablet,2025-01-01,0,True,False
Vinafluor,Tablet,2025-02-01,0,True,False
Vinafluor,Tablet,2025-03-01,0,True,False
Vinafluor,Tablet,2025-04-01,0,False,True
Vinafluor,Tablet,2025-05-01,0,True,False
Vinafluor,Tablet,2025-06-01,0,True,False
Vinafluor,Tablet,2025-07-01,0,True,False
Vinafluor,Tablet,2025-08-01,0,True,False
Vinafluor,Tablet,2025-09-01,0,True,False
Vinafluor,Tablet,2025-10-01,0,True,False
Vinafluor,Tablet,2025-11-01,0,True,False
Vinafluor,Tablet,2025-12-01,0,True,False
Vinafluor,Tablet,2026-01-01,0,False,False
Vinafluor,Tablet,2026-02-01,0,False,False
Vit. B komplek,Tablet,2024-01-01,0,True,False
Vit. B komplek,Tablet,2024-02-01,1600,True,False
Vit. B komplek,Tablet,2024-03-01,2200,True,False
Vit. B komplek,Tablet,2024-04-01,2300,True,False
Vit. B komplek,Tablet,2024-05-01,2500,True,False
Vit. B komplek,Tablet,2024-06-01,1600,True,False
Vit. B komplek,Tablet,2024-07-01,1500,True,False
Vit. B komplek,Tablet,2024-08-01,3740,True,False
Vit. B komplek,Tablet,2024-09-01,4840,True,False
Vit. B komplek,Tablet,2024-10-01,4880,True,False
Vit. B komplek,Tablet,2024-11-01,3040,True,False
Vit. B komplek,Tablet,2024-12-01,1080,True,False
Vit. B komplek,Tablet,2025-01-01,1560,True,False
Vit. B komplek,Tablet,2025-02-01,1495,True,False
Vit. B komplek,Tablet,2025-03-01,215,True,False
Vit. B komplek,Tablet,2025-04-01,560,False,True
Vit. B komplek,Tablet,2025-05-01,905,True,False
Vit. B komplek,Tablet,2025-06-01,1625,True,False
Vit. B komplek,Tablet,2025-07-01,2620,True,False
Vit. B komplek,Tablet,2025-08-01,2965,True,False
Vit. B komplek,Tablet,2025-09-01,4400,True,False
Vit. B komplek,Tablet,2025-10-01,5470,True,False
Vit. B komplek,Tablet,2025-11-01,3450,True,False
Vit. B komplek,Tablet,2025-12-01,1900,True,False
Vit. B komplek,Tablet,2026-01-01,2227,True,False
Vit. B komplek,Tablet,2026-02-01,2080,True,False
Vit. B1 (Thiamin) 100mg inj,Ampul,2024-01-01,0,False,False
Vit. B1 (Thiamin) 100mg inj,Ampul,2024-02-01,0,False,False
Vit. B1 (Thiamin) 100mg inj,Ampul,2024-03-01,0,False,False
Vit. B1 (Thiamin) 100mg inj,Ampul,2024-04-01,0,False,False
Vit. B1 (Thiamin) 100mg inj,Ampul,2024-05-01,0,True,False
Vit. B1 (Thiamin) 100mg inj,Ampul,2024-06-01,1,True,False
Vit. B1 (Thiamin) 100mg inj,Ampul,2024-07-01,99,True,False
Vit. B1 (Thiamin) 100mg inj,Ampul,2024-08-01,0,True,False
Vit. B1 (Thiamin) 100mg inj,Ampul,2024-09-01,0,True,False
Vit. B1 (Thiamin) 100mg inj,Ampul,2024-10-01,0,True,False
Vit. B1 (Thiamin) 100mg inj,Ampul,2024-11-01,0,True,False
Vit. B1 (Thiamin) 100mg inj,Ampul,2024-12-01,0,True,False
Vit. B1 (Thiamin) 100mg inj,Ampul,2025-01-01,0,False,False
Vit. B1 (Thiamin) 100mg inj,Ampul,2025-02-01,0,False,False
Vit. B1 (Thiamin) 100mg inj,Ampul,2025-03-01,0,False,False
Vit. B1 (Thiamin) 100mg inj,Ampul,2025-04-01,0,False,True
Vit. B1 (Thiamin) 100mg inj,Ampul,2025-05-01,0,False,False
Vit. B1 (Thiamin) 100mg inj,Ampul,2025-06-01,0,False,False
Vit. B1 (Thiamin) 100mg inj,Ampul,2025-07-01,0,False,False
Vit. B1 (Thiamin) 100mg inj,Ampul,2025-08-01,0,False,False
Vit. B1 (Thiamin) 100mg inj,Ampul,2025-09-01,0,False,False
Vit. B1 (Thiamin) 100mg inj,Ampul,2025-10-01,0,False,False
Vit. B1 (Thiamin) 100mg inj,Ampul,2025-11-01,0,False,False
Vit. B1 (Thiamin) 100mg inj,Ampul,2025-12-01,0,False,False
Vit. B1 (Thiamin) 100mg inj,Ampul,2026-01-01,0,False,False
Vit. B1 (Thiamin) 100mg inj,Ampul,2026-02-01,0,False,False
Vit. B1 (Thiamin) 50 mg,Tablet,2024-01-01,0,False,False
Vit. B1 (Thiamin) 50 mg,Tablet,2024-02-01,0,False,False
Vit. B1 (Thiamin) 50 mg,Tablet,2024-03-01,0,False,False
Vit. B1 (Thiamin) 50 mg,Tablet,2024-04-01,0,False,False
Vit. B1 (Thiamin) 50 mg,Tablet,2024-05-01,1030,True,False
Vit. B1 (Thiamin) 50 mg,Tablet,2024-06-01,860,True,False
Vit. B1 (Thiamin) 50 mg,Tablet,2024-07-01,990,True,False
Vit. B1 (Thiamin) 50 mg,Tablet,2024-08-01,700,True,False
Vit. B1 (Thiamin) 50 mg,Tablet,2024-09-01,350,True,False
Vit. B1 (Thiamin) 50 mg,Tablet,2024-10-01,585,True,False
Vit. B1 (Thiamin) 50 mg,Tablet,2024-11-01,505,True,False
Vit. B1 (Thiamin) 50 mg,Tablet,2024-12-01,24,True,False
Vit. B1 (Thiamin) 50 mg,Tablet,2025-01-01,0,False,False
Vit. B1 (Thiamin) 50 mg,Tablet,2025-02-01,0,False,False
Vit. B1 (Thiamin) 50 mg,Tablet,2025-03-01,0,False,False
Vit. B1 (Thiamin) 50 mg,Tablet,2025-04-01,0,False,True
Vit. B1 (Thiamin) 50 mg,Tablet,2025-05-01,0,False,False
Vit. B1 (Thiamin) 50 mg,Tablet,2025-06-01,0,False,False
Vit. B1 (Thiamin) 50 mg,Tablet,2025-07-01,0,False,False
Vit. B1 (Thiamin) 50 mg,Tablet,2025-08-01,0,False,False
Vit. B1 (Thiamin) 50 mg,Tablet,2025-09-01,0,False,False
Vit. B1 (Thiamin) 50 mg,Tablet,2025-10-01,0,False,False
Vit. B1 (Thiamin) 50 mg,Tablet,2025-11-01,0,False,False
Vit. B1 (Thiamin) 50 mg,Tablet,2025-12-01,0,False,False
Vit. B1 (Thiamin) 50 mg,Tablet,2026-01-01,0,False,False
Vit. B1 (Thiamin) 50 mg,Tablet,2026-02-01,0,False,False
Vit. B12 (sianokobalamin),Tablet,2024-01-01,0,False,False
Vit. B12 (sianokobalamin),Tablet,2024-02-01,0,True,False
Vit. B12 (sianokobalamin),Tablet,2024-03-01,0,True,False
Vit. B12 (sianokobalamin),Tablet,2024-04-01,400,True,False
Vit. B12 (sianokobalamin),Tablet,2024-05-01,200,True,False
Vit. B12 (sianokobalamin),Tablet,2024-06-01,200,True,False
Vit. B12 (sianokobalamin),Tablet,2024-07-01,220,True,False
Vit. B12 (sianokobalamin),Tablet,2024-08-01,1290,True,False
Vit. B12 (sianokobalamin),Tablet,2024-09-01,0,True,False
Vit. B12 (sianokobalamin),Tablet,2024-10-01,500,True,False
Vit. B12 (sianokobalamin),Tablet,2024-11-01,10,True,False
Vit. B12 (sianokobalamin),Tablet,2024-12-01,560,True,False
Vit. B12 (sianokobalamin),Tablet,2025-01-01,0,False,False
Vit. B12 (sianokobalamin),Tablet,2025-02-01,0,False,False
Vit. B12 (sianokobalamin),Tablet,2025-03-01,0,False,False
Vit. B12 (sianokobalamin),Tablet,2025-04-01,0,False,True
Vit. B12 (sianokobalamin),Tablet,2025-05-01,0,False,False
Vit. B12 (sianokobalamin),Tablet,2025-06-01,0,False,False
Vit. B12 (sianokobalamin),Tablet,2025-07-01,0,False,False
Vit. B12 (sianokobalamin),Tablet,2025-08-01,0,False,False
Vit. B12 (sianokobalamin),Tablet,2025-09-01,0,False,False
Vit. B12 (sianokobalamin),Tablet,2025-10-01,0,False,False
Vit. B12 (sianokobalamin),Tablet,2025-11-01,0,False,False
Vit. B12 (sianokobalamin),Tablet,2025-12-01,0,False,False
Vit. B12 (sianokobalamin),Tablet,2026-01-01,0,False,False
Vit. B12 (sianokobalamin),Tablet,2026-02-01,0,False,False
Vit. B6 (Piridoksin) 10 mg,Tablet,2024-01-01,10,True,False
Vit. B6 (Piridoksin) 10 mg,Tablet,2024-02-01,190,True,False
Vit. B6 (Piridoksin) 10 mg,Tablet,2024-03-01,90,True,False
Vit. B6 (Piridoksin) 10 mg,Tablet,2024-04-01,10,True,False
Vit. B6 (Piridoksin) 10 mg,Tablet,2024-05-01,100,True,False
Vit. B6 (Piridoksin) 10 mg,Tablet,2024-06-01,650,True,False
Vit. B6 (Piridoksin) 10 mg,Tablet,2024-07-01,330,True,False
Vit. B6 (Piridoksin) 10 mg,Tablet,2024-08-01,410,True,False
Vit. B6 (Piridoksin) 10 mg,Tablet,2024-09-01,130,True,False
Vit. B6 (Piridoksin) 10 mg,Tablet,2024-10-01,180,True,False
Vit. B6 (Piridoksin) 10 mg,Tablet,2024-11-01,260,True,False
Vit. B6 (Piridoksin) 10 mg,Tablet,2024-12-01,0,True,False
Vit. B6 (Piridoksin) 10 mg,Tablet,2025-01-01,0,False,False
Vit. B6 (Piridoksin) 10 mg,Tablet,2025-02-01,0,False,False
Vit. B6 (Piridoksin) 10 mg,Tablet,2025-03-01,0,False,False
Vit. B6 (Piridoksin) 10 mg,Tablet,2025-04-01,0,False,True
Vit. B6 (Piridoksin) 10 mg,Tablet,2025-05-01,0,False,False
Vit. B6 (Piridoksin) 10 mg,Tablet,2025-06-01,0,False,False
Vit. B6 (Piridoksin) 10 mg,Tablet,2025-07-01,0,False,False
Vit. B6 (Piridoksin) 10 mg,Tablet,2025-08-01,0,False,False
Vit. B6 (Piridoksin) 10 mg,Tablet,2025-09-01,0,False,False
Vit. B6 (Piridoksin) 10 mg,Tablet,2025-10-01,0,False,False
Vit. B6 (Piridoksin) 10 mg,Tablet,2025-11-01,0,False,False
Vit. B6 (Piridoksin) 10 mg,Tablet,2025-12-01,0,False,False
Vit. B6 (Piridoksin) 10 mg,Tablet,2026-01-01,0,False,False
Vit. B6 (Piridoksin) 10 mg,Tablet,2026-02-01,0,False,False
Vit. K infant,Tidak Diketahui,2024-01-01,0,False,False
Vit. K infant,Tidak Diketahui,2024-02-01,0,False,False
Vit. K infant,Tidak Diketahui,2024-03-01,0,False,False
Vit. K infant,Tidak Diketahui,2024-04-01,0,False,False
Vit. K infant,Tidak Diketahui,2024-05-01,0,False,False
Vit. K infant,Tidak Diketahui,2024-06-01,0,False,False
Vit. K infant,Tidak Diketahui,2024-07-01,0,False,False
Vit. K infant,Tidak Diketahui,2024-08-01,0,False,False
Vit. K infant,Tidak Diketahui,2024-09-01,0,False,False
Vit. K infant,Tidak Diketahui,2024-10-01,0,False,False
Vit. K infant,Tidak Diketahui,2024-11-01,0,False,False
Vit. K infant,Tidak Diketahui,2024-12-01,0,False,False
Vit. K infant,Tidak Diketahui,2025-01-01,0,True,False
Vit. K infant,Tidak Diketahui,2025-02-01,0,True,False
Vit. K infant,Tidak Diketahui,2025-03-01,0,True,False
Vit. K infant,Tidak Diketahui,2025-04-01,0,False,True
Vit. K infant,Tidak Diketahui,2025-05-01,0,True,False
Vit. K infant,Tidak Diketahui,2025-06-01,0,True,False
Vit. K infant,Tidak Diketahui,2025-07-01,0,True,False
Vit. K infant,Tidak Diketahui,2025-08-01,0,True,False
Vit. K infant,Tidak Diketahui,2025-09-01,0,True,False
Vit. K infant,Tidak Diketahui,2025-10-01,0,True,False
Vit. K infant,Tidak Diketahui,2025-11-01,0,True,False
Vit. K infant,Tidak Diketahui,2025-12-01,0,True,False
Vit. K infant,Tidak Diketahui,2026-01-01,0,False,False
Vit. K infant,Tidak Diketahui,2026-02-01,0,False,False
Vitalex kap / Hemafort,Tablet,2024-01-01,0,False,False
Vitalex kap / Hemafort,Tablet,2024-02-01,0,False,False
Vitalex kap / Hemafort,Tablet,2024-03-01,0,False,False
Vitalex kap / Hemafort,Tablet,2024-04-01,0,False,False
Vitalex kap / Hemafort,Tablet,2024-05-01,0,False,False
Vitalex kap / Hemafort,Tablet,2024-06-01,0,False,False
Vitalex kap / Hemafort,Tablet,2024-07-01,0,False,False
Vitalex kap / Hemafort,Tablet,2024-08-01,0,False,False
Vitalex kap / Hemafort,Tablet,2024-09-01,0,False,False
Vitalex kap / Hemafort,Tablet,2024-10-01,0,False,False
Vitalex kap / Hemafort,Tablet,2024-11-01,0,False,False
Vitalex kap / Hemafort,Tablet,2024-12-01,0,False,False
Vitalex kap / Hemafort,Tablet,2025-01-01,0,True,False
Vitalex kap / Hemafort,Tablet,2025-02-01,0,True,False
Vitalex kap / Hemafort,Tablet,2025-03-01,0,True,False
Vitalex kap / Hemafort,Tablet,2025-04-01,0,False,True
Vitalex kap / Hemafort,Tablet,2025-05-01,0,True,False
Vitalex kap / Hemafort,Tablet,2025-06-01,0,True,False
Vitalex kap / Hemafort,Tablet,2025-07-01,0,True,False
Vitalex kap / Hemafort,Tablet,2025-08-01,0,True,False
Vitalex kap / Hemafort,Tablet,2025-09-01,0,True,False
Vitalex kap / Hemafort,Tablet,2025-10-01,0,True,False
Vitalex kap / Hemafort,Tablet,2025-11-01,0,True,False
Vitalex kap / Hemafort,Tablet,2025-12-01,0,True,False
Vitalex kap / Hemafort,Tablet,2026-01-01,0,False,False
Vitalex kap / Hemafort,Tablet,2026-02-01,0,False,False
Vitamin A 100.000 IU (Retinol),Botol @50,2024-01-01,9,True,False
Vitamin A 100.000 IU (Retinol),Botol @50,2024-02-01,0,True,False
Vitamin A 100.000 IU (Retinol),Botol @50,2024-03-01,0,True,False
Vitamin A 100.000 IU (Retinol),Botol @50,2024-04-01,0,True,False
Vitamin A 100.000 IU (Retinol),Botol @50,2024-05-01,0,True,False
Vitamin A 100.000 IU (Retinol),Botol @50,2024-06-01,8,True,False
Vitamin A 100.000 IU (Retinol),Botol @50,2024-07-01,0,True,False
Vitamin A 100.000 IU (Retinol),Botol @50,2024-08-01,6,True,False
Vitamin A 100.000 IU (Retinol),Botol @50,2024-09-01,0,True,False
Vitamin A 100.000 IU (Retinol),Botol @50,2024-10-01,0,True,False
Vitamin A 100.000 IU (Retinol),Botol @50,2024-11-01,0,True,False
Vitamin A 100.000 IU (Retinol),Botol @50,2024-12-01,1,True,False
Vitamin A 100.000 IU (Retinol),Botol @50,2025-01-01,0,False,False
Vitamin A 100.000 IU (Retinol),Botol @50,2025-02-01,0,False,False
Vitamin A 100.000 IU (Retinol),Botol @50,2025-03-01,0,False,False
Vitamin A 100.000 IU (Retinol),Botol @50,2025-04-01,0,False,True
Vitamin A 100.000 IU (Retinol),Botol @50,2025-05-01,0,False,False
Vitamin A 100.000 IU (Retinol),Botol @50,2025-06-01,0,False,False
Vitamin A 100.000 IU (Retinol),Botol @50,2025-07-01,0,False,False
Vitamin A 100.000 IU (Retinol),Botol @50,2025-08-01,0,False,False
Vitamin A 100.000 IU (Retinol),Botol @50,2025-09-01,0,False,False
Vitamin A 100.000 IU (Retinol),Botol @50,2025-10-01,0,False,False
Vitamin A 100.000 IU (Retinol),Botol @50,2025-11-01,0,False,False
Vitamin A 100.000 IU (Retinol),Botol @50,2025-12-01,0,False,False
Vitamin A 100.000 IU (Retinol),Botol @50,2026-01-01,0,False,False
Vitamin A 100.000 IU (Retinol),Botol @50,2026-02-01,0,False,False
Vitamin A 200.000 IU (Retinol),Botol @51,2024-01-01,94,True,False
Vitamin A 200.000 IU (Retinol),Botol @51,2024-02-01,0,True,False
Vitamin A 200.000 IU (Retinol),Botol @51,2024-03-01,0,True,False
Vitamin A 200.000 IU (Retinol),Botol @51,2024-04-01,0,True,False
Vitamin A 200.000 IU (Retinol),Botol @51,2024-05-01,0,True,False
Vitamin A 200.000 IU (Retinol),Botol @51,2024-06-01,94,True,False
Vitamin A 200.000 IU (Retinol),Botol @51,2024-07-01,0,True,False
Vitamin A 200.000 IU (Retinol),Botol @51,2024-08-01,0,True,False
Vitamin A 200.000 IU (Retinol),Botol @51,2024-09-01,0,True,False
Vitamin A 200.000 IU (Retinol),Botol @51,2024-10-01,0,True,False
Vitamin A 200.000 IU (Retinol),Botol @51,2024-11-01,0,True,False
Vitamin A 200.000 IU (Retinol),Botol @51,2024-12-01,0,True,False
Vitamin A 200.000 IU (Retinol),Botol @51,2025-01-01,0,False,False
Vitamin A 200.000 IU (Retinol),Botol @51,2025-02-01,0,False,False
Vitamin A 200.000 IU (Retinol),Botol @51,2025-03-01,0,False,False
Vitamin A 200.000 IU (Retinol),Botol @51,2025-04-01,0,False,True
Vitamin A 200.000 IU (Retinol),Botol @51,2025-05-01,0,False,False
Vitamin A 200.000 IU (Retinol),Botol @51,2025-06-01,0,False,False
Vitamin A 200.000 IU (Retinol),Botol @51,2025-07-01,0,False,False
Vitamin A 200.000 IU (Retinol),Botol @51,2025-08-01,0,False,False
Vitamin A 200.000 IU (Retinol),Botol @51,2025-09-01,0,False,False
Vitamin A 200.000 IU (Retinol),Botol @51,2025-10-01,0,False,False
Vitamin A 200.000 IU (Retinol),Botol @51,2025-11-01,0,False,False
Vitamin A 200.000 IU (Retinol),Botol @51,2025-12-01,0,False,False
Vitamin A 200.000 IU (Retinol),Botol @51,2026-01-01,0,False,False
Vitamin A 200.000 IU (Retinol),Botol @51,2026-02-01,0,False,False
Vitamin B6 25 mg,Tablet,2024-01-01,0,True,False
Vitamin B6 25 mg,Tablet,2024-02-01,0,True,False
Vitamin B6 25 mg,Tablet,2024-03-01,0,False,False
Vitamin B6 25 mg,Tablet,2024-04-01,0,False,False
Vitamin B6 25 mg,Tablet,2024-05-01,0,False,False
Vitamin B6 25 mg,Tablet,2024-06-01,0,False,False
Vitamin B6 25 mg,Tablet,2024-07-01,0,False,False
Vitamin B6 25 mg,Tablet,2024-08-01,0,False,False
Vitamin B6 25 mg,Tablet,2024-09-01,0,False,False
Vitamin B6 25 mg,Tablet,2024-10-01,0,False,False
Vitamin B6 25 mg,Tablet,2024-11-01,0,False,False
Vitamin B6 25 mg,Tablet,2024-12-01,0,False,False
Vitamin B6 25 mg,Tablet,2025-01-01,0,False,False
Vitamin B6 25 mg,Tablet,2025-02-01,0,False,False
Vitamin B6 25 mg,Tablet,2025-03-01,0,False,False
Vitamin B6 25 mg,Tablet,2025-04-01,0,False,True
Vitamin B6 25 mg,Tablet,2025-05-01,0,False,False
Vitamin B6 25 mg,Tablet,2025-06-01,0,False,False
Vitamin B6 25 mg,Tablet,2025-07-01,0,False,False
Vitamin B6 25 mg,Tablet,2025-08-01,0,False,False
Vitamin B6 25 mg,Tablet,2025-09-01,0,False,False
Vitamin B6 25 mg,Tablet,2025-10-01,0,False,False
Vitamin B6 25 mg,Tablet,2025-11-01,0,False,False
Vitamin B6 25 mg,Tablet,2025-12-01,0,False,False
Vitamin B6 25 mg,Tablet,2026-01-01,0,False,False
Vitamin B6 25 mg,Tablet,2026-02-01,0,False,False
Vitamin C tab effervecent / Caldece,Tidak Diketahui,2024-01-01,0,False,False
Vitamin C tab effervecent / Caldece,Tidak Diketahui,2024-02-01,0,False,False
Vitamin C tab effervecent / Caldece,Tidak Diketahui,2024-03-01,0,False,False
Vitamin C tab effervecent / Caldece,Tidak Diketahui,2024-04-01,0,False,False
Vitamin C tab effervecent / Caldece,Tidak Diketahui,2024-05-01,0,False,False
Vitamin C tab effervecent / Caldece,Tidak Diketahui,2024-06-01,0,False,False
Vitamin C tab effervecent / Caldece,Tidak Diketahui,2024-07-01,0,False,False
Vitamin C tab effervecent / Caldece,Tidak Diketahui,2024-08-01,0,False,False
Vitamin C tab effervecent / Caldece,Tidak Diketahui,2024-09-01,0,False,False
Vitamin C tab effervecent / Caldece,Tidak Diketahui,2024-10-01,0,False,False
Vitamin C tab effervecent / Caldece,Tidak Diketahui,2024-11-01,0,False,False
Vitamin C tab effervecent / Caldece,Tidak Diketahui,2024-12-01,0,False,False
Vitamin C tab effervecent / Caldece,Tidak Diketahui,2025-01-01,0,True,False
Vitamin C tab effervecent / Caldece,Tidak Diketahui,2025-02-01,0,True,False
Vitamin C tab effervecent / Caldece,Tidak Diketahui,2025-03-01,0,True,False
Vitamin C tab effervecent / Caldece,Tidak Diketahui,2025-04-01,0,False,True
Vitamin C tab effervecent / Caldece,Tidak Diketahui,2025-05-01,0,True,False
Vitamin C tab effervecent / Caldece,Tidak Diketahui,2025-06-01,0,True,False
Vitamin C tab effervecent / Caldece,Tidak Diketahui,2025-07-01,0,True,False
Vitamin C tab effervecent / Caldece,Tidak Diketahui,2025-08-01,0,True,False
Vitamin C tab effervecent / Caldece,Tidak Diketahui,2025-09-01,0,True,False
Vitamin C tab effervecent / Caldece,Tidak Diketahui,2025-10-01,0,True,False
Vitamin C tab effervecent / Caldece,Tidak Diketahui,2025-11-01,0,True,False
Vitamin C tab effervecent / Caldece,Tidak Diketahui,2025-12-01,0,True,False
Vitamin C tab effervecent / Caldece,Tidak Diketahui,2026-01-01,0,False,False
Vitamin C tab effervecent / Caldece,Tidak Diketahui,2026-02-01,0,False,False
Vitamin D 1000 IU,Tablet,2024-01-01,0,True,False
Vitamin D 1000 IU,Tablet,2024-02-01,0,True,False
Vitamin D 1000 IU,Tablet,2024-03-01,0,False,False
Vitamin D 1000 IU,Tablet,2024-04-01,0,False,False
Vitamin D 1000 IU,Tablet,2024-05-01,0,False,False
Vitamin D 1000 IU,Tablet,2024-06-01,0,False,False
Vitamin D 1000 IU,Tablet,2024-07-01,0,False,False
Vitamin D 1000 IU,Tablet,2024-08-01,0,False,False
Vitamin D 1000 IU,Tablet,2024-09-01,0,False,False
Vitamin D 1000 IU,Tablet,2024-10-01,0,False,False
Vitamin D 1000 IU,Tablet,2024-11-01,0,False,False
Vitamin D 1000 IU,Tablet,2024-12-01,0,False,False
Vitamin D 1000 IU,Tablet,2025-01-01,0,False,False
Vitamin D 1000 IU,Tablet,2025-02-01,0,False,False
Vitamin D 1000 IU,Tablet,2025-03-01,0,False,False
Vitamin D 1000 IU,Tablet,2025-04-01,0,False,True
Vitamin D 1000 IU,Tablet,2025-05-01,0,False,False
Vitamin D 1000 IU,Tablet,2025-06-01,0,False,False
Vitamin D 1000 IU,Tablet,2025-07-01,0,False,False
Vitamin D 1000 IU,Tablet,2025-08-01,0,False,False
Vitamin D 1000 IU,Tablet,2025-09-01,0,False,False
Vitamin D 1000 IU,Tablet,2025-10-01,0,False,False
Vitamin D 1000 IU,Tablet,2025-11-01,0,False,False
Vitamin D 1000 IU,Tablet,2025-12-01,0,False,False
Vitamin D 1000 IU,Tablet,2026-01-01,0,False,False
Vitamin D 1000 IU,Tablet,2026-02-01,0,False,False
Zinc syr,Botol,2024-01-01,0,True,False
Zinc syr,Botol,2024-02-01,0,True,False
Zinc syr,Botol,2024-03-01,0,True,False
Zinc syr,Botol,2024-04-01,0,True,False
Zinc syr,Botol,2024-05-01,0,True,False
Zinc syr,Botol,2024-06-01,0,True,False
Zinc syr,Botol,2024-07-01,0,True,False
Zinc syr,Botol,2024-08-01,0,True,False
Zinc syr,Botol,2024-09-01,0,True,False
Zinc syr,Botol,2024-10-01,0,True,False
Zinc syr,Botol,2024-11-01,0,True,False
Zinc syr,Botol,2024-12-01,0,True,False
Zinc syr,Botol,2025-01-01,0,True,False
Zinc syr,Botol,2025-02-01,0,True,False
Zinc syr,Botol,2025-03-01,0,True,False
Zinc syr,Botol,2025-04-01,0,False,True
Zinc syr,Botol,2025-05-01,0,True,False
Zinc syr,Botol,2025-06-01,0,True,False
Zinc syr,Botol,2025-07-01,0,True,False
Zinc syr,Botol,2025-08-01,0,True,False
Zinc syr,Botol,2025-09-01,0,True,False
Zinc syr,Botol,2025-10-01,0,True,False
Zinc syr,Botol,2025-11-01,0,True,False
Zinc syr,Botol,2025-12-01,0,True,False
Zinc syr,Botol,2026-01-01,0,True,False
Zinc syr,Botol,2026-02-01,0,True,False
Zink Sulfat syr,Botol,2024-01-01,0,False,False
Zink Sulfat syr,Botol,2024-02-01,0,False,False
Zink Sulfat syr,Botol,2024-03-01,0,False,False
Zink Sulfat syr,Botol,2024-04-01,0,False,False
Zink Sulfat syr,Botol,2024-05-01,0,False,False
Zink Sulfat syr,Botol,2024-06-01,0,False,False
Zink Sulfat syr,Botol,2024-07-01,0,False,False
Zink Sulfat syr,Botol,2024-08-01,0,False,False
Zink Sulfat syr,Botol,2024-09-01,0,False,False
Zink Sulfat syr,Botol,2024-10-01,0,False,False
Zink Sulfat syr,Botol,2024-11-01,0,False,False
Zink Sulfat syr,Botol,2024-12-01,0,False,False
Zink Sulfat syr,Botol,2025-01-01,0,False,False
Zink Sulfat syr,Botol,2025-02-01,0,False,False
Zink Sulfat syr,Botol,2025-03-01,0,False,False
Zink Sulfat syr,Botol,2025-04-01,0,False,True
Zink Sulfat syr,Botol,2025-05-01,0,False,False
Zink Sulfat syr,Botol,2025-06-01,0,False,False
Zink Sulfat syr,Botol,2025-07-01,9,True,False
Zink Sulfat syr,Botol,2025-08-01,11,True,False
Zink Sulfat syr,Botol,2025-09-01,7,True,False
Zink Sulfat syr,Botol,2025-10-01,2,True,False
Zink Sulfat syr,Botol,2025-11-01,3,True,False
Zink Sulfat syr,Botol,2025-12-01,4,True,False
Zink Sulfat syr,Botol,2026-01-01,0,True,False
Zink Sulfat syr,Botol,2026-02-01,10,True,False
Zink tab,Tablet,2024-01-01,900,True,False
Zink tab,Tablet,2024-02-01,70,True,False
Zink tab,Tablet,2024-03-01,0,True,False
Zink tab,Tablet,2024-04-01,150,True,False
Zink tab,Tablet,2024-05-01,50,True,False
Zink tab,Tablet,2024-06-01,220,True,False
Zink tab,Tablet,2024-07-01,100,True,False
Zink tab,Tablet,2024-08-01,160,True,False
Zink tab,Tablet,2024-09-01,30,True,False
Zink tab,Tablet,2024-10-01,160,True,False
Zink tab,Tablet,2024-11-01,0,True,False
Zink tab,Tablet,2024-12-01,230,True,False
Zink tab,Tablet,2025-01-01,200,True,False
Zink tab,Tablet,2025-02-01,0,True,False
Zink tab,Tablet,2025-03-01,60,True,False
Zink tab,Tablet,2025-04-01,30,False,True
Zink tab,Tablet,2025-05-01,0,True,False
Zink tab,Tablet,2025-06-01,0,True,False
Zink tab,Tablet,2025-07-01,0,True,False
Zink tab,Tablet,2025-08-01,60,True,False
Zink tab,Tablet,2025-09-01,140,True,False
Zink tab,Tablet,2025-10-01,140,True,False
Zink tab,Tablet,2025-11-01,450,True,False
Zink tab,Tablet,2025-12-01,290,True,False
Zink tab,Tablet,2026-01-01,141,True,False
Zink tab,Tablet,2026-02-01,139,True,False
